file_name,libressl_3,boringssl_0,sim_value,ABCDE,1 or 0,vulseeker,gemini,kaist,ufbls,safe
a_object.c_a_object.c,a2d_ASN1_OBJECT,a2d_ASN1_OBJECT,0.93282312,D,1,0.997851193,0.976586504,0.72663955,"0.9798242
","0.79519725
"
x509_alt.c_v3_alt.c,a2i_GENERAL_NAME,a2i_GENERAL_NAME,0.969497597,C,1,0.986825049,0.976561288,0.683644187,"0.5476152
","0.8396463
"
by_dir.c_by_dir.c,add_cert_dir,add_cert_dir,0.966946655,C,1,0.991500914,0.95910367,0.749590056,"0.47710213
","0.8636967
"
e_aes.c_e_aes.c,aead_aes_gcm_open,aead_aes_gcm_open,0.875500973,E,1,0,0.956723293,0,"0.87666154
","0.8624792
"
e_aes.c_e_aes.c,aead_aes_gcm_open,aead_aes_gcm_seal,0.857782964,E,0,0,0.972878795,0,"0.8225325
","0.8726348
"
e_aes.c_e_aes.c,aes_gcm_ctrl,aes_gcm_ctrl,0.907690262,D,1,0.995090127,0.326532941,0.550120107,"0.30392638
","0.7822501
"
t_pkey.c_print.c,ASN1_bn_print,bn_print,0.941923895,E,1,0,0.979436054,0.658441966,"0.94485146
","0.84457576
"
tasn_dec.c_tasn_dec.c,asn1_check_tlen,asn1_check_tlen,0.995547713,C,1,0.995144844,0.977337134,0.712034581,"0.9197811
","0.85635847
"
tasn_dec.c_tasn_dec.c,asn1_d2i_ex_primitive,asn1_d2i_ex_primitive,0.983658008,D,1,0.998362362,0.972889911,0.671317385,"0.9627754
","0.8922813
"
a_d2i_fp.c_a_d2i_fp.c,asn1_d2i_read_bio,asn1_d2i_read_bio,0.903116529,C,1,0.995705903,0.904024101,0.673307027,"0.959863
","0.7682212
"
tasn_utl.c_tasn_utl.c,asn1_do_adb,asn1_do_adb,0.947095741,C,1,0.296252578,0.953881404,0.698622075,"0.5916398
","0.7840717
"
tasn_dec.c_tasn_dec.c,asn1_ex_c2i,asn1_ex_c2i,0.957937267,E,1,0.996670425,0.957513189,0.823624959,"0.882416
","0.86782104
"
tasn_dec.c_tasn_new.c,asn1_ex_c2i,ASN1_primitive_new,0.809488294,E,0,0.967657447,0.96061161,0.667447342,"0.6091437
","0.47111538
"
tasn_enc.c_tasn_enc.c,asn1_ex_i2c,asn1_ex_i2c,0.949675909,E,1,0.989866436,0.941962079,0.718808797,"0.7946732
","0.676456
"
asn1_gen.c_asn1_gen.c,ASN1_generate_v3,ASN1_generate_v3,0.920814322,D,1,0.985178053,0.958547443,0.488232354,"0.9450292
","0.8678848
"
tasn_fre.c_tasn_fre.c,asn1_item_combine_free,asn1_item_combine_free,0.890388459,E,1,0.984008372,0.823398604,0.604727393,"0.87546194
","0.6026663
"
tasn_fre.c_tasn_new.c,asn1_item_combine_free,asn1_item_ex_combine_new,0.849167996,E,0,0.991652548,0.775537372,0.546991009,"0.90157694
","0.6190649
"
tasn_new.c_tasn_fre.c,asn1_item_ex_combine_new,asn1_item_combine_free,0.827478961,E,0,0.994150639,0.782192069,0.671614105,"0.7698082
","0.71237415
"
tasn_new.c_tasn_new.c,asn1_item_ex_combine_new,asn1_item_ex_combine_new,0.924431672,E,1,0.988122284,0.718895122,0.65348299,"0.8173368
","0.76820445
"
tasn_dec.c_tasn_dec.c,asn1_item_ex_d2i,ASN1_item_ex_d2i,0.921796706,E,1,0,0.988641415,0.780921606,"0.7794136
","0.9305997
"
tasn_enc.c_tasn_enc.c,ASN1_item_ex_i2d,ASN1_item_ex_i2d,0.934598885,E,1,0.997358501,0.980937886,0.539403496,"0.9026013
","0.81164885
"
a_mbstr.c_a_mbstr.c,ASN1_mbstring_ncopy,ASN1_mbstring_ncopy,0.913547192,E,1,0.994149387,0.972086158,0.653992346,"0.84907866
","0.8695468
"
asn1_gen.c_asn1_gen.c,asn1_multi,asn1_multi,0.966387072,D,1,0,0,0,"0
",0
tasn_fre.c_tasn_fre.c,ASN1_primitive_free,ASN1_primitive_free,0.959082636,D,1,0.951177478,0.916162161,0.776771176,"0.7083947
","0.75709134
"
tasn_fre.c_tasn_new.c,ASN1_primitive_free,ASN1_primitive_new,0.823765867,E,0,0.932706118,0.840227387,0.749407593,"0.3135313
","0.7203046
"
tasn_new.c_tasn_fre.c,ASN1_primitive_new,ASN1_primitive_free,0.81523492,E,0,0.975051582,0.947127448,0.740496917,"0.44255912
","0.60588133
"
tasn_new.c_tasn_new.c,ASN1_primitive_new,ASN1_primitive_new,0.961432678,D,1,0.976171315,0.939016287,0.779356039,"0.5807652
","0.5765083
"
tasn_enc.c_tasn_enc.c,asn1_set_seq_out,asn1_set_seq_out,0.918796329,D,1,0,0,0,"0
",0
tasn_dec.c_tasn_dec.c,asn1_template_ex_d2i,asn1_template_ex_d2i,0.988044566,E,1,0.928372204,0.975060802,0.814530296,"0.8904355
","0.92277086
"
tasn_enc.c_tasn_enc.c,asn1_template_ex_i2d,asn1_template_ex_i2d,0.969530839,E,1,0.992510259,0.973508666,0.590846473,"0.93186796
","0.9088698
"
tasn_dec.c_tasn_dec.c,asn1_template_noexp_d2i,asn1_template_ex_d2i,0.809602379,E,1,0.935990512,0.91723871,0.507625906,"0.8787205
","0.9224036
"
tasn_dec.c_tasn_dec.c,asn1_template_noexp_d2i,asn1_template_noexp_d2i,0.93351168,E,0,0.992115855,0.955717431,0.676236528,"0.9552614
","0.8443404
"
a_time_tm.c_a_utctm.c,ASN1_time_parse,ASN1_UTCTIME_adj,0.813369745,E,0,0.864727855,0.968616292,0.488798327,"0.7213015
","0.56500113
"
bio_b64.c_base64_bio.c,b64_read,b64_read,0.827193364,C,1,0,0.988400987,0,"0.8779262
",0
bio_b64.c_base64_bio.c,b64_write,b64_write,0.827708227,C,1,0,0.917874867,0,"0.97984344
",0
bn_div.c_div.c,BN_div_internal,BN_div,0.818135536,E,1,0.991038501,0.923644329,0.667304682,"0.9662539
","0.861248
"
bn_mont.c_montgomery.c,BN_from_montgomery_word,BN_from_montgomery_word,0.897786864,E,1,0.767437696,0.891146998,0.45505389,"0.92205644
","0.8933964
"
bn_prime.c_prime.c,BN_is_prime_fasttest_ex,BN_is_prime_fasttest_ex,0.948630824,D,1,0.998431981,0.828106712,0.678643208,"0.98499376
","0.7902033
"
bn_exp.c_exponentiation.c,BN_mod_exp_mont_consttime,BN_mod_exp_mont_consttime,0.830440088,E,1,0.996692836,0.919563365,0.623630705,"0
","0.9093057
"
bn_exp.c_exponentiation.c,BN_mod_exp_mont_internal,BN_mod_exp_mont,0.885378775,E,1,0.996335685,0.912116632,0.663932707,"0.94011706
","0.9043889
"
bn_exp.c_exponentiation.c,BN_mod_exp_mont_word,BN_mod_exp_mont,0.814985978,E,0,0.99725014,0.89601989,0.565320243,"0.9412174
","0.79018426
"
bn_exp.c_exponentiation.c,BN_mod_exp_recp,mod_exp_recp,0.918262306,E,1,0.997667015,0.91467607,0.755130869,"0.8989329
","0.92570716
"
bn_exp2.c_exponentiation.c,BN_mod_exp2_mont,BN_mod_exp_mont,0.887985655,E,0,0.997400105,0.959097736,0.608556097,"0.9848266
","0.9380062
"
bn_gcd.c_sqrt.c,BN_mod_inverse_internal,BN_mod_sqrt,0.856899686,E,0,0.999011993,0.974852482,0.657778981,"0
","0.80922323
"
bn_sqrt.c_sqrt.c,BN_mod_sqrt,BN_mod_sqrt,0.90596634,D,1,0.998943985,0.971178947,0.803001271,"0
","0.78928757
"
by_mem.c_by_file.c,by_mem_ctrl,X509_load_cert_crl_file,0.844156593,E,1,-0.294204414,0.850299897,0.652476209,"0.7223003
","0.73230875
"
a_bitstr.c_a_bitstr.c,c2i_ASN1_BIT_STRING,c2i_ASN1_BIT_STRING,0.948914585,D,1,0.973505676,0.985554483,0.764613303,"0.90879375
","0.7746931
"
a_bitstr.c_a_int.c,c2i_ASN1_BIT_STRING,c2i_ASN1_INTEGER,0.883855175,E,0,0.972360432,0.951984323,0.493386894,"0.8525636
","0.66715574
"
a_bitstr.c_a_int.c,c2i_ASN1_BIT_STRING,d2i_ASN1_UINTEGER,0.866638083,E,0,0.971053779,0.976322179,0.674497376,"0.7430565
","0.7149118
"
a_int.c_a_bitstr.c,c2i_ASN1_INTEGER,c2i_ASN1_BIT_STRING,0.913647548,E,0,0.974906206,0.971258794,0.538686426,"0.9398715
","0.71990025
"
a_int.c_a_int.c,c2i_ASN1_INTEGER,c2i_ASN1_INTEGER,0.940925569,D,1,0.994092762,0.990935402,0.660559611,"0.9393305
","0.8765392
"
a_int.c_a_int.c,c2i_ASN1_INTEGER,d2i_ASN1_UINTEGER,0.899763299,E,0,0.973948359,0.983892856,0.489845206,"0.8180829
","0.8091238
"
a_object.c_a_object.c,c2i_ASN1_OBJECT,c2i_ASN1_OBJECT,0.929585933,D,1,0.991303921,0.937157864,0.683711897,"0.649363
","0.83247274
"
c_cfb64.c_cast.c,CAST_cfb64_encrypt,CAST_cfb64_encrypt,0.977564731,A,1,0,0.948227013,0,"0.92705303
",0
c_ofb64.c_cast.c,CAST_ofb64_encrypt,CAST_cfb64_encrypt,0.958703446,E,0,0,0.952199468,0,"0.90028286
",0
bs_ber.c_ber.c,cbs_convert_indefinite,cbs_convert_ber,0.85038245,E,0,0,0.84005071,0,"0.8602494
",0
bs_cbs.c_cbs.c,cbs_get_any_asn1_element_internal,cbs_get_any_asn1_element,0.931108793,E,1,0,0.972609654,0.515121465,"0.92728055
","0.5157428
"
x509_vfy.c_x509_vfy.c,check_trust,check_trust,0.958040912,A,1,0.850745618,0.955649142,0.701257009,"0.6852308
","0.78379387
"
ec_mult.c_wnaf.c,compute_wNAF,compute_wNAF,0.875523507,C,1,0.994073093,0.937838691,0.764489367,"0.9374482
","0.83623093
"
bss_conn.c_connect.c,conn_ctrl,conn_ctrl,0.911686543,E,1,0,0.151854133,0,"0.31542948
",0
bss_conn.c_connect.c,conn_state,conn_state,0.812639111,E,1,0,0.095557214,0,"0.54403794
",0
x509_alt.c_v3_alt.c,copy_email,copy_email,0.943578099,C,1,0.909843087,0.994711033,0.77088565,"0.62483066
","0.74786896
"
x509_alt.c_v3_alt.c,copy_email,copy_issuer,0.806725887,E,0,0.905834258,0.979761162,0.769139102,"0.34548947
","0.8010292
"
x509_vfy.c_x509_vfy.c,crl_akid_check,crl_akid_check,0.960887238,D,1,0,0,0,"0
",0
x509_vfy.c_x509_vfy.c,crl_akid_check,get_crl_score,0.802148963,E,0,0,0,0,"0
",0
x_crl.c_x_crl.c,crl_cb,crl_cb,0.982426379,E,1,0.97025007,0.857329286,0.517375578,"0.82078016
","0.7467055
"
x_crl.c_x_crl.c,crl_set_issuers,crl_set_issuers,0.967402278,E,1,0,0,0,"0
",0
cbc128.c_cbc.c,CRYPTO_cbc128_decrypt,CRYPTO_cbc128_decrypt,0.92005178,D,1,0.992719412,0.952738083,0.580338804,"0.9268995
","0.63116384
"
cbc128.c_cfb.c,CRYPTO_cbc128_decrypt,CRYPTO_cfb128_encrypt,0.830319016,E,0,0.988987684,0.970114749,0.638980199,"0.94562453
","0.60517025
"
cbc128.c_ctr.c,CRYPTO_cbc128_decrypt,CRYPTO_ctr128_encrypt,0.816743648,E,0,0.967037082,0.956907232,0.535821282,"0.9704071
","0.5587468
"
ctr128.c_ctr.c,CRYPTO_ctr128_encrypt_ctr32,CRYPTO_ctr128_encrypt_ctr32,0.860938516,C,1,0.984840333,0.970158109,0.569152695,"0.9201908
","0.56992495
"
gcm128.c_gcm.c,CRYPTO_gcm128_aad,CRYPTO_gcm128_aad,0.994026109,E,1,0.967702806,0.963686818,0.55226769,"0.77546734
","0.7623981
"
gcm128.c_gcm.c,CRYPTO_gcm128_aad,CRYPTO_gcm128_decrypt,0.866965563,E,0,0.974210322,0.956231994,0.459246405,"0.78301865
","0.6003217
"
gcm128.c_gcm.c,CRYPTO_gcm128_aad,CRYPTO_gcm128_decrypt_ctr32,0.843409196,E,0,0.943522453,0.924695779,0.488388036,"0.7150079
","0.58315665
"
gcm128.c_gcm.c,CRYPTO_gcm128_aad,CRYPTO_gcm128_encrypt,0.865827404,E,0,0.98925519,0.955652479,0.45844606,"0.7679942
","0.5509278
"
gcm128.c_gcm.c,CRYPTO_gcm128_aad,CRYPTO_gcm128_encrypt_ctr32,0.877982687,E,0,0.914910018,0.92438846,0.489813601,"0.767854
","0.5781436
"
gcm128.c_gcm.c,CRYPTO_gcm128_aad,CRYPTO_gcm128_setiv,0.85539188,E,0,-0.076927744,0.890961582,0.434366548,"0.7963731
","0.6672172
"
gcm128.c_gcm.c,CRYPTO_gcm128_decrypt_ctr32,CRYPTO_gcm128_aad,0.882025457,E,0,0.907539308,0.992953981,0.676400053,"0.90538114
","0.7847007
"
gcm128.c_gcm.c,CRYPTO_gcm128_decrypt_ctr32,CRYPTO_gcm128_decrypt,0.894113151,E,1,0.900188684,0.974465449,0.570173647,"0.936101
","0.8440011
"
gcm128.c_gcm.c,CRYPTO_gcm128_decrypt_ctr32,CRYPTO_gcm128_decrypt_ctr32,0.930193604,E,0,0.947132468,0.973128796,0.630586332,"0.9034721
","0.8490863
"
gcm128.c_gcm.c,CRYPTO_gcm128_decrypt_ctr32,CRYPTO_gcm128_encrypt,0.888697642,E,0,0.879046977,0.973241907,0.570816082,"0.93485427
","0.7877904
"
gcm128.c_gcm.c,CRYPTO_gcm128_decrypt_ctr32,CRYPTO_gcm128_encrypt_ctr32,0.937901856,E,0,0.922311604,0.972815903,0.632791812,"0.935243
","0.82572085
"
gcm128.c_gcm.c,CRYPTO_gcm128_decrypt_ctr32,CRYPTO_gcm128_setiv,0.811028028,E,0,0.061141435,0.944886387,0.553854136,"0.8803021
","0.604463
"
gcm128.c_gcm.c,CRYPTO_gcm128_encrypt_ctr32,CRYPTO_gcm128_aad,0.890241687,E,1,0.977001309,0.990361904,0.702360067,"0.8472887
","0.8622356
"
gcm128.c_gcm.c,CRYPTO_gcm128_encrypt_ctr32,CRYPTO_gcm128_decrypt,0.892863102,E,0,0.96126157,0.973125937,0.561392406,"0.8733947
","0.8416662
"
gcm128.c_gcm.c,CRYPTO_gcm128_encrypt_ctr32,CRYPTO_gcm128_decrypt_ctr32,0.927525589,E,0,0.96305114,0.974017172,0.621935012,"0.8163485
","0.82204384
"
gcm128.c_gcm.c,CRYPTO_gcm128_encrypt_ctr32,CRYPTO_gcm128_encrypt,0.89057824,E,0,0.975981832,0.974660575,0.561747863,"0.86454237
","0.78691864
"
gcm128.c_gcm.c,CRYPTO_gcm128_encrypt_ctr32,CRYPTO_gcm128_encrypt_ctr32,0.939999496,E,0,0.93480587,0.97387958,0.623843596,"0.86284274
","0.83590657
"
gcm128.c_gcm.c,CRYPTO_gcm128_encrypt_ctr32,CRYPTO_gcm128_setiv,0.812418212,E,0,-0.055382594,0.954134189,0.56246696,"0.86319476
","0.6699825
"
gcm128.c_gcm.c,CRYPTO_gcm128_setiv,CRYPTO_gcm128_aad,0.863642076,E,1,0.933755815,0.980203658,0.581664778,"0.74321455
","0.71557415
"
gcm128.c_gcm.c,CRYPTO_gcm128_setiv,CRYPTO_gcm128_decrypt,0.822077291,E,0,0.954125106,0.96527463,0.527143501,"0.759088
","0.7079683
"
gcm128.c_gcm.c,CRYPTO_gcm128_setiv,CRYPTO_gcm128_encrypt,0.821163517,E,0,0.961364686,0.95792673,0.525500542,"0.7406693
","0.67154455
"
gcm128.c_gcm.c,CRYPTO_gcm128_setiv,CRYPTO_gcm128_encrypt_ctr32,0.804586703,E,0,0.872907519,0.975793524,0.553125779,"0.72024053
","0.6626274
"
gcm128.c_gcm.c,CRYPTO_gcm128_setiv,CRYPTO_gcm128_setiv,0.942952886,E,0,0.015542919,0.970308284,0.499727232,"0.7739536
","0.64408416
"
xts128.c_xts.c,CRYPTO_xts128_encrypt,CRYPTO_xts128_encrypt,0.935871383,C,1,0,0.968345902,0,"0.9615684
",0
a_int.c_a_bitstr.c,d2i_ASN1_UINTEGER,c2i_ASN1_BIT_STRING,0.895452864,E,0,0.947463095,0.984319175,0.664836196,"0.71294785
","0.78509134
"
a_int.c_a_int.c,d2i_ASN1_UINTEGER,c2i_ASN1_INTEGER,0.894536588,D,1,0.955008328,0.963969745,0.501764081,"0.8221013
","0.596599
"
a_int.c_a_int.c,d2i_ASN1_UINTEGER,d2i_ASN1_UINTEGER,0.942153515,E,0,0.969443858,0.992871169,0.818446749,"0.9362237
","0.7972047
"
pem_pk8.c_pem_pk8.c,d2i_PKCS8PrivateKey_bio,d2i_PKCS8PrivateKey_bio,0.927693492,D,1,0.340303063,0.976102379,0.789622405,"0.7679565
","0.8612394
"
pem_pk8.c_pem_pkey.c,d2i_PKCS8PrivateKey_bio,PEM_read_bio_PrivateKey,0.819122186,E,1,0.257458121,0.924646999,0.607141295,"0.84509397
","0.8222403
"
cfb64ede.c_cfb64ede.c,DES_ede3_cfb_encrypt,DES_ede3_cfb_encrypt,0.816737714,A,1,0,0.969944285,0,"0.9201781
",0
a_strex.c_a_strex.c,do_buf,do_buf,0.983969271,B/D,1,0.985568345,0.942297353,0.587818646,"0.928656
","0.834292
"
x509_conf.c_v3_conf.c,do_ext_nconf,do_ext_nconf,0.977525087,E,1,0.979719281,0.989318374,0.79618392,"0.24230552
","0.8273156
"
a_strex.c_a_strex.c,do_name_ex,do_name_ex,0.973283677,A,1,0.995931029,0.872689186,0.65535122,"0.95969296
","0.839577
"
x509_alt.c_v3_alt.c,do_othername,do_othername,0.975118127,D,1,0,0,0,"0
",0
pem_pk8.c_pem_pk8.c,do_pk8pkey,do_pk8pkey,0.912306531,C,1,0.886232674,0.982838717,0.775658414,"0.8803448
","0.87225443
"
a_strex.c_a_strex.c,do_print_ex,do_print_ex,0.936459007,A,1,0.989646792,0.944596596,0.562292297,"0.92197996
","0.9252969
"
x509_utl.c_v3_utl.c,do_x509_check,do_x509_check,0.950724788,B/D,1,0.996916771,0.985485272,0.635622417,"0.97811866
","0.8862371
"
dsa_gen.c_dsa.c,dsa_builtin_paramgen,DSA_generate_parameters_ex,0.944502062,E,1,0.997862995,0.914998433,0.616421545,"0.9361306
","0.88164806
"
dsa_ossl.c_dsa.c,dsa_do_sign,DSA_do_sign,0.893096847,E,1,0.981846571,0.87911631,0.618841285,"0.79566723
","0.82733876
"
dsa_ossl.c_dsa.c,dsa_do_verify,DSA_do_check_signature,0.835895401,E,1,0,0.984823758,0.738990521,"0.8706062
","0.909074
"
ec2_smpl.c_simple.c,ec_GF2m_simple_add,ec_GFp_simple_add,0.826723119,E,0,0.998093843,0.930268581,0.708471001,"0.53798985
","0.7799377
"
ec2_smpl.c_simple.c,ec_GF2m_simple_add,ec_GFp_simple_cmp,0.814281193,E,0,0.976035178,0.977303854,0.681370739,"0.50929654
","0.85070634
"
ec2_smpl.c_simple.c,ec_GF2m_simple_add,ec_GFp_simple_is_on_curve,0.804926128,E,0,0.975226641,0.981272079,0.676253343,"0.5053575
","0.79460263
"
ec2_smpl.c_oct.c,ec_GF2m_simple_add,ec_GFp_simple_oct2point,0.880826248,E,1,0.985085666,0.982108738,0.625635102,"0.5798119
","0.74888897
"
ec2_smpl.c_oct.c,ec_GF2m_simple_add,ec_GFp_simple_point2oct,0.876608516,E,0,0.989775181,0.96747914,0.625936278,"0.5410787
","0.620291
"
ec2_smpl.c_oct.c,ec_GF2m_simple_add,ec_GFp_simple_set_compressed_coordinates,0.823482357,E,0,0.991330564,0.983291413,0.692180904,"0.53992456
","0.77544034
"
ec2_smpl.c_simple.c,ec_GF2m_simple_is_on_curve,ec_GFp_simple_add,0.861199676,E,1,-0.008402023,0.920265703,0.546178867,"0.6153889
","0.64822644
"
ec2_smpl.c_simple.c,ec_GF2m_simple_is_on_curve,ec_GFp_simple_cmp,0.91252057,E,0,-0.008080814,0.971768924,0.622485609,"0.6013293
","0.83500963
"
ec2_smpl.c_simple.c,ec_GF2m_simple_is_on_curve,ec_GFp_simple_dbl,0.879986967,E,0,-0.023880383,0.970847053,0.561696992,"0.63426274
","0.7753796
"
ec2_smpl.c_simple.c,ec_GF2m_simple_is_on_curve,ec_GFp_simple_is_on_curve,0.952040809,E,0,0.012850487,0.978952921,0.632798776,"0.59287125
","0.84119207
"
ec2_oct.c_oct.c,ec_GF2m_simple_oct2point,ec_GFp_simple_oct2point,0.978849392,E,1,0.971829414,0.987789371,0.776380367,"0.90164346
","0.8876298
"
ec2_oct.c_oct.c,ec_GF2m_simple_oct2point,ec_GFp_simple_point2oct,0.896406695,E,0,0.95355463,0.97968963,0.773420114,"0.92185414
","0.83806294
"
ec2_oct.c_oct.c,ec_GF2m_simple_oct2point,ec_GFp_simple_set_compressed_coordinates,0.811429642,E,0,0.960574508,0.985719891,0.721392073,"0.84532344
","0.5073092
"
ec2_oct.c_oct.c,ec_GF2m_simple_point2oct,ec_GFp_simple_oct2point,0.884139125,E,1,0.996832132,0.981710752,0.741578481,"0.8238464
","0.84220684
"
ec2_oct.c_oct.c,ec_GF2m_simple_point2oct,ec_GFp_simple_point2oct,0.923154144,E,0,0.99256891,0.986717452,0.739109981,"0.8077655
","0.8205274
"
ec2_oct.c_oct.c,ec_GF2m_simple_point2oct,ec_GFp_simple_set_compressed_coordinates,0.808087416,E,0,0.99506247,0.981744249,0.700780775,"0.74643505
","0.63162297
"
ec2_oct.c_simple.c,ec_GF2m_simple_set_compressed_coordinates,ec_GFp_simple_cmp,0.802780604,E,0,0.974996805,0.981527948,0.72472148,"0.7486044
","0.8587019
"
ec2_oct.c_simple.c,ec_GF2m_simple_set_compressed_coordinates,ec_GFp_simple_is_on_curve,0.821715532,E,0,0.976092815,0.989388019,0.731174976,"0.74779683
","0.83404773
"
ec2_oct.c_oct.c,ec_GF2m_simple_set_compressed_coordinates,ec_GFp_simple_oct2point,0.902567625,E,1,0.980636954,0.983953801,0.72836143,"0.7937084
","0.7460353
"
ec2_oct.c_oct.c,ec_GF2m_simple_set_compressed_coordinates,ec_GFp_simple_point2oct,0.897831779,E,0,0.986422181,0.965006051,0.721583401,"0.7387157
","0.6008297
"
ec2_oct.c_oct.c,ec_GF2m_simple_set_compressed_coordinates,ec_GFp_simple_set_compressed_coordinates,0.847604985,E,0,0.974942505,0.978930702,0.644418407,"0.77383924
","0.7578097
"
ecp_smpl.c_simple.c,ec_GFp_simple_add,ec_GFp_simple_add,0.9825427,D,1,0.997296393,0.955269323,0.708891868,"0.8098299
","0.7872458
"
ecp_smpl.c_simple.c,ec_GFp_simple_add,ec_GFp_simple_cmp,0.910552833,E,0,0.971476078,0.959733606,0.615336325,"0.7853323
","0.8426769
"
ecp_smpl.c_simple.c,ec_GFp_simple_add,ec_GFp_simple_dbl,0.916583075,E,0,0.981667578,0.963950735,0.649926994,"0.81041014
","0.8336807
"
ecp_smpl.c_simple.c,ec_GFp_simple_add,ec_GFp_simple_is_on_curve,0.941860216,E,0,0.971481383,0.95060889,0.605339759,"0.78147936
","0.84402114
"
ecp_smpl.c_simple.c,ec_GFp_simple_cmp,ec_GFp_simple_add,0.922065247,E,0,0.995300353,0.932967526,0.62678306,"0.8483688
","0.750731
"
ecp_smpl.c_simple.c,ec_GFp_simple_cmp,ec_GFp_simple_cmp,0.971465906,D,1,0.993057847,0.98682785,0.763973238,"0.8597381
","0.9017406
"
ecp_smpl.c_simple.c,ec_GFp_simple_cmp,ec_GFp_simple_dbl,0.912735515,E,0,0.996834457,0.978770286,0.633984869,"0.85521775
","0.8499104
"
ecp_smpl.c_simple.c,ec_GFp_simple_cmp,ec_GFp_simple_is_on_curve,0.973456814,E,0,0.98927927,0.987433422,0.745598357,"0.84508926
","0.86195827
"
ecp_smpl.c_simple.c,ec_GFp_simple_dbl,ec_GFp_simple_add,0.907518977,D,1,0.998771191,0.922241642,0.636194399,"0.7241203
","0.8525072
"
ecp_smpl.c_simple.c,ec_GFp_simple_dbl,ec_GFp_simple_cmp,0.894022646,E,0,0.986811697,0.979089905,0.704091594,"0.69901806
","0.9014269
"
ecp_smpl.c_simple.c,ec_GFp_simple_dbl,ec_GFp_simple_dbl,0.986116034,E,0,0.993366122,0.973232197,0.687764377,"0.7264038
","0.8949985
"
ecp_smpl.c_simple.c,ec_GFp_simple_dbl,ec_GFp_simple_is_on_curve,0.955119116,E,0,0.988121331,0.975146499,0.710611304,"0.6944736
","0.90897095
"
ecp_smpl.c_oct.c,ec_GFp_simple_group_set_curve,ec_GFp_simple_oct2point,0.836780704,E,0,0.824161887,0.977912149,0.669718512,"0.54942966
","0.7103388
"
ecp_smpl.c_oct.c,ec_GFp_simple_group_set_curve,ec_GFp_simple_point2oct,0.83240646,E,0,0.814212739,0.962020234,0.660146213,"0.53498954
","0.54300416
"
ecp_smpl.c_oct.c,ec_GFp_simple_group_set_curve,ec_GFp_simple_set_compressed_coordinates,0.813058575,E,0,0.789228559,0.972385049,0.586522639,"0.52334243
","0.8988663
"
ecp_smpl.c_simple.c,ec_GFp_simple_is_on_curve,ec_GFp_simple_add,0.916246672,D,1,0.964383483,0.927205141,0.585536403,"0.6740856
","0.82356066
"
ecp_smpl.c_simple.c,ec_GFp_simple_is_on_curve,ec_GFp_simple_cmp,0.936973024,E,0,0.981450021,0.979828248,0.678167928,"0.6500653
","0.9323009
"
ecp_smpl.c_simple.c,ec_GFp_simple_is_on_curve,ec_GFp_simple_dbl,0.936494311,E,0,0.978395104,0.978049716,0.612570814,"0.6812779
","0.88267875
"
ecp_smpl.c_simple.c,ec_GFp_simple_is_on_curve,ec_GFp_simple_is_on_curve,0.988489053,E,0,0.984608471,0.983697397,0.708442315,"0.6446835
","0.8914843
"
ecp_oct.c_oct.c,ec_GFp_simple_oct2point,ec_GFp_simple_oct2point,0.981001085,D,1,0.994300961,0.987502079,0.784154479,"0.8916566
","0.8909244
"
ecp_oct.c_oct.c,ec_GFp_simple_oct2point,ec_GFp_simple_point2oct,0.897787312,E,0,0.990436256,0.982373682,0.778226344,"0.9466321
","0.84661996
"
ecp_oct.c_oct.c,ec_GFp_simple_oct2point,ec_GFp_simple_set_compressed_coordinates,0.808635004,E,0,0.989493847,0.985650151,0.706221679,"0.828539
","0.50366914
"
ecp_smpl.c_oct.c,ec_GFp_simple_point_get_affine_coordinates,ec_GFp_simple_oct2point,0.80695244,E,0,0.990019619,0.981775422,0.694338813,"0.8918517
","0.7981357
"
ecp_smpl.c_oct.c,ec_GFp_simple_point_get_affine_coordinates,ec_GFp_simple_point2oct,0.800631838,E,0,0.991848886,0.98016768,0.696760966,"0.8398615
","0.638395
"
ecp_smpl.c_oct.c,ec_GFp_simple_point_get_affine_coordinates,ec_GFp_simple_set_compressed_coordinates,0.895295707,E,0,0.991222501,0.982904188,0.645886833,"0.85728145
","0.88404596
"
ecp_oct.c_oct.c,ec_GFp_simple_point2oct,ec_GFp_simple_oct2point,0.884684703,E,1,0.989199042,0.984149277,0.755990844,"0.7795261
","0.8510044
"
ecp_oct.c_oct.c,ec_GFp_simple_point2oct,ec_GFp_simple_point2oct,0.924547831,E,0,0.990600586,0.986587065,0.754653654,"0.7918573
","0.8562685
"
ecp_smpl.c_simple.c,ec_GFp_simple_points_make_affine,ec_GFp_simple_points_make_affine,0.883084038,E,1,0.997072816,0.981167663,0.65445357,"0.91097915
","0.6869246
"
ecp_oct.c_simple.c,ec_GFp_simple_set_compressed_coordinates,ec_GFp_simple_is_on_curve,0.805960657,E,1,0.994447351,0.964173292,0.717947852,"0.83671486
","0.7741454
"
ecp_oct.c_oct.c,ec_GFp_simple_set_compressed_coordinates,ec_GFp_simple_oct2point,0.842008328,E,0,0.996648133,0.967530865,0.666780036,"0.8874508
","0.7304047
"
ecp_oct.c_oct.c,ec_GFp_simple_set_compressed_coordinates,ec_GFp_simple_point2oct,0.835748543,E,0,0.991944492,0.967730482,0.663995983,"0.8290438
","0.54081273
"
ecp_oct.c_oct.c,ec_GFp_simple_set_compressed_coordinates,ec_GFp_simple_set_compressed_coordinates,0.901176241,E,0,0.997972727,0.973534828,0.72642698,"0.87977684
","0.76045597
"
ecp_smpl.c_oct.c,ec_GFp_simple_set_Jprojective_coordinates_GFp,ec_GFp_simple_oct2point,0.837757619,E,0,0.981292367,0.949613004,0.633722152,"0.8916792
","0.707931
"
ecp_smpl.c_oct.c,ec_GFp_simple_set_Jprojective_coordinates_GFp,ec_GFp_simple_point2oct,0.831308334,E,0,0.978795111,0.967821406,0.620904072,"0.8040397
","0.55122876
"
ecp_smpl.c_oct.c,ec_GFp_simple_set_Jprojective_coordinates_GFp,ec_GFp_simple_set_compressed_coordinates,0.842271856,E,0,0.974145472,0.951175905,0.546317799,"0.9141523
","0.73733306
"
ec_mult.c_wnaf.c,ec_wNAF_mul,ec_wNAF_mul,0.850526064,E,1,0.997228801,0.98679265,0.618698635,"0
","0.8506925
"
ech_key.c_ecdh.c,ecdh_compute_key,ECDH_compute_key,0.866609266,E,1,0,0.903805136,0.698918347,"0.92790323
","0.7680562
"
ecs_ossl.c_ecdsa.c,ecdsa_sign_setup,ecdsa_sign_setup,0.828664242,E,1,0,0.967442011,0.7656013,"0.919427
","0.7738605
"
bss_file.c_file.c,file_ctrl,file_ctrl,0.968304099,C,1,0.995580494,0.787608746,0.770567584,"0.8442753
","0.6710098
"
by_dir.c_by_dir.c,get_cert_by_subject,get_cert_by_subject,0.913755958,E,1,0.985326111,0.785935165,0.636840768,"0.88583994
","0.8886132
"
x509_vfy.c_x509_vfy.c,get_crl_sk,get_crl_sk,0.920038858,D,1,0.979522526,0.319884882,0.458339872,"0.9525673
","0.8561578
"
x509_vfy.c_x509_vfy.c,get_delta_sk,get_delta_sk,0.98758742,C,1,0,0,0,"0
",0
hmac.c_hmac.c,HMAC_Init_ex,HMAC_Init_ex,0.930969445,E,1,0.979284763,0.960809338,0.573575805,"0.8221788
","0.79650176
"
x509_info.c_v3_info.c,i2v_AUTHORITY_INFO_ACCESS,i2v_AUTHORITY_INFO_ACCESS,0.86315524,E,1,0.272227824,0.964129308,0.704385793,"0.8839539
","0.798956
"
x509_alt.c_v3_alt.c,i2v_GENERAL_NAME,i2v_GENERAL_NAME,0.873113495,E,1,0.939598441,0.550713431,0.695292241,"0.40001488
","0.9244657
"
x509_vfy.c_x509_vfy.c,internal_verify,internal_verify,0.837626187,E,1,0.981766224,0.944793735,0.781682331,"0.64239115
","0.87082845
"
pcy_node.c_pcy_node.c,level_add_node,level_add_node,0.906782791,E,1,0.9271909,0.978591302,0.724812142,"0.54802215
","0.7192382
"
x_long.c_x_long.c,long_i2c,long_i2c,0.996436736,C,1,0,0.97550882,0,"0.9355786
",0
x509_ncons.c_v3_ncons.c,NAME_CONSTRAINTS_check,NAME_CONSTRAINTS_check,0.940321023,E,1,0.407581449,0.965152949,0.68116422,"0.6901508
","0.908889
"
x509_cpols.c_v3_cpols.c,notice_section,notice_section,0.917026839,D,1,0,0,0,"0
",0
pem_lib.c_pem_lib.c,PEM_ASN1_write_bio,PEM_ASN1_write_bio,0.910328845,D,1,0.99065268,0.990045013,0.767974875,"0.8909741
","0.70735836
"
pem_lib.c_pem_lib.c,PEM_do_header,PEM_do_header,0.879521591,C/D,1,0.697404683,0.982476514,0.80497445,"0.81053764
","0.7704055
"
pem_lib.c_pem_lib.c,PEM_read_bio,PEM_read_bio,0.823089143,C,1,0.997327566,0.933187594,0.720651904,"0.8682495
","0.97946006
"
pem_pkey.c_pem_pk8.c,PEM_read_bio_PrivateKey,d2i_PKCS8PrivateKey_bio,0.814321162,E,1,0.491960347,0.936830779,0.629369887,"0.72190017
","0.7538925
"
pem_pkey.c_pem_pkey.c,PEM_read_bio_PrivateKey,PEM_read_bio_PrivateKey,0.923875539,E,1,0.974248886,0.965047253,0.745934668,"0.9084672
","0.8351934
"
pem_info.c_pem_info.c,PEM_X509_INFO_read_bio,PEM_X509_INFO_read_bio,0.949417661,E,1,0.998256445,0.805426362,0.66586182,"0.9226068
","0.92187506
"
pem_info.c_pem_info.c,PEM_X509_INFO_write_bio,PEM_X509_INFO_write_bio,0.963258891,E,1,0,0.963590387,0.788203868,"0.7646915
","0.7751424
"
rsa_oaep.c_padding.c,PKCS1_MGF1,RSA_verify_PKCS1_PSS_mgf1,0.803169225,E,0,0.835276186,0.8901371,0.600020772,"0.82849085
","0.8042685
"
p5_crpt2.c_pbkdf.c,PKCS5_PBKDF2_HMAC,PKCS5_PBKDF2_HMAC,0.903914338,E,1,0.976840198,0.960072486,0.610908121,"0.9745889
","0.88538533
"
p5_crpt2.c_t1_enc.c,PKCS5_PBKDF2_HMAC,tls1_P_hash,0.8014003,E,0,0.987298727,0.944192917,0.592821778,"0.923592
","0.9015142
"
ec_pmeth.c_p_ec.c,pkey_ec_derive,pkey_ec_derive,0.860123565,E,1,0,0,0,"0
",0
rsa_pmeth.c_p_rsa.c,pkey_rsa_ctrl,pkey_rsa_ctrl,0.95228866,D,1,0.996197045,0.307947346,0.76760512,"0.26509145
","0.71578735
"
rsa_pmeth.c_p_rsa.c,pkey_rsa_sign,pkey_rsa_sign,0.918620527,E,1,0,0.963870903,0,"0.7883847
","0.8290684
"
pcy_cache.c_pcy_cache.c,policy_cache_create,policy_cache_create,0.987617788,C,1,0,0,0,"0
",0
pcy_cache.c_pcy_cache.c,policy_cache_new,policy_cache_new,0.98842401,A,1,0,0,0,"0
",0
pcy_map.c_pcy_map.c,policy_cache_set_mapping,policy_cache_set_mapping,0.989646676,A,1,0.644958436,0.973819217,0.745493847,"0.6037605
","0.7614547
"
x509_cpols.c_v3_cpols.c,policy_section,policy_section,0.867107642,D,1,0,0,0,"0
",0
x509_cpols.c_v3_cpols.c,r2i_certpol,r2i_certpol,0.931728337,D,1,0.931575298,0.755243807,0.505206962,"0.804109
","0.8077939
"
x509_pci.c_v3_pci.c,r2i_pci,r2i_pci,0.881544434,E,1,0.96536839,0.903241001,0.76247782,"0.74715203
","0.8072426
"
rsa_gen.c_rsa_impl.c,rsa_builtin_keygen,rsa_default_multi_prime_keygen,0.82888566,E,0,0,0,0,"0
",0
rsa_eay.c_rsa_impl.c,RSA_eay_private_encrypt,rsa_default_private_transform,0.80503041,E,0,0.994051754,0.975822388,0.700969176,"0.797006
","0.780032
"
rsa_eay.c_rsa_impl.c,RSA_eay_public_decrypt,rsa_default_encrypt,0.819706402,E,0,0.982923031,0.940332787,0.709131325,"0.85664505
","0.8985456
"
rsa_eay.c_rsa_impl.c,RSA_eay_public_encrypt,rsa_default_encrypt,0.869582885,E,0,0.982623518,0.940029657,0.772780275,"0.8460301
","0.87754446
"
rsa_eay.c_rsa_impl.c,RSA_eay_public_encrypt,RSA_verify_raw,0.829892665,E,0,0.991762578,0.974102657,0.756709016,"0.81805116
","0.8855556
"
rsa_oaep.c_padding.c,RSA_padding_add_PKCS1_OAEP_mgf1,RSA_padding_add_PKCS1_OAEP_mgf1,0.855061871,E,1,0.935740769,0.939713285,0.546750491,"0.97073716
","0.8738284
"
rsa_pss.c_padding.c,RSA_padding_add_PKCS1_PSS_mgf1,RSA_padding_add_PKCS1_PSS_mgf1,0.903331553,E,0,0.989905179,0.963233348,0.643513495,"0.9575631
","0.8307753
"
rsa_pss.c_padding.c,RSA_padding_add_PKCS1_PSS_mgf1,RSA_verify_PKCS1_PSS_mgf1,0.944517694,E,1,0.997301579,0.958064722,0.701767177,"0.96344167
","0.91399735
"
rsa_oaep.c_padding.c,RSA_padding_check_PKCS1_OAEP_mgf1,RSA_padding_check_PKCS1_OAEP_mgf1,0.833289548,E,1,0.976979434,0.927080051,0.49887558,"0.98169875
","0.86207557
"
rsa_pss.c_padding.c,RSA_verify_PKCS1_PSS_mgf1,RSA_padding_add_PKCS1_PSS_mgf1,0.861524467,D,1,0.98772049,0.962453122,0.637622148,"0.97176105
","0.7311303
"
rsa_pss.c_padding.c,RSA_verify_PKCS1_PSS_mgf1,RSA_verify_PKCS1_PSS_mgf1,0.978591412,E,0,0.995745599,0.95311658,0.689093372,"0.9763155
","0.8345202
"
x509_skey.c_v3_skey.c,s2i_skey_id,s2i_skey_id,0.977438065,C,1,0.98905015,0.95524254,0.81058058,"0.72602534
","0.8337011
"
x509_crld.c_v3_crld.c,set_dist_point_name,set_dist_point_name,0.975744259,D,1,0.845707774,0.960997545,0.715730461,"0.45001128
","0.9065729
"
x509_purp.c_v3_purp.c,setup_dp,setup_dp,0.934234056,A,1,0,0,0,"0
",0
ssl_cert.c_ssl_cert.c,ssl_cert_dup,ssl_cert_dup,0.80081089,E,0,0.891317427,0.95199658,0.605483809,"0.561311
","0.81024224
"
ssl_asn1.c_ssl_asn1.c,SSL_SESSION_encode,SSL_SESSION_to_bytes_full,0.841870648,E,1,0.990094125,0.873486608,0.405098302,"0.1304739
","0.90581447
"
ssl_cert.c_ssl_cert.c,ssl_verify_cert_chain,ssl_verify_cert_chain,0.945897404,E,1,0.250366092,0.978800345,0.738502324,"0.55280477
","0.87950075
"
s3_cbc.c_tls_cbc.c,ssl3_cbc_digest_record,EVP_tls_cbc_digest_record,0.81472179,D,1,0.985841215,0.948116897,0.713253613,"0.97892916
","0.8655833
"
ssl_srvr.c_ssl_session.c,ssl3_send_newsession_ticket,ssl_encrypt_ticket,0.858756578,E,0,0.973450541,0.954759619,0.691450327,"0.7248061
","0.80601686
"
x509_sxnet.c_v3_sxnet.c,SXNET_add_id_INTEGER,SXNET_add_id_INTEGER,0.998826745,C,1,0.968686044,0.971436973,0.702846441,"0.88753814
","0.8683471
"
ssl_tlsext.c_t1_lib.c,tlsext_srtp_client_parse,ext_srtp_parse_clienthello,0.837267704,E,0,0,0.964223859,0.693632751,"0.6542693
","0.7873512
"
ssl_tlsext.c_t1_lib.c,tlsext_srtp_client_parse,ext_srtp_parse_serverhello,0.836418141,E,1,0,0.931633345,0.756640593,"0.5703099
","0.800091
"
ssl_tlsext.c_t1_lib.c,tlsext_srtp_server_parse,ext_srtp_parse_clienthello,0.851704766,E,0,0,0.967596165,0.66550618,"0.8486037
","0.8179911
"
ssl_tlsext.c_t1_lib.c,tlsext_srtp_server_parse,ext_srtp_parse_serverhello,0.851675891,E,0,0,0.960751622,0.629685216,"0.6690031
","0.6943987
"
pcy_tree.c_pcy_tree.c,tree_calculate_user_set,tree_calculate_user_set,0.964059244,C,1,0,0,0,"0
",0
pcy_tree.c_pcy_tree.c,tree_init,tree_init,0.943152975,C,1,0,0,0,"0
",0
pcy_tree.c_pcy_tree.c,tree_link_unmatched,tree_link_unmatched,0.985882581,A,1,0,0,0,"0
",0
x509_info.c_v3_info.c,v2i_AUTHORITY_INFO_ACCESS,v2i_AUTHORITY_INFO_ACCESS,0.912362279,D,1,0,0.958625932,0,"0.7456429
","0.8067391
"
x509_akey.c_v3_akey.c,v2i_AUTHORITY_KEYID,v2i_AUTHORITY_KEYID,0.922662897,E,1,0,0.979517684,0,"0.62874246
","0.85616505
"
x509_crld.c_v3_crld.c,v2i_crld,v2i_crld,0.970401215,C,1,0.979739666,0.978986845,0.643619411,"0.78835565
","0.8073718
"
x509_alt.c_v3_alt.c,v2i_issuer_alt,v2i_issuer_alt,0.898461797,D,1,0.023525914,0.960456191,0.641996669,"0.58855957
","0.75558555
"
x509_alt.c_v3_alt.c,v2i_issuer_alt,v2i_subject_alt,0.832843975,D,0,0.97279036,0.969792004,0.688011358,"0.55086607
","0.834599
"
x509_ncons.c_v3_ncons.c,v2i_NAME_CONSTRAINTS,v2i_NAME_CONSTRAINTS,0.933304629,C,1,0.904547691,0.951419491,0.77153261,"0.7523426
","0.92640394
"
x509_pmaps.c_v3_pmaps.c,v2i_POLICY_MAPPINGS,v2i_POLICY_MAPPINGS,0.893141282,E,1,0,0.920005103,0,"0.42078495
","0.8254948
"
x509_alt.c_v3_alt.c,v2i_subject_alt,v2i_issuer_alt,0.869016166,D,1,-0.011261404,0.971731245,0.685728413,"0.57365936
","0.6649489
"
x509_alt.c_v3_alt.c,v2i_subject_alt,v2i_subject_alt,0.93452613,D,0,0.963665605,0.972746465,0.765807168,"0.64599544
","0.73071516
"
x509_conf.c_v3_conf.c,v3_generic_extension,v3_generic_extension,0.977587623,D,1,0.499640197,0.982064372,0.82445962,"0.83428884
","0.83374304
"
curve25519.c_curve25519.c,x25519_ge_scalarmult,x25519_ge_scalarmult,0.936157163,A,1,0,0.901333043,0.58956496,"0.6668339
","0.64110464
"
curve25519.c_curve25519.c,x25519_ge_scalarmult_small_precomp,x25519_ge_scalarmult_small_precomp,0.978649308,A,1,0.531983018,0.837683558,0.570118677,"0.89365304
","0.8005635
"
x509_att.c_x509_att.c,X509_ATTRIBUTE_set1_data,X509_ATTRIBUTE_set1_data,0.951165265,C,1,0.865246475,0.981717564,0.802305902,"0.69983596
","0.8750164
"
x_x509.c_x_x509.c,x509_cb,x509_cb,0.92620779,C,1,0.401397943,0.774964228,0.683708256,"-0.14112611
","0.6763657
"
t_x509a.c_t_x509a.c,X509_CERT_AUX_print,X509_CERT_AUX_print,0.965758217,E,1,0.978586614,0.956854049,0.705747632,"0.76826507
","0.82046103
"
x509_purp.c_v3_purp.c,X509_check_akid,X509_check_akid,0.925023763,A,1,0.416579545,0.96409905,0.678141384,"0.59361243
","0.8307383
"
t_crl.c_t_crl.c,X509_CRL_print,X509_CRL_print,0.874307574,D,1,0,0.959433632,0,"0.095046885
",0
by_file.c_by_file.c,X509_load_cert_crl_file,X509_load_cert_crl_file,0.966705457,C,1,0.319819212,0.932906525,0.742627441,"0.8305058
","0.82475907
"
x_name.c_x_name.c,x509_name_canon,x509_name_canon,0.937229245,D,1,0.983264625,0.599728558,0.541030286,"0.8516247
","0.74516064
"
x_name.c_x_name.c,x509_name_encode,x509_name_encode,0.976194064,D,1,0,0,0,"0
",0
x_name.c_x_name.c,x509_name_ex_d2i,x509_name_ex_d2i,0.926976465,C,1,0.930697083,0.939537914,0.761070308,"0.8059918
","0.81589377
"
x509_obj.c_x509_obj.c,X509_NAME_oneline,X509_NAME_oneline,0.913668989,D,1,0.995407701,0.946785638,0.662685275,"0.9669432
","0.84770155
"
x509_lu.c_x509_lu.c,x509_object_idx_cnt,x509_object_idx_cnt,0.978577078,E,1,0.828797638,0.970314993,0.707010221,"0.9044143
","0.84036976
"
t_x509.c_t_x509.c,X509_print_ex,X509_print_ex,0.874168871,D,1,0.992274821,0.863071406,0.56909273,"0.81441545
","0.9137429
"
x509_req.c_x509_req.c,X509_REQ_add_extensions_nid,X509_REQ_add_extensions_nid,0.966489013,C,1,0.416308403,0.985017591,0.822476304,"0.7318618
","0.78632605
"
x509_req.c_x509_req.c,X509_REQ_get_extensions,X509_REQ_get_extensions,0.964635864,C,1,0.335514933,0.966307404,0.695943645,"0.8165743
","0.6425571
"
t_req.c_t_req.c,X509_REQ_print_ex,X509_REQ_print_ex,0.882204803,E,1,0,0.950891392,0,"0.8692318
",0
x509_r2x.c_x509_r2x.c,X509_REQ_to_X509,X509_REQ_to_X509,0.909874767,E,1,0,0.963203242,0,"0.23560756
",0
x509_lu.c_x509_lu.c,X509_STORE_CTX_get1_issuer,X509_STORE_CTX_get1_issuer,0.934926004,E,1,-0.281329781,0.987645085,0.68366801,"0.8399123
","0.60329163
"
x509_vfy.c_x509_vfy.c,X509_STORE_CTX_init,X509_STORE_CTX_init,0.968295468,D,1,0.815618694,0.825949835,0.548909889,"0.70466435
","0.6483956
"
x509_lu.c_x509_lu.c,X509_STORE_get_by_subject,X509_STORE_get_by_subject,0.996835108,E,1,0.227753371,0.958365522,0.607193001,"0.81855243
","0.5845084
"
x509_lu.c_x509_lu.c,X509_STORE_get1_certs,X509_STORE_get1_certs,0.932649107,C,1,0.378825754,0.966755289,0.706360165,"0.56139994
","0.7863844
"
x509_lu.c_x509_lu.c,X509_STORE_get1_crls,X509_STORE_get1_certs,0.801311028,C,1,0,0.972994778,0.719190325,"0.46230298
","0.805088
"
x509_lu.c_x509_lu.c,X509_STORE_get1_crls,X509_STORE_get1_crls,0.928008674,E,0,0,0.965114889,0.684437464,"0.67024976
","0.78075236
"
x509_vfy.c_x509_vfy.c,X509_verify_cert_legacy_build_chain,X509_verify_cert,0.893351566,E,0,0,0,0,"0
",0
x509_purp.c_v3_purp.c,x509v3_cache_extensions,x509v3_cache_extensions,0.957132777,E,1,0.998179138,0.964852809,0.640606631,"0.729448
","0.8077461
"
x509_prn.c_v3_prn.c,X509V3_EXT_print,X509V3_EXT_print,0.992923392,B/D,1,0.979039788,0.904585962,0.766756742,"0.8540859
","0.83947444
"
x509_prn.c_v3_prn.c,X509V3_extensions_print,X509V3_extensions_print,0.962408094,C,1,0.238109067,0.97211873,0.680204378,"0.15971377
","0.8683459
"
