file_name,libressl_3,gmssl,sim_value,ABCDE,0 or 1,vulseeker,gemini,kaist,ufbls,safe
a_object.c_a_object.c,a2d_ASN1_OBJECT,a2d_ASN1_OBJECT,0.916989076,D,1,0.986853182,0.971415949,0.785069311,"0.9400127
","0.8075652
"
x509_alt.c_v3_alt.c,a2i_GENERAL_NAME,a2i_GENERAL_NAME,0.964239419,C,1,0.906032801,0.996239092,0.871499431,"0.93307954
","0.97520936
"
bss_acpt.c_bss_acpt.c,acpt_ctrl,acpt_ctrl,0.928164437,D,1,0.931177735,0.430701216,0.734084725,"0.6823548
","0.9620464
"
req.c_req.c,add_attribute_object,add_attribute_object,0.868335374,D,1,0,0,0,"0
",0
by_dir.c_by_dir.c,add_cert_dir,add_cert_dir,0.848701554,E,1,0.886336267,0.982744244,0.89870063,"0.67192805
","0.9494596
"
req.c_req.c,add_DN_object,add_DN_object,0.964995334,E,1,0,0,0,"0
",0
ocsp.c_ocsp.c,add_ocsp_serial,add_ocsp_serial,0.847209676,A,1,0,0,0,"0
",0
e_aes.c_e_aes.c,aes_ccm_cipher,aes_ccm_cipher,0.988383202,D,1,0.545127094,0.960660909,0.736745479,"0.8564386
","0.73793024
"
e_aes.c_e_aes.c,aes_ccm_cipher,aes_ccm_tls_cipher,0.980377345,D,0,0,0,0,"0
",0
e_aes.c_e_sms4_ccm.c,aes_ccm_cipher,sms4_ccm_cipher,0.892848018,D,1,0.545122921,0.960660909,0.736745479,"0.8655019
","0.7588413
"
e_aes.c_e_sms4_ccm.c,aes_ccm_cipher,sms4_ccm_tls_cipher,0.907756299,D,0,0,0,0,"0
",0
e_aes.c_e_aes.c,aes_gcm_ctrl,aes_gcm_ctrl,0.959930047,D,1,0.960478961,0.65106632,0.842410375,"0.7631817
","0.6815745
"
e_aes_cbc_hmac_sha1.c_e_aes_cbc_hmac_sha1.c,aesni_cbc_hmac_sha1_cipher,aesni_cbc_hmac_sha1_cipher,0.929514939,D,1,0.852979362,0.955954228,0.673951523,"0.99814594
","0.9008465
"
e_aes_cbc_hmac_sha1.c_e_aes_cbc_hmac_sha1.c,aesni_cbc_hmac_sha1_ctrl,aesni_cbc_hmac_sha1_ctrl,0.838493542,C,1,0,0.618615659,0,"-0.0025369292
","0.76986885
"
bio_asn1.c_bio_asn1.c,asn1_bio_write,asn1_bio_write,0.992919157,E,1,0.75418669,0.96032131,0.909090515,"0.79084426
","0.71904504
"
t_pkey.c_t_pkey.c,ASN1_bn_print,ASN1_bn_print,0.833834275,E,1,0.784754097,0.968315422,0.855042243,"0.90937877
","0.86227494
"
tasn_dec.c_tasn_dec.c,asn1_check_tlen,asn1_check_tlen,0.995804738,C,1,0.822219789,0.9887399,0.921965096,"0.96413845
","0.97131854
"
tasn_dec.c_tasn_dec.c,asn1_d2i_ex_primitive,asn1_d2i_ex_primitive,0.99551639,D,1,0.958297253,0.93209003,0.740974842,"0.97637373
","0.97674984
"
a_d2i_fp.c_a_d2i_fp.c,asn1_d2i_read_bio,asn1_d2i_read_bio,0.878005181,E,1,0.939136326,0.976683855,0.92579124,"0.9802562
","0.8205122
"
tasn_utl.c_tasn_utl.c,asn1_do_adb,asn1_do_adb,0.921469299,D,1,0.760055423,0.995479073,0.906486241,"0.68813163
","0.92964196
"
tasn_dec.c_tasn_dec.c,asn1_ex_c2i,asn1_ex_c2i,0.968178576,E,1,0,0,0,"0
",0
tasn_dec.c_tasn_new.c,asn1_ex_c2i,asn1_primitive_new,0.80350567,E,0,0.004777257,0.952258075,0.616864528,"0.1658288
","0.5136609
"
tasn_enc.c_tasn_enc.c,asn1_ex_i2c,asn1_ex_i2c,0.94965326,E,1,0.822334528,0.95729881,0.922547311,"0.7345324
","0.9516427
"
asn1_gen.c_asn1_gen.c,ASN1_generate_v3,generate_v3,0.904149478,E,1,0.9945907,0.737993199,0.919789002,"0.6110371
","0.88640034
"
tasn_fre.c_tasn_fre.c,asn1_item_combine_free,asn1_item_embed_free,0.966805846,E,1,0.922659576,0.767643912,0.926106788,"0.80520713
","0.98593104
"
tasn_fre.c_tasn_new.c,asn1_item_combine_free,asn1_item_embed_new,0.908181674,E,0,0.844266653,0.687826689,0.652340832,"0.90927696
","0.7745306
"
tasn_fre.c_tasn_enc.c,asn1_item_combine_free,ASN1_item_ex_i2d,0.821705691,E,0,0.82857883,0.702794662,0.711524566,"0.8135805
","0.7152588
"
tasn_new.c_tasn_fre.c,asn1_item_ex_combine_new,asn1_item_embed_free,0.906556951,E,0,0.810237467,0.720945464,0.684989604,"0.6673887
","0.91344994
"
tasn_new.c_tasn_new.c,asn1_item_ex_combine_new,asn1_item_embed_new,0.969180804,E,1,0.851640165,0.675724732,0.762273316,"0.8802888
","0.9202582
"
tasn_new.c_tasn_enc.c,asn1_item_ex_combine_new,ASN1_item_ex_i2d,0.821880491,E,0,0.894205391,0.677233809,0.534688338,"0.75161004
","0.7774824
"
tasn_dec.c_tasn_dec.c,asn1_item_ex_d2i,asn1_item_embed_d2i,0.957897482,E,1,0,0.940971722,0.908454619,"0.5870143
","0.85771644
"
tasn_dec.c_tasn_enc.c,asn1_item_ex_d2i,ASN1_item_ex_i2d,0.809367284,E,0,0,0.955382281,0.486594056,"0.6274645
","0.7133099
"
tasn_enc.c_tasn_dec.c,ASN1_item_ex_i2d,asn1_item_embed_d2i,0.810008527,E,0,0.948388696,0.943216197,0.522041949,"0.80807745
","0.77566755
"
tasn_enc.c_tasn_fre.c,ASN1_item_ex_i2d,asn1_item_embed_free,0.824549429,E,0,0.851227641,0.988765133,0.740970177,"0.80338067
","0.7138182
"
tasn_enc.c_tasn_enc.c,ASN1_item_ex_i2d,ASN1_item_ex_i2d,0.966076561,D,1,0.970157206,0.958105879,0.867980201,"0.85266393
","0.88020957
"
tasn_prn.c_tasn_prn.c,asn1_item_print_ctx,asn1_item_print_ctx,0.962395712,C,1,0.994931638,0.985586816,0.772443669,"0.8678365
","0.9268534
"
a_mbstr.c_a_mbstr.c,ASN1_mbstring_ncopy,ASN1_mbstring_ncopy,0.920299155,E,1,0.976573348,0.962628915,0.686145442,"0.83185405
","0.92371094
"
asn1_gen.c_asn1_gen.c,asn1_multi,asn1_multi,0.900852947,E,1,0,0,0,"0
",0
asn1_par.c_asn1_par.c,asn1_parse2,asn1_parse2,0.9650143,E,1,0.996066749,0.277945735,0.909304639,"0.95418656
","0.9378462
"
tasn_fre.c_tasn_enc.c,ASN1_primitive_free,asn1_ex_i2c,0.813515129,E,0,0.911491215,0.863614896,0.718915547,"0.54605407
","0.6620642
"
tasn_fre.c_tasn_fre.c,ASN1_primitive_free,asn1_primitive_free,0.901124282,E,1,0.878752351,0.992379885,0.90211563,"0.92611825
","0.9184459
"
tasn_fre.c_tasn_new.c,ASN1_primitive_free,asn1_primitive_new,0.815202352,E,0,0.807281375,0.874816245,0.720494603,"0.10978806
","0.6958112
"
tasn_new.c_tasn_fre.c,ASN1_primitive_new,asn1_primitive_free,0.805732639,E,0,0.701341331,0.921266028,0.827170269,"0.5292549
","0.6320512
"
tasn_new.c_tasn_new.c,ASN1_primitive_new,asn1_primitive_new,0.959152608,E,1,0.798505306,0.987662136,0.851090379,"0.76238257
","0.6962497
"
tasn_prn.c_tasn_prn.c,asn1_primitive_print,asn1_primitive_print,0.896954138,E,1,0,0,0,"0
",0
tasn_enc.c_tasn_enc.c,asn1_set_seq_out,asn1_set_seq_out,0.850649058,D,1,0,0,0,"0
",0
asn1_gen.c_asn1_gen.c,asn1_str2type,asn1_str2type,0.954811181,D,1,0,0,0,"0
",0
tasn_dec.c_tasn_dec.c,asn1_template_ex_d2i,asn1_template_ex_d2i,0.989246736,E,1,0.717466474,0.979810336,0.873451751,"0.76257724
","0.95819396
"
tasn_enc.c_tasn_enc.c,asn1_template_ex_i2d,asn1_template_ex_i2d,0.978164485,E,1,0.925048053,0.974866743,0.869668137,"0.9904876
","0.87005985
"
tasn_dec.c_tasn_dec.c,asn1_template_noexp_d2i,asn1_template_ex_d2i,0.808818692,E,0,0.270017624,0.930811966,0.528851513,"0.6313018
","0.89917827
"
tasn_dec.c_tasn_dec.c,asn1_template_noexp_d2i,asn1_template_noexp_d2i,0.88811921,E,1,0.778386176,0.970497598,0.906512759,"0.9584929
","0.93353033
"
tasn_prn.c_tasn_prn.c,asn1_template_print_ctx,asn1_template_print_ctx,0.986376714,E,1,0.804956675,0.979439331,0.884443436,"0.96941334
","0.99034035
"
a_time_tm.c_a_utctm.c,ASN1_time_parse,ASN1_UTCTIME_adj,0.847469887,E,0,0.664044917,0.976521241,0.469922008,"0.8509623
","0.54939425
"
asn1pars.c_asn1pars.c,asn1parse_main,asn1parse_main,0.868631956,E,0,0.989196301,0.190673982,0.70401372,"0.6952123
","0.80844355
"
req.c_req.c,auto_info,auto_info,0.969956491,E,1,0,0,0,"0
",0
bio_b64.c_bio_b64.c,b64_ctrl,b64_ctrl,0.870742889,E,1,0.852052331,0.703705784,0.857352485,"0.453957
","0.7096434
"
base64.c_srp_vfy.c,b64_pton,t_fromb64,0.890044129,E,0,0,0.826453992,0,0,0
bio_b64.c_bio_b64.c,b64_read,b64_read,0.971897405,E,1,0.996620953,0.9985527,0.893906027,"0.99828315
","0.82908773
"
bio_b64.c_bio_b64.c,b64_read,b64_write,0.887936241,E,0,0.94881171,0.451803477,0.462745847,"0.9725966
","0.7011806
"
bio_b64.c_bio_b64.c,b64_write,b64_read,0.878725709,E,0,0.95454216,0.829410176,0.521794707,"0.97224724
","0.8382415
"
bio_b64.c_bio_b64.c,b64_write,b64_write,0.891096067,E,1,0.952201664,0.792369978,0.786033646,"0.96039844
","0.85686076
"
bf_cfb64.c_bf_cfb64.c,BF_cfb64_encrypt,BF_cfb64_encrypt,0.959749871,A,1,0.474360824,0.983465604,0.883232635,"0.99117553
","0.99003696
"
bf_cfb64.c_bf_ofb64.c,BF_cfb64_encrypt,BF_ofb64_encrypt,0.931878919,E,0,0.645582795,0.983038228,0.683308163,"0.9570584
","0.8861583
"
bf_ofb64.c_bf_cfb64.c,BF_ofb64_encrypt,BF_cfb64_encrypt,0.955655251,E,0,0.549629629,0.966557869,0.756887408,"0.91320145
","0.8889043
"
bf_ofb64.c_bf_ofb64.c,BF_ofb64_encrypt,BF_ofb64_encrypt,0.9855681,A,1,0.724747181,0.993346182,0.855543368,"0.992922
","0.97778296
"
bio_cb.c_bio_cb.c,BIO_debug_callback,BIO_debug_callback,0.960843582,D,1,0.903832793,0.687906939,0.859216732,"0.52116686
","0.95875865
"
b_dump.c_b_dump.c,BIO_dump_indent_cb,BIO_dump_indent_cb,0.984373571,C,1,0.765638411,0.995284873,0.858936693,"0.9630849
","0.9717201
"
bio_ndef.c_bio_ndef.c,BIO_new_NDEF,BIO_new_NDEF,0.948146823,D,1,0.752592623,0.975590156,0.888333881,"0.9334517
","0.9544574
"
bn_lib.c_bn_lib.c,BN_bin2bn,BN_lebin2bn,0.980178103,D,1,0.789087534,0.991439691,0.774607514,"0.96159124
","0.66669136
"
bn_blind.c_bn_blind.c,BN_BLINDING_create_param,BN_BLINDING_create_param,0.966271841,C,1,0.918791354,0.999386741,0.914175823,"0.96239126
","0.99162537
"
bn_print.c_bn_print.c,BN_bn2dec,BN_bn2dec,0.964457293,D,1,0.841246665,0.991011836,0.813167527,"0.8589067
","0.913254
"
bn_print.c_bn_print.c,BN_dec2bn,BN_dec2bn,0.892583794,D,1,0.724576294,0.99610153,0.839817124,"0.99069244
","0.9688251
"
bn_div.c_bn_div.c,BN_div_internal,BN_div,0.890113803,E,1,0.995124936,0.946708914,0.796087812,"0.9883778
","0.88351256
"
bn_mont.c_bn_mont.c,BN_from_montgomery_word,BN_from_montgomery_word,0.957044411,C,1,0.784379601,0.947950148,0.852931923,"0.99456924
","0.919447
"
bn_gf2m.c_bn_gf2m.c,BN_GF2m_mod_inv,BN_GF2m_mod_inv,0.954914957,A,1,0.9848997,0.994827066,0.930514749,"0.99483806
","0.944101
"
bn_gf2m.c_bn_gf2m.c,BN_GF2m_mod_mul_arr,BN_GF2m_mod_mul_arr,0.960165217,A,1,0.57937783,0.951482283,0.699348996,"0.9651761
","0.9166817
"
bn_print.c_bn_print.c,BN_hex2bn,BN_dec2bn,0.819456913,E,0,0.776064932,0.98238331,0.749053232,"0.98350674
","0.95006007
"
bn_prime.c_bn_prime.c,BN_is_prime_fasttest_ex,BN_is_prime_fasttest_ex,0.966153271,B,1,0.987927318,0.987368015,0.840831546,"0.9605098
","0.9340086
"
bn_kron.c_bn_kron.c,BN_kronecker,BN_kronecker,0.953940091,B,1,0.893521309,0.972114471,0.868362157,"0.9406525
","0.9501752
"
bn_exp.c_bn_exp.c,BN_mod_exp_mont_consttime,BN_mod_exp_mont,0.813163213,E,0,0.978665173,0.961942808,0.649260821,"0.97070694
","0.7833832
"
bn_exp.c_bn_exp.c,BN_mod_exp_mont_consttime,BN_mod_exp_mont_consttime,0.877506104,D,1,0.987651587,0.962120182,0.694477883,"0.9389405
","0.8510175
"
bn_exp.c_bn_exp.c,BN_mod_exp_mont_internal,BN_mod_exp_mont,0.940735062,E,1,0.983303905,0.953782793,0.629677458,"0.9454676
","0.906283
"
bn_exp.c_bn_exp.c,BN_mod_exp_mont_internal,BN_mod_exp_mont_word,0.836399242,E,0,0.962336302,0.984397268,0.681686462,"0.96787083
","0.7411056
"
bn_exp.c_bn_exp2.c,BN_mod_exp_mont_internal,BN_mod_exp2_mont,0.88670792,E,0,0.979204297,0.952888696,0.681510865,"0.94646066
","0.91973525
"
bn_exp.c_bn_exp.c,BN_mod_exp_mont_word,BN_mod_exp_mont,0.869599738,E,0,0.970044672,0.939377558,0.605245984,"0.9452827
","0.6768357
"
bn_exp.c_bn_exp.c,BN_mod_exp_mont_word,BN_mod_exp_mont_word,0.982593837,D,1,0.979402423,0.99611575,0.945864359,"0.9715035
","0.8757379
"
bn_exp.c_bn_exp2.c,BN_mod_exp_mont_word,BN_mod_exp2_mont,0.881074288,E,0,0.977860034,0.910310158,0.672037109,"0.9508442
","0.8432732
"
bn_exp.c_bn_exp.c,BN_mod_exp_recp,BN_mod_exp_recp,0.958534423,D,1,0.966490269,0.970398818,0.801918107,"0.9932341
","0.9409666
"
bn_exp2.c_bn_exp.c,BN_mod_exp2_mont,BN_mod_exp_mont,0.874686576,E,0,0.997698247,0.967098832,0.786240886,"0.99045885
","0.9119646
"
bn_exp2.c_bn_exp.c,BN_mod_exp2_mont,BN_mod_exp_mont_word,0.82219037,E,0,0.953119457,0.909769946,0.632858772,"0.9912352
","0.86678463
"
bn_exp2.c_bn_exp2.c,BN_mod_exp2_mont,BN_mod_exp2_mont,0.928752953,D,1,0.991276979,0.979274572,0.917542102,"0.99240154
","0.98801416
"
bn_gcd.c_bn_sqrt.c,BN_mod_inverse_internal,BN_mod_sqrt,0.823096,E,0,0.990526736,0.970363947,0.718583939,"0
","0.8161903
"
bn_gcd.c_bn_gcd.c,BN_mod_inverse_internal,int_bn_mod_inverse,0.989994035,E,1,0.995873988,0.979872757,0.810739181,"0
","0.8677281
"
bn_sqrt.c_bn_sqrt.c,BN_mod_sqrt,BN_mod_sqrt,0.901887322,D,1,0.99780494,0.995452695,0.821043259,"0.9275901
","0.85502636
"
bn_sqrt.c_bn_gcd.c,BN_mod_sqrt,int_bn_mod_inverse,0.819518709,E,0,0.989325583,0.987936799,0.755861707,"0.921384
","0.85517085
"
bn_mont.c_bn_mont.c,BN_MONT_CTX_set,BN_MONT_CTX_set,0.971174457,D,1,0.824099541,0.993178035,0.90239316,"0.95973945
","0.9823787
"
bn_nist.c_bn_nist.c,BN_nist_mod_192,BN_nist_mod_192,0.982960354,A,1,0,0.986541574,0,"0.99054605
",0
bn_nist.c_bn_nist.c,BN_nist_mod_192,BN_nist_mod_256,0.837776183,E,0,0,0.981823342,0,"0.9863543
",0
bn_nist.c_bn_nist.c,BN_nist_mod_192,BN_nist_mod_384,0.836192601,E,0,0,0.977199236,0,"0.9607188
",0
bn_nist.c_bn_nist.c,BN_nist_mod_192,BN_nist_mod_521,0.800244501,E,0,0,0.96086733,0,"0.94133407
",0
bn_nist.c_bn_sm2p256.c,BN_nist_mod_192,BN_sm2_mod_256,0.837904659,E,0,0,0.981827781,0,"0.9901921
",0
bn_nist.c_bn_nist.c,BN_nist_mod_224,BN_nist_mod_224,0.931912899,C,1,0,0.988752349,0,"0.9979044
",0
bn_nist.c_bn_nist.c,BN_nist_mod_224,BN_nist_mod_256,0.854893814,C,0,0,0.940027693,0,"0.96831423
",0
bn_nist.c_bn_nist.c,BN_nist_mod_224,BN_nist_mod_384,0.852491748,E,0,0,0.933353041,0,"0.9679408
",0
bn_nist.c_bn_sm2p256.c,BN_nist_mod_224,BN_sm2_mod_256,0.854914064,E,0,0,0.940023184,0,"0.97604185
",0
bn_nist.c_bn_nist.c,BN_nist_mod_256,BN_nist_mod_192,0.823245669,E,0,0,0.988243375,0,"0.9665652
",0
bn_nist.c_bn_nist.c,BN_nist_mod_256,BN_nist_mod_224,0.884651153,C,0,0,0.949695576,0,"0.953391
",0
bn_nist.c_bn_nist.c,BN_nist_mod_256,BN_nist_mod_256,0.957916715,C,1,0,0.987918208,0,"0.9974229
",0
bn_nist.c_bn_nist.c,BN_nist_mod_256,BN_nist_mod_384,0.927648367,C,0,0,0.984557074,0,"0.9862313
",0
bn_nist.c_bn_sm2p256.c,BN_nist_mod_256,BN_sm2_mod_256,0.958183815,C,0,0,0.987870659,0,"0.99541557
",0
bn_nist.c_bn_nist.c,BN_nist_mod_384,BN_nist_mod_192,0.83067183,E,0,0,0.984405208,0,"0.9521489
",0
bn_nist.c_bn_nist.c,BN_nist_mod_384,BN_nist_mod_224,0.892673355,C,0,0,0.946810591,0,"0.9586626
",0
bn_nist.c_bn_nist.c,BN_nist_mod_384,BN_nist_mod_256,0.939536187,C,0,0,0.98310657,0,"0.9918951
",0
bn_nist.c_bn_nist.c,BN_nist_mod_384,BN_nist_mod_384,0.967795207,C,1,0,0.980742545,0,"0.9945174
",0
bn_nist.c_bn_sm2p256.c,BN_nist_mod_384,BN_sm2_mod_256,0.93987261,C,0,0,0.983008748,0,"0.9913942
",0
bn_nist.c_bn_nist.c,BN_nist_mod_521,BN_nist_mod_192,0.807532999,E,0,0,0.950833753,0,"0.88043416
",0
bn_nist.c_bn_nist.c,BN_nist_mod_521,BN_nist_mod_521,0.986609136,C,1,0,0.983362087,0,"0.99477446
",0
bf_buff.c_bf_buff.c,buffer_ctrl,buffer_ctrl,0.968498518,C,1,0.940851271,0.460365619,0.776405842,"0.21914701
","0.9680781
"
by_mem.c_by_file.c,by_mem_ctrl,X509_load_cert_crl_file,0.83168609,E,0,0.500171185,0.928750643,0.76803714,"0.6992626
","0.94472176
"
a_bitstr.c_a_bitstr.c,c2i_ASN1_BIT_STRING,c2i_ASN1_BIT_STRING,0.987498336,C,1,0.607598007,0.986842097,0.85831467,"0.99252623
","0.89128846
"
a_bitstr.c_a_int.c,c2i_ASN1_BIT_STRING,d2i_ASN1_UINTEGER,0.905336897,E,1,0.600348711,0.988489802,0.755374336,"0.5578333
","0.85482883
"
a_int.c_a_bitstr.c,c2i_ASN1_INTEGER,c2i_ASN1_BIT_STRING,0.940306885,E,0,0.498616368,0.946646932,0.499616948,"0.91291213
","0.85878533
"
a_int.c_a_int.c,c2i_ASN1_INTEGER,d2i_ASN1_UINTEGER,0.950928648,E,0,0.491755307,0.97386547,0.478944721,"0.57862467
","0.78562343
"
a_object.c_a_object.c,c2i_ASN1_OBJECT,c2i_ASN1_OBJECT,0.909210154,E,1,0.119259067,0.984061412,0.766365262,"0.9346997
","0.89472187
"
ca.c_ca.c,ca_main,ca_main,0.85423456,E,1,0.683885634,-0.60802858,0.722579449,"0
","0.7718618
"
c_cfb64.c_c_cfb64.c,CAST_cfb64_encrypt,CAST_cfb64_encrypt,0.960059489,A,1,0.441850603,0.983465604,0.883232635,"0.99117553
","0.99003696
"
c_cfb64.c_c_ofb64.c,CAST_cfb64_encrypt,CAST_ofb64_encrypt,0.934151567,E,0,0.069419585,0.983038228,0.683308163,"0.9570584
","0.8861583
"
c_ofb64.c_c_cfb64.c,CAST_ofb64_encrypt,CAST_cfb64_encrypt,0.953909205,E,0,0.595122457,0.966557869,0.756887408,"0.91320145
","0.8889043
"
c_ofb64.c_c_ofb64.c,CAST_ofb64_encrypt,CAST_ofb64_encrypt,0.987172537,A,1,0.120659098,0.993346182,0.855543368,"0.992922
","0.97778296
"
s_server.c_s_server.c,cert_status_cb,cert_status_cb,0.883941513,E,1,0.809869647,0.896994479,0.879329457,"0.9395639
","0.8836366
"
ca.c_ca.c,certify,certify,0.924261641,D,1,0.881464303,0.942391637,0.8870704,"0.9607932
","0.9294721
"
ca.c_ca.c,certify,certify_cert,0.847117272,E,0,0,0,0,"0
",0
ca.c_ca.c,certify_cert,certify,0.854226504,E,0,0,0,0,"0
",0
ca.c_ca.c,certify_cert,certify_cert,0.839212861,D,1,0,0,0,"0
",0
ca.c_ca.c,certify_spkac,certify_spkac,0.93484523,E,1,0,0,0,"0
",0
verify.c_verify.c,check,check,0.886673291,E,1,0.822409987,0.990443215,0.617468464,"0.89658153
","0.9017934
"
apps.c_apps.c,chopup_args,chopup_args,0.81000649,E,1,0.421870857,0.967386467,0.741919381,"0.97945106
","0.81332207
"
cms_env.c_cms_env.c,CMS_add0_recipient_key,CMS_add0_recipient_key,0.988396004,C,1,0.670439303,0.999612049,0.980437062,"0.9497949
","0.98458683
"
cms_pwri.c_cms_pwri.c,CMS_add0_recipient_password,CMS_add0_recipient_password,0.951945741,D,1,0.952008307,0.993594628,0.911425097,"0.93237895
","0.9555055
"
cms_sd.c_cms_sd.c,CMS_add1_signer,CMS_add1_signer,0.862276489,C,1,0.981766403,0.9867773,0.939298298,"0.9830959
","0.98966026
"
cms_lib.c_cms_lib.c,CMS_dataFinal,CMS_dataFinal,0.995152881,C,1,0.911803305,0.65888764,0.925110379,"0.90814644
","0.9866197
"
cms_smime.c_cms_smime.c,CMS_decrypt_set1_pkey,CMS_decrypt_set1_pkey,0.921479159,C,1,0.438974798,0.979165969,0.841183384,"0.87480426
","0.93423116
"
cms_enc.c_cms_enc.c,cms_EncryptedContent_init_bio,cms_EncryptedContent_init_bio,0.966587065,D,1,0.903607309,0.993732404,0.927677824,"0.95985
","0.96080744
"
cms_env.c_cms_env.c,cms_EnvelopedData_init_bio,cms_EnvelopedData_init_bio,0.920477809,C,1,0.900839567,0.998774677,0.993986432,"0.9563382
","0.9567219
"
cms_kari.c_cms_kari.c,cms_kek_cipher,cms_kek_cipher,0.964554306,A,1,0.564867854,0.976965745,0.888913545,"0.97301894
","0.9786053
"
cms.c_cms.c,cms_main,cms_main,0.831545994,E,1,0.996923029,0.11916111,0.793709051,"0
","0.9125383
"
cms_ess.c_cms_ess.c,cms_Receipt_verify,cms_Receipt_verify,0.96087499,C,1,0.929573119,0.972458579,0.955039551,"0.8536956
","0.9849157
"
cms_kari.c_cms_kari.c,CMS_RecipientInfo_kari_decrypt,CMS_RecipientInfo_kari_decrypt,0.999765687,C,1,0.671868265,0.93674581,0.838666877,"0.6462146
","0.92599845
"
cms_kari.c_cms_kari.c,cms_RecipientInfo_kari_encrypt,cms_RecipientInfo_kari_encrypt,0.95373683,C,1,0.823066175,0.985896809,0.867579291,"0.78700733
","0.9796052
"
cms_kari.c_cms_kari.c,CMS_RecipientInfo_kari_get0_orig_id,CMS_RecipientInfo_kari_get0_orig_id,0.993749382,C,1,0.903214276,0.9999666,0.978723404,"0.9950681
","0.9544201
"
cms_kari.c_cms_kari.c,cms_RecipientInfo_kari_init,cms_RecipientInfo_kari_init,0.96730197,D,1,0.801241636,0.976718765,0.893210672,"0.97993463
","0.9905978
"
cms_env.c_cms_env.c,cms_RecipientInfo_kekri_decrypt,cms_RecipientInfo_kekri_decrypt,0.96431427,E,1,0,0,0,"0
",0
cms_env.c_cms_env.c,cms_RecipientInfo_kekri_decrypt,cms_RecipientInfo_kekri_encrypt,0.936171342,E,0,0,0,0,"0
",0
cms_env.c_cms_env.c,cms_RecipientInfo_kekri_encrypt,cms_RecipientInfo_kekri_decrypt,0.967513603,E,0,0,0,0,"0
",0
cms_env.c_cms_env.c,cms_RecipientInfo_kekri_encrypt,cms_RecipientInfo_kekri_encrypt,0.982911656,E,1,0,0,0,"0
",0
cms_env.c_cms_env.c,CMS_RecipientInfo_kekri_get0_id,CMS_RecipientInfo_kekri_get0_id,0.99416836,C,1,0.838032961,0.999940187,1,"0.959937
","0.9125213
"
cms_env.c_cms_env.c,cms_RecipientInfo_ktri_decrypt,cms_RecipientInfo_ktri_decrypt,0.953556942,E,1,0,0,0,"0
",0
cms_env.c_cms_env.c,cms_RecipientInfo_ktri_decrypt,cms_RecipientInfo_ktri_encrypt,0.884976599,E,0,0,0,0,"0
",0
cms_env.c_cms_env.c,cms_RecipientInfo_ktri_encrypt,cms_RecipientInfo_ktri_decrypt,0.908084206,E,0,0,0,0,"0
",0
cms_env.c_cms_env.c,cms_RecipientInfo_ktri_encrypt,cms_RecipientInfo_ktri_encrypt,0.989957917,C,1,0,0,0,"0
",0
cms_pwri.c_cms_pwri.c,cms_RecipientInfo_pwri_crypt,cms_RecipientInfo_pwri_crypt,0.941635212,D,1,0.950499713,0.974516896,0.912301752,"0.95267934
","0.9531898
"
cms_sd.c_cms_sd.c,cms_sd_set_version,cms_sd_set_version,0.929378929,A,1,0,0,0,"0
",0
cms_sd.c_cms_sd.c,CMS_set1_signers_certs,CMS_set1_signers_certs,0.923984304,A,1,0.874550521,0.999996538,1,"0.99907976
","0.9997331
"
cms_smime.c_cms_smime.c,CMS_sign_receipt,CMS_sign_receipt,0.929152632,C,1,0.803019762,0.999979811,1,"0.97738457
","0.98770887
"
cms_sd.c_cms_sd.c,cms_SignerInfo_content_sign,cms_SignerInfo_content_sign,0.871939756,C,1,0,0,0,"0
",0
cms_sd.c_cms_sd.c,CMS_SignerInfo_sign,CMS_SignerInfo_sign,0.823084833,C,1,0.722643614,0.972102998,0.9045699,"0.9416138
","0.9802381
"
cms_smime.c_cms_smime.c,CMS_verify,CMS_verify,0.96072334,C,1,0.986011028,0.990627164,0.893537663,"0.97907424
","0.9136298
"
dh_key.c_dh_key.c,compute_key,compute_key,0.953322279,D,1,0.660152614,0.987385737,0.89378251,"0.8834384
","0.98993945
"
dh_key.c_dh_key.c,compute_key,generate_key,0.820078541,E,0,0.39117223,0.922784099,0.617651305,"0.37442935
","0.77886546
"
ec_mult.c_bn_intern.c,compute_wNAF,bn_compute_wNAF,0.871334173,E,1,0.87578249,0.998339558,0.899104071,"0.9878156
","0.8970292
"
bss_conn.c_bss_conn.c,conn_ctrl,conn_ctrl,0.909824736,D,1,0.910420477,0.335653097,0.813031334,"0.65223205
","0.9172722
"
x509_alt.c_v3_alt.c,copy_email,copy_email,0.949849832,C,1,0.691111088,0.992521747,0.807367866,"0.94669884
","0.91437787
"
ts.c_ts.c,create_query,create_query,0.954475069,C,1,0,0,0,"0
",0
x509_vfy.c_x509_vfy.c,crl_akid_check,crl_akid_check,0.984772709,A,1,0,0,0,"0
",0
x_crl.c_x_crl.c,crl_cb,crl_cb,0.922693172,E,1,0.983298481,0.992358228,0.875959587,"0.93927616
","0.87476283
"
x_crl.c_x_crl.c,crl_set_issuers,crl_set_issuers,0.868780522,A,1,0,0,0,"0
",0
crl2p7.c_crl2p7.c,crl2pkcs7_main,crl2pkcs7_main,0.884084753,E,0,0,-0.081893971,0.733705208,"0.25662944
","0.7471451
"
cbc128.c_cbc128.c,CRYPTO_cbc128_decrypt,CRYPTO_cbc128_decrypt,0.95636616,A,1,0.835708797,0.988051704,0.877033753,"0.9982766
","0.9947132
"
ccm128.c_ccm128.c,CRYPTO_ccm128_decrypt,CRYPTO_ccm128_decrypt,0.964272317,A,1,0.735136211,0.99079641,0.894133561,"0.9994976
","0.9952545
"
ccm128.c_ccm128.c,CRYPTO_ccm128_decrypt,CRYPTO_ccm128_decrypt_ccm64,0.867973876,E,0,0.719275832,0.989511992,0.764505977,"0.9445066
","0.9392358
"
ccm128.c_ccm128.c,CRYPTO_ccm128_decrypt,CRYPTO_ccm128_encrypt,0.963555384,D,0,0.729212224,0.99522358,0.821408533,"0.99659306
","0.91787857
"
ccm128.c_ccm128.c,CRYPTO_ccm128_decrypt,CRYPTO_ccm128_encrypt_ccm64,0.864051822,E,0,0.742570102,0.996571674,0.794917569,"0.96754456
","0.9497022
"
ccm128.c_ccm128.c,CRYPTO_ccm128_decrypt_ccm64,CRYPTO_ccm128_decrypt,0.884274881,E,0,0.669009566,0.990860137,0.790816157,"0.96610826
","0.9460872
"
ccm128.c_ccm128.c,CRYPTO_ccm128_decrypt_ccm64,CRYPTO_ccm128_decrypt_ccm64,0.976685273,A,1,0.597100258,0.991248313,0.888116901,"0.9976872
","0.98844206
"
ccm128.c_ccm128.c,CRYPTO_ccm128_decrypt_ccm64,CRYPTO_ccm128_encrypt,0.875402581,E,0,0.750025451,0.994073252,0.741486564,"0.9572311
","0.8874422
"
ccm128.c_ccm128.c,CRYPTO_ccm128_decrypt_ccm64,CRYPTO_ccm128_encrypt_ccm64,0.975688247,D,0,0.717008293,0.994474963,0.820500656,"0.9960878
","0.9489001
"
ccm128.c_ccm128.c,CRYPTO_ccm128_encrypt,CRYPTO_ccm128_decrypt,0.959081206,D,0,0.592012763,0.973362649,0.790207111,"0.996399
","0.91420066
"
ccm128.c_ccm128.c,CRYPTO_ccm128_encrypt,CRYPTO_ccm128_decrypt_ccm64,0.856008305,E,0,0.609629333,0.975257969,0.715863452,"0.93685746
","0.87161106
"
ccm128.c_ccm128.c,CRYPTO_ccm128_encrypt,CRYPTO_ccm128_encrypt,0.964213485,A,1,0.780424297,0.987924113,0.893304835,"0.99937624
","0.995521
"
ccm128.c_ccm128.c,CRYPTO_ccm128_encrypt,CRYPTO_ccm128_encrypt_ccm64,0.852504524,E,0,0.7398265,0.990540648,0.804874572,"0.965221
","0.91580164
"
ccm128.c_ccm128.c,CRYPTO_ccm128_encrypt_ccm64,CRYPTO_ccm128_decrypt,0.882028051,E,0,0.646383166,0.958395939,0.771111012,"0.985234
","0.91437465
"
ccm128.c_ccm128.c,CRYPTO_ccm128_encrypt_ccm64,CRYPTO_ccm128_decrypt_ccm64,0.978001716,D,0,0.705470204,0.962691537,0.772178212,"0.984905
","0.94092095
"
ccm128.c_ccm128.c,CRYPTO_ccm128_encrypt_ccm64,CRYPTO_ccm128_encrypt,0.873515695,E,0,0.820439875,0.975000881,0.809520857,"0.98214066
","0.91256106
"
ccm128.c_ccm128.c,CRYPTO_ccm128_encrypt_ccm64,CRYPTO_ccm128_encrypt_ccm64,0.97820292,A,1,0.859887123,0.985882229,0.895284908,"0.9966334
","0.9783765
"
ctr128.c_ctr128.c,CRYPTO_ctr128_encrypt_ctr32,CRYPTO_ctr128_encrypt_ctr32,0.936186665,B,1,0.592205226,0.974258622,0.734802202,"0.96932024
","0.9343296
"
gcm128.c_gcm128.c,CRYPTO_gcm128_aad,CRYPTO_gcm128_aad,0.96454282,A,1,0.748745799,1,0.995744681,"1.0000001
","1.0
"
gcm128.c_gcm128.c,CRYPTO_gcm128_aad,CRYPTO_gcm128_decrypt_ctr32,0.830143477,E,0,0.847164273,0.980701313,0.75523261,"0.9003183
","0.7403665
"
gcm128.c_gcm128.c,CRYPTO_gcm128_aad,CRYPTO_gcm128_encrypt_ctr32,0.838557603,E,0,0.709868968,0.977990999,0.762090893,"0.9754971
","0.81289595
"
gcm128.c_gcm128.c,CRYPTO_gcm128_aad,CRYPTO_gcm128_setiv,0.826836386,E,0,0.766176999,0.95811768,0.739300087,"0.9620804
","0.87614346
"
gcm128.c_gcm128.c,CRYPTO_gcm128_decrypt_ctr32,CRYPTO_gcm128_aad,0.865160478,E,0,0.809022903,0.980701313,0.735374454,"0.9003183
","0.7403665
"
gcm128.c_gcm128.c,CRYPTO_gcm128_decrypt_ctr32,CRYPTO_gcm128_decrypt_ctr32,0.943877584,E,1,0.807731092,1,0.978723404,"1.0
","0.9999999
"
gcm128.c_gcm128.c,CRYPTO_gcm128_decrypt_ctr32,CRYPTO_gcm128_encrypt_ctr32,0.944056249,E,0,0.621949017,0.998108925,0.936098209,"0.9685569
","0.94177014
"
gcm128.c_gcm128.c,CRYPTO_gcm128_encrypt_ctr32,CRYPTO_gcm128_aad,0.873145693,E,0,0.678548396,0.977990999,0.753580255,"0.9754971
","0.81289595
"
gcm128.c_gcm128.c,CRYPTO_gcm128_encrypt_ctr32,CRYPTO_gcm128_decrypt_ctr32,0.942292264,E,0,0.861148655,0.998108925,0.952055655,"0.9685569
","0.94177014
"
gcm128.c_gcm128.c,CRYPTO_gcm128_encrypt_ctr32,CRYPTO_gcm128_encrypt_ctr32,0.946032534,E,1,0.750370681,1,0.994680851,"0.99999994
","1.0
"
gcm128.c_gcm128.c,CRYPTO_gcm128_setiv,CRYPTO_gcm128_aad,0.826713121,E,0,0.611821115,0.95811768,0.754612789,"0.9620804
","0.87614346
"
gcm128.c_gcm128.c,CRYPTO_gcm128_setiv,CRYPTO_gcm128_setiv,0.945745752,E,1,0.707263887,1,0.983236622,"0.9999999
","1.0000001
"
xts128.c_xts128.c,CRYPTO_xts128_encrypt,CRYPTO_xts128_encrypt,0.940800654,E,1,0.556634605,0.990227196,0.837368364,"0.99478364
","0.99213296
"
a_int.c_a_bitstr.c,d2i_ASN1_UINTEGER,c2i_ASN1_BIT_STRING,0.896780028,E,0,0.707826316,0.951645325,0.695909393,"0.6544099
","0.9193659
"
a_int.c_a_int.c,d2i_ASN1_UINTEGER,d2i_ASN1_UINTEGER,0.978646563,D,1,0.704486907,0.985408506,0.850253699,"0.96609235
","0.87570673
"
ec_asn1.c_ec_asn1.c,d2i_ECPrivateKey,d2i_ECPrivateKey,0.875274683,E,1,0.378037155,0.970739852,0.800431835,"0.6567953
","0.9248066
"
pem_pk8.c_pem_pk8.c,d2i_PKCS8PrivateKey_bio,d2i_PKCS8PrivateKey_bio,0.987983832,C,1,0.268137038,0.964921086,0.886095912,"0.79490864
","0.8611188
"
pem_pk8.c_pem_pkey.c,d2i_PKCS8PrivateKey_bio,PEM_read_bio_PrivateKey,0.851405848,E,0,0.632006288,0.926647909,0.739610966,"0.4364156
","0.75709957
"
d2i_pr.c_d2i_pr.c,d2i_PrivateKey,d2i_PrivateKey,0.971958541,D,1,0.44844988,0.998496804,0.916261874,"0.62555957
","0.9723492
"
conf_def.c_conf_def.c,def_load_bio,def_load_bio,0.948995638,E,1,0.99797374,0.988959369,0.926958882,"0.9879986
","0.8944827
"
cbc_enc.c_cbc_enc.c,DES_cbc_encrypt,DES_cbc_encrypt,0.916344834,A,1,0,0.992968967,0,"0.99808145
",0
cbc_enc.c_des_enc.c,DES_cbc_encrypt,DES_ede3_cbc_encrypt,0.846023126,E,0,0,0.988834817,0,"0.9946017
",0
cbc_enc.c_des_enc.c,DES_cbc_encrypt,DES_ncbc_encrypt,0.898736272,A,1,0,0.99063851,0,"0.99622864
",0
cbc_enc.c_xcbc_enc.c,DES_cbc_encrypt,DES_xcbc_encrypt,0.869551345,E,0,0,0.989756402,0,"0.99473315
",0
cfb_enc.c_cfb_enc.c,DES_cfb_encrypt,DES_cfb_encrypt,0.934568986,B,1,0.98058331,0.992079976,0.851217115,"0.9962591
","0.9562589
"
cfb_enc.c_ofb_enc.c,DES_cfb_encrypt,DES_ofb_encrypt,0.884859168,E,0,0,0.983228561,0,"0.97514665
",0
e_des.c_e_des.c,des_cfb1_cipher,des_cfb1_cipher,0.974859734,A,1,0.318749398,0.98898515,0.829350158,"0.9754753
","0.9253021
"
cfb64enc.c_cfb64enc.c,DES_cfb64_encrypt,DES_cfb64_encrypt,0.914734895,A,1,0.374735802,0.982570535,0.883229503,"0.9897086
","0.98861337
"
cfb64enc.c_cfb64ede.c,DES_cfb64_encrypt,DES_ede3_cfb64_encrypt,0.888761611,E,0,0.370214283,0.980903095,0.87842923,"0.980291
","0.94110364
"
cfb64enc.c_ofb64ede.c,DES_cfb64_encrypt,DES_ede3_ofb64_encrypt,0.804067319,E,0,0.41690132,0.985080298,0.69411717,"0.94756514
","0.91917235
"
cfb64enc.c_ofb64enc.c,DES_cfb64_encrypt,DES_ofb64_encrypt,0.835850594,E,0,0.394868255,0.984896543,0.693850669,"0.9449178
","0.90759736
"
des_enc.c_cbc_enc.c,DES_ede3_cbc_encrypt,DES_cbc_encrypt,0.839298429,E,0,0,0.992317186,0,"0.9991589
",0
des_enc.c_des_enc.c,DES_ede3_cbc_encrypt,DES_ede3_cbc_encrypt,0.922417666,A,1,0.862270236,0.996119885,0.910704866,"0.9992785
","0.9898039
"
des_enc.c_cfb64ede.c,DES_ede3_cbc_encrypt,DES_ede3_cfb64_encrypt,0.831850258,E,0,0.396988958,0.968616993,0.609834954,"0.9805375
","0.9053605
"
des_enc.c_des_enc.c,DES_ede3_cbc_encrypt,DES_ncbc_encrypt,0.836991626,E,0,0.912719846,0.996207909,0.902917025,"0.999188
","0.9626331
"
des_enc.c_xcbc_enc.c,DES_ede3_cbc_encrypt,DES_xcbc_encrypt,0.808164747,E,0,0.839161575,0.994490332,0.835437045,"0.9977642
","0.9421788
"
ede_cbcm_enc.c_cbc_enc.c,DES_ede3_cbcm_encrypt,DES_cbc_encrypt,0.891001672,E,0,0,0.982394505,0,"0.9879595
",0
ede_cbcm_enc.c_cfb64enc.c,DES_ede3_cbcm_encrypt,DES_cfb64_encrypt,0.834051399,E,0,0,0.978816473,0,"0.9344407
",0
ede_cbcm_enc.c_des_enc.c,DES_ede3_cbcm_encrypt,DES_ede3_cbc_encrypt,0.839410685,E,0,0,0.989238531,0,"0.9860907
",0
ede_cbcm_enc.c_cfb64ede.c,DES_ede3_cbcm_encrypt,DES_ede3_cfb64_encrypt,0.800346641,E,0,0,0.978576573,0,"0.952894
",0
ede_cbcm_enc.c_des_enc.c,DES_ede3_cbcm_encrypt,DES_ncbc_encrypt,0.897592731,E,0,0,0.987693174,0,"0.99016196
",0
ede_cbcm_enc.c_xcbc_enc.c,DES_ede3_cbcm_encrypt,DES_xcbc_encrypt,0.882610632,E,0,0,0.986014273,0,"0.99405175
",0
cfb64ede.c_cfb64ede.c,DES_ede3_cfb_encrypt,DES_ede3_cfb_encrypt,0.86789552,A,1,0.964556277,0.992809896,0.925920168,"0.9994019
","0.9795961
"
e_des3.c_e_des3.c,des_ede3_cfb1_cipher,des_ede3_cfb1_cipher,0.883380322,C,1,0.353772283,0.951906405,0.755068779,"0.94912416
","0.8547156
"
cfb64ede.c_cfb64enc.c,DES_ede3_cfb64_encrypt,DES_cfb64_encrypt,0.885888604,E,0,0.427482843,0.986298751,0.88330266,"0.97578424
","0.97237176
"
cfb64ede.c_des_enc.c,DES_ede3_cfb64_encrypt,DES_ede3_cbc_encrypt,0.806462742,E,0,0.375439644,0.973369425,0.650942135,"0.9835777
","0.9233927
"
cfb64ede.c_cfb64ede.c,DES_ede3_cfb64_encrypt,DES_ede3_cfb64_encrypt,0.922886742,A,1,0.615163803,0.985027139,0.883241647,"0.98434377
","0.9741107
"
cfb64ede.c_ofb64ede.c,DES_ede3_cfb64_encrypt,DES_ede3_ofb64_encrypt,0.818308944,E,0,0.615019143,0.983635095,0.693699433,"0.9495751
","0.9273276
"
cfb64ede.c_ofb64enc.c,DES_ede3_cfb64_encrypt,DES_ofb64_encrypt,0.81337573,E,0,0.411984831,0.983428415,0.693734106,"0.9532558
","0.9202923
"
ofb64ede.c_cfb64enc.c,DES_ede3_ofb64_encrypt,DES_cfb64_encrypt,0.887092421,E,0,0.521473408,0.966964389,0.768095082,"0.8921032
","0.9012537
"
ofb64ede.c_des_enc.c,DES_ede3_ofb64_encrypt,DES_ede3_cbc_encrypt,0.817993733,E,0,0.043179668,0.979365613,0.532471954,"0.91472346
","0.9156788
"
ofb64ede.c_cfb64ede.c,DES_ede3_ofb64_encrypt,DES_ede3_cfb64_encrypt,0.919498803,E,0,0.306037456,0.965348508,0.766170836,"0.8907226
","0.8956403
"
ofb64ede.c_ofb64ede.c,DES_ede3_ofb64_encrypt,DES_ede3_ofb64_encrypt,0.937283653,A,1,0.548204243,0.99366118,0.855543368,"0.994563
","0.95295775
"
ofb64ede.c_ofb_enc.c,DES_ede3_ofb64_encrypt,DES_ofb_encrypt,0.827883472,E,0,0,0.967256783,0,"0.92025054
",0
ofb64ede.c_ofb64enc.c,DES_ede3_ofb64_encrypt,DES_ofb64_encrypt,0.936501812,E,0,0.795335591,0.994086848,0.855380469,"0.9941635
","0.9618005
"
des_enc.c_cbc_enc.c,DES_ncbc_encrypt,DES_cbc_encrypt,0.896097538,A,1,0,0.992019274,0,"0.9986054
",0
des_enc.c_cfb64enc.c,DES_ncbc_encrypt,DES_cfb64_encrypt,0.805444494,E,0,0.458049625,0.970554292,0.605972445,"0.96308005
","0.8705244
"
des_enc.c_des_enc.c,DES_ncbc_encrypt,DES_ede3_cbc_encrypt,0.840229428,E,0,0.914517999,0.995502492,0.895844111,"0.99933094
","0.9624904
"
des_enc.c_des_enc.c,DES_ncbc_encrypt,DES_ncbc_encrypt,0.894495024,A,1,0.882959843,0.995854525,0.91678419,"0.9997346
","0.98725003
"
des_enc.c_xcbc_enc.c,DES_ncbc_encrypt,DES_xcbc_encrypt,0.871650333,E,0,0.904854298,0.99359375,0.819785488,"0.9992978
","0.96098125
"
ofb_enc.c_cfb_enc.c,DES_ofb_encrypt,DES_cfb_encrypt,0.857170321,E,0,0,0.994108909,0,"0.9908468
",0
ofb_enc.c_cfb64enc.c,DES_ofb_encrypt,DES_cfb64_encrypt,0.811158539,E,0,0,0.969716655,0,"0.95164555
",0
ofb_enc.c_ofb_enc.c,DES_ofb_encrypt,DES_ofb_encrypt,0.910705584,A,1,0,0.987914906,0,"0.99597317
",0
ofb_enc.c_ofb64enc.c,DES_ofb_encrypt,DES_ofb64_encrypt,0.803357152,E,0,0,0.97105306,0,"0.93134564
",0
ofb64enc.c_cfb64enc.c,DES_ofb64_encrypt,DES_cfb64_encrypt,0.903518263,E,0,0.661158741,0.967464075,0.767088619,"0.87906617
","0.8856716
"
ofb64enc.c_cfb64ede.c,DES_ofb64_encrypt,DES_ede3_cfb64_encrypt,0.88779691,E,0,0.552512765,0.966250553,0.76384317,"0.88265246
","0.88507825
"
ofb64enc.c_ofb64ede.c,DES_ofb64_encrypt,DES_ede3_ofb64_encrypt,0.921290222,E,0,0.593494356,0.99282833,0.855852484,"0.98681164
","0.9662279
"
ofb64enc.c_ofb_enc.c,DES_ofb64_encrypt,DES_ofb_encrypt,0.841415577,E,0,0,0.967965056,0,"0.92100453
",0
ofb64enc.c_ofb64enc.c,DES_ofb64_encrypt,DES_ofb64_encrypt,0.949780644,A,1,0.664508402,0.993481967,0.855533142,"0.99722636
","0.97933984
"
qud_cksm.c_qud_cksm.c,DES_quad_cksum,DES_quad_cksum,0.96742706,A,1,0,0.982830483,0,"0.99778646
",0
set_key.c_set_key.c,DES_set_key_unchecked,DES_set_key_unchecked,0.863286488,A,1,0.604658723,0.999792913,0.980679829,"0.9925422
","1.0000001
"
xcbc_enc.c_cbc_enc.c,DES_xcbc_encrypt,DES_cbc_encrypt,0.856652079,E,0,0,0.992945991,0,"0.9962165
",0
xcbc_enc.c_cfb64enc.c,DES_xcbc_encrypt,DES_cfb64_encrypt,0.820429441,E,0,0.340276927,0.967873963,0.625739423,"0.952889
","0.8667674
"
xcbc_enc.c_des_enc.c,DES_xcbc_encrypt,DES_ncbc_encrypt,0.860183738,E,0,0.887787759,0.996758268,0.849839728,"0.9977945
","0.95448685
"
xcbc_enc.c_xcbc_enc.c,DES_xcbc_encrypt,DES_xcbc_encrypt,0.894993048,A,1,0.799427092,0.994882371,0.8806078,"0.9987711
","0.9908574
"
bss_dgram.c_bss_dgram.c,dgram_ctrl,dgram_ctrl,0.834369508,E,1,0.962304533,0.410638375,0.805715575,"0.70092237
","0.88019764
"
dh_ameth.c_dh_ameth.c,dh_priv_decode,dh_priv_decode,0.869328279,C,1,0.633175492,0.954639365,0.907280358,"0.7990792
","0.91830665
"
dh_ameth.c_dh_ameth.c,dh_pub_decode,dh_pub_decode,0.890676408,D,1,0.864651322,0.954124756,0.920679174,"0.91491175
","0.9068124
"
ca.c_ca.c,do_body,do_body,0.906246819,E,1,0.99957633,0.96074029,0.882568181,"0
","0.95159686
"
a_strex.c_a_strex.c,do_buf,do_buf,0.846248677,B,1,0.678298771,0.701433558,0.663198557,"0.96037304
","0.86177284
"
x509_conf.c_v3_conf.c,do_ext_nconf,do_ext_nconf,0.964993531,E,1,0.677190125,0.99860771,0.965355751,"0.8963674
","0.9387094
"
speed.c_speed.c,do_multi,do_multi,0.883103668,E,1,0,0,0,"0
",0
a_strex.c_a_strex.c,do_name_ex,do_name_ex,0.950722484,A,1,0.951365352,0.968719992,0.933500558,"0.9910059
","0.95950836
"
passwd.c_passwd.c,do_passwd,do_passwd,0.931144099,D,1,0.953066826,0.971922083,0.765228792,"0.9422654
","0.82567036
"
pem_pk8.c_pem_pk8.c,do_pk8pkey,do_pk8pkey,0.982515035,D,1,0.767409086,0.989828627,0.93676751,"0.971254
","0.9789652
"
pvkfmt.c_pvkfmt.c,do_PVK_body,do_PVK_body,0.984895797,D,1,0,0,0,"0
",0
pvkfmt.c_pvkfmt.c,do_PVK_body,i2b_PVK,0.894305716,E,0,0,0,0,"0
",0
ca.c_ca.c,do_revoke,do_revoke,0.894560234,D,1,0.840915382,0.975732051,0.861076037,"0.8675226
","0.95044327
"
ca.c_ca.c,do_updatedb,do_updatedb,0.959037594,D,1,0,0,0,"0
",0
ca.c_ca.c,do_updatedb,get_certificate_status,0.820702199,E,0,0,0,0,"0
",0
x509_utl.c_v3_utl.c,do_x509_check,do_x509_check,0.9544063,E,1,0.975756586,0.953341837,0.775956636,"0.9843087
","0.9692398
"
dsa_gen.c_dsa_gen.c,dsa_builtin_paramgen,dsa_builtin_paramgen,0.927995448,D,1,0.990974247,0.970712486,0.831715475,"0.9819259
","0.9433886
"
dsa_gen.c_dsa_gen.c,dsa_builtin_paramgen,dsa_builtin_paramgen2,0.907741517,E,0,0.987922788,0.930757728,0.69368325,"0
","0.8299805
"
dsa_ossl.c_dsa_ossl.c,dsa_do_sign,dsa_do_sign,0.829569801,E,1,0.731205046,0.986911974,0.769087456,"0.7303269
","0.8716481
"
dsa_ossl.c_dsa_ossl.c,dsa_do_verify,dsa_do_verify,0.846017732,E,1,0,0.987769548,0.843079301,"0.9796384
","0.9699213
"
dsa.c_dsa.c,dsa_main,dsa_main,0.878889292,E,0,0,0.857076036,0.613130431,"0.202001
","0.8133603
"
dsa_ameth.c_dsa_ameth.c,dsa_priv_decode,dsa_priv_decode,0.922813335,D,1,0.697143555,0.934934305,0.86387445,"0.8609644
","0.93030185
"
dsa_ameth.c_dsa_ameth.c,dsa_priv_decode,dsa_pub_decode,0.811142349,E,0,0.665451288,0.891849942,0.820906357,"0.95947444
","0.893074
"
dsa_ameth.c_dsa_ameth.c,dsa_pub_decode,dsa_priv_decode,0.80724992,E,0,0.849025846,0.972003561,0.871054338,"0.6625118
","0.83996576
"
dsa_ameth.c_dsa_ameth.c,dsa_pub_decode,dsa_pub_decode,0.943994365,D,1,0.858508825,0.967316714,0.902792642,"0.9382521
","0.94714713
"
dsa_ossl.c_dsa_ossl.c,dsa_sign_setup,dsa_sign_setup,0.891988969,E,1,0,0.968196259,0.670422091,"0.8401961
","0.91182226
"
dsaparam.c_dsaparam.c,dsaparam_main,dsaparam_main,0.815154215,E,0,-0.430252999,0.005633891,0.656168061,"0.4357541
","0.83460647
"
d1_both.c_statem_dtls.c,dtls1_buffer_message,dtls1_buffer_message,0.881345487,D,1,0.760778666,0.990510716,0.807151454,"0.7839137
","0.82678914
"
d1_pkt.c_d1_msg.c,dtls1_dispatch_alert,dtls1_dispatch_alert,0.938707656,A/C（强制转换？）,1,0,0.979361172,0.860689228,"0.90732545
","0.78276956
"
d1_both.c_statem_dtls.c,dtls1_retransmit_message,dtls1_retransmit_message,0.800386517,E,1,0.273937821,0.985269756,0.735555293,"0.9882411
","0.8050994
"
ec_asn1.c_ec_asn1.c,ec_asn1_group2curve,ec_asn1_group2curve,0.985045956,D,1,0,0,0,"0
",0
ec_asn1.c_ec_asn1.c,ec_asn1_group2fieldid,ec_asn1_group2fieldid,0.957767283,D,1,0,0,0,"0
",0
ec_asn1.c_ec_asn1.c,ec_asn1_group2parameters,EC_GROUP_get_ecparameters,0.870475799,E,0,0,0,0,"0
",0
ec_asn1.c_ec_asn1.c,ec_asn1_parameters2group,EC_GROUP_new_from_ecparameters,0.969089788,C,1,0,0,0,"0
",0
ec2_mult.c_ec2_mult.c,ec_GF2m_montgomery_point_multiply,ec_GF2m_montgomery_point_multiply,0.941898929,E,1,0.979123294,0.983841027,0.839986384,"0.99123913
","0.95037395
"
ec2_smpl.c_ec2_oct.c,ec_GF2m_simple_add,ec_GF2m_simple_oct2point,0.904664406,E,0,0.017036757,0.987562545,0.690773214,"0.6695473
","0.59714884
"
ec2_smpl.c_ec2_oct.c,ec_GF2m_simple_add,ec_GF2m_simple_point2oct,0.846902028,E,0,0.742904186,0.979477432,0.638658923,"0.22165687
","0.63453156
"
ec2_smpl.c_ec2_oct.c,ec_GF2m_simple_add,ec_GF2m_simple_set_compressed_coordinates,0.895217547,E,0,0.029184686,0.986831815,0.7038835,"0.893445
","0.93305683
"
ec2_smpl.c_ecp_oct.c,ec_GF2m_simple_add,ec_GFp_simple_oct2point,0.893861107,E,0,-0.052915964,0.989398761,0.683212024,"0.34177977
","0.60946554
"
ec2_smpl.c_ecp_oct.c,ec_GF2m_simple_add,ec_GFp_simple_point2oct,0.836862049,E,0,0.560871959,0.9835031,0.621831082,"0.13415942
","0.63334125
"
ec2_smpl.c_ecp_oct.c,ec_GF2m_simple_add,ec_GFp_simple_set_compressed_coordinates,0.84277949,E,0,0.737318158,0.9591575,0.735378138,"0.8843309
","0.8293185
"
ec2_smpl.c_ec2_smpl.c,ec_GF2m_simple_is_on_curve,ec_GF2m_simple_is_on_curve,0.984260672,B,1,0.83198446,0.998542839,0.876870085,"0.98321176
","0.9766126
"
ec2_smpl.c_ec2_oct.c,ec_GF2m_simple_is_on_curve,ec_GF2m_simple_set_compressed_coordinates,0.800234357,E,0,0.803277194,0.99442143,0.746618223,"0.9501733
","0.8248657
"
ec2_smpl.c_ecp_smpl.c,ec_GF2m_simple_is_on_curve,ec_GFp_simple_add,0.852356298,E,0,0.043117408,0.93682157,0.683258972,"0.8119069
","0.8370397
"
ec2_smpl.c_ecp_smpl.c,ec_GF2m_simple_is_on_curve,ec_GFp_simple_cmp,0.938150488,E,0,0.272284836,0.989620208,0.751551346,"0.83064836
","0.90202713
"
ec2_smpl.c_ecp_smpl.c,ec_GF2m_simple_is_on_curve,ec_GFp_simple_dbl,0.867510807,E,0,0.028772986,0.989896923,0.690950701,"0.96459633
","0.8981881
"
ec2_smpl.c_ecp_smpl.c,ec_GF2m_simple_is_on_curve,ec_GFp_simple_is_on_curve,0.952340804,E,0,0.613602042,0.995219977,0.744237541,"0.9770299
","0.9456201
"
ec2_mult.c_ec2_mult.c,ec_GF2m_simple_mul,ec_GF2m_simple_mul,0.984177499,A,1,0.63169539,0.997692487,0.935309109,"0.99233574
","0.97304416
"
ec2_oct.c_ec2_oct.c,ec_GF2m_simple_oct2point,ec_GF2m_simple_oct2point,0.959157667,D,1,0.561146021,0.998416196,0.923561192,"0.9403318
","0.9604317
"
ec2_oct.c_ec2_oct.c,ec_GF2m_simple_oct2point,ec_GF2m_simple_point2oct,0.862069547,E,0,0.966155171,0.990918985,0.834580844,"0.63214517
","0.92234635
"
ec2_oct.c_ec2_oct.c,ec_GF2m_simple_oct2point,ec_GF2m_simple_set_compressed_coordinates,0.889948638,E,0,0.437997758,0.989990872,0.7352879,"0.7862968
","0.5318082
"
ec2_oct.c_ecp_oct.c,ec_GF2m_simple_oct2point,ec_GFp_simple_oct2point,0.958353063,E,1,0.492449582,0.99896804,0.919242388,"0.7660102
","0.9378453
"
ec2_oct.c_ecp_oct.c,ec_GF2m_simple_oct2point,ec_GFp_simple_point2oct,0.861366679,E,0,0.933887124,0.993134079,0.804496793,"0.57728964
","0.8766107
"
ec2_oct.c_ecp_oct.c,ec_GF2m_simple_oct2point,ec_GFp_simple_set_compressed_coordinates,0.831893257,E,0,0.962063372,0.958097177,0.749491481,"0.7512017
","0.45349047
"
ec2_oct.c_ec2_oct.c,ec_GF2m_simple_point2oct,ec_GF2m_simple_oct2point,0.905374377,E,0,0.138031393,0.982499729,0.79754636,"0.69791085
","0.8662851
"
ec2_oct.c_ec2_oct.c,ec_GF2m_simple_point2oct,ec_GF2m_simple_point2oct,0.965573496,D,1,0.852987289,0.999591638,0.962269734,"0.9812919
","0.96967304
"
ec2_oct.c_ec2_oct.c,ec_GF2m_simple_point2oct,ec_GF2m_simple_set_compressed_coordinates,0.882364816,E,0,0.098223828,0.966225445,0.658863225,"0.5762788
","0.62519234
"
ec2_oct.c_ecp_oct.c,ec_GF2m_simple_point2oct,ec_GFp_simple_oct2point,0.903766457,E,0,0.079662099,0.989549485,0.791979826,"0.8059389
","0.85773546
"
ec2_oct.c_ecp_oct.c,ec_GF2m_simple_point2oct,ec_GFp_simple_point2oct,0.962906783,E,1,0.705303907,0.997558976,0.930468413,"0.9576027
","0.91037107
"
ec2_oct.c_ecp_oct.c,ec_GF2m_simple_point2oct,ec_GFp_simple_set_compressed_coordinates,0.826451637,E,0,0.868543923,0.96935296,0.683700918,"0.53214544
","0.59731025
"
ec2_oct.c_ec2_oct.c,ec_GF2m_simple_set_compressed_coordinates,ec_GF2m_simple_oct2point,0.922925556,E,0,0.922828019,0.996548045,0.811143065,"0.77757627
","0.58181834
"
ec2_oct.c_ec2_oct.c,ec_GF2m_simple_set_compressed_coordinates,ec_GF2m_simple_point2oct,0.869335268,E,0,0.537242055,0.978318333,0.726593611,"0.41633153
","0.63090056
"
ec2_oct.c_ec2_oct.c,ec_GF2m_simple_set_compressed_coordinates,ec_GF2m_simple_set_compressed_coordinates,0.967564032,D,1,0.889647961,0.997152122,0.868036782,"0.93947554
","0.9643174
"
ec2_oct.c_ecp_oct.c,ec_GF2m_simple_set_compressed_coordinates,ec_GFp_simple_oct2point,0.919281356,E,0,0.896186411,0.995165025,0.809061135,"0.51446056
","0.5917403
"
ec2_oct.c_ecp_oct.c,ec_GF2m_simple_set_compressed_coordinates,ec_GFp_simple_point2oct,0.866241566,E,0,0.692963779,0.983581017,0.72905744,"0.32273442
","0.59872425
"
ec2_oct.c_ecp_oct.c,ec_GF2m_simple_set_compressed_coordinates,ec_GFp_simple_set_compressed_coordinates,0.875188151,E,0,0.536145508,0.949399457,0.822576779,"0.9107203
","0.90689254
"
ecp_mont.c_ecp_mont.c,ec_GFp_mont_group_set_curve,ec_GFp_mont_group_set_curve,0.961872023,C,1,0.856215894,0.999906861,0.969555153,"0.99514675
","0.9622823
"
ecp_smpl.c_ec2_smpl.c,ec_GFp_simple_add,ec_GF2m_simple_is_on_curve,0.877066183,E,0,0.175568923,0.962549064,0.583467004,"0.793278
","0.7721917
"
ecp_smpl.c_ecp_smpl.c,ec_GFp_simple_add,ec_GFp_simple_add,0.986352758,B,1,0.969401181,0.972786561,0.783228529,"0.9292244
","0.95367855
"
ecp_smpl.c_ecp_smpl.c,ec_GFp_simple_add,ec_GFp_simple_cmp,0.932073806,E,0,0.757761598,0.969359935,0.696746585,"0.84623265
","0.84764725
"
ecp_smpl.c_ecp_smpl.c,ec_GFp_simple_add,ec_GFp_simple_dbl,0.912291054,E,0,0.980794311,0.97546093,0.754153079,"0.9235953
","0.884097
"
ecp_smpl.c_ecp_smpl.c,ec_GFp_simple_add,ec_GFp_simple_is_on_curve,0.934389857,E,0,0.532445669,0.962737243,0.681285709,"0.94513816
","0.84743583
"
ecp_smpl.c_ec2_smpl.c,ec_GFp_simple_cmp,ec_GF2m_simple_is_on_curve,0.943743667,E,0,0.195655242,0.984488831,0.691908239,"0.7846118
","0.8935502
"
ecp_smpl.c_ec2_oct.c,ec_GFp_simple_cmp,ec_GF2m_simple_oct2point,0.819946901,E,0,0.012824804,0.995026164,0.743805558,"0.81375855
","0.5575181
"
ecp_smpl.c_ec2_oct.c,ec_GFp_simple_cmp,ec_GF2m_simple_set_compressed_coordinates,0.816482401,E,0,-0.015321211,0.99157299,0.715983711,"0.8878657
","0.89460003
"
ecp_smpl.c_ecp_smpl.c,ec_GFp_simple_cmp,ec_GFp_simple_add,0.908822485,E,0,0.967955053,0.950794876,0.751276913,"0.9518068
","0.8884934
"
ecp_smpl.c_ecp_smpl.c,ec_GFp_simple_cmp,ec_GFp_simple_cmp,0.982159069,B,1,0.770908177,0.999293075,0.888069507,"0.9945096
","0.9813198
"
ecp_smpl.c_ecp_smpl.c,ec_GFp_simple_cmp,ec_GFp_simple_dbl,0.898968963,E,0,0.966931224,0.994726217,0.762952523,"0.9156446
","0.9530932
"
ecp_smpl.c_ecp_smpl.c,ec_GFp_simple_cmp,ec_GFp_simple_is_on_curve,0.959709642,E,0,0.545331478,0.995913173,0.814331954,"0.90119165
","0.95613986
"
ecp_smpl.c_ecp_oct.c,ec_GFp_simple_cmp,ec_GFp_simple_oct2point,0.811872124,E,0,-0.052870497,0.99576925,0.737769293,"0.6459086
","0.5819911
"
ecp_smpl.c_ec2_smpl.c,ec_GFp_simple_dbl,ec_GF2m_simple_is_on_curve,0.888417792,E,0,0.424887925,0.977955254,0.707185645,"0.9016361
","0.84061825
"
ecp_smpl.c_ecp_smpl.c,ec_GFp_simple_dbl,ec_GFp_simple_add,0.907172351,E,0,0.974735439,0.956698301,0.849772471,"0.8965535
","0.91679114
"
ecp_smpl.c_ecp_smpl.c,ec_GFp_simple_dbl,ec_GFp_simple_cmp,0.916460343,E,0,0.887197137,0.987148978,0.810621476,"0.8591167
","0.9246891
"
ecp_smpl.c_ecp_smpl.c,ec_GFp_simple_dbl,ec_GFp_simple_dbl,0.985896998,B,1,0.945953906,0.994225867,0.840276477,"0.9802564
","0.9782859
"
ecp_smpl.c_ecp_smpl.c,ec_GFp_simple_dbl,ec_GFp_simple_is_on_curve,0.947853211,E,0,0.729234397,0.98345924,0.7976586,"0.99161476
","0.9395396
"
ecp_smpl.c_ec2_oct.c,ec_GFp_simple_group_set_curve,ec_GF2m_simple_oct2point,0.849285072,E,0,0.815103471,0.996316314,0.73879487,"0.70321286
","0.5791844
"
ecp_smpl.c_ec2_oct.c,ec_GFp_simple_group_set_curve,ec_GF2m_simple_point2oct,0.813176908,E,0,0.533818483,0.978199995,0.652103335,"0.20902233
","0.62158346
"
ecp_smpl.c_ec2_oct.c,ec_GFp_simple_group_set_curve,ec_GF2m_simple_set_compressed_coordinates,0.851777111,E,0,0.809402943,0.995207572,0.819667302,"0.8818815
","0.87229127
"
ecp_smpl.c_ecp_oct.c,ec_GFp_simple_group_set_curve,ec_GFp_simple_oct2point,0.853291785,E,0,0.90937835,0.993530314,0.73591743,"0.4103458
","0.6168007
"
ecp_smpl.c_ecp_smpl.c,ec_GFp_simple_group_set_curve,ec_GFp_simple_point_get_affine_coordinates,0.876583904,E,0,0.661005616,0.987870712,0.73351866,"0.7392512
","0.91751635
"
ecp_smpl.c_ecp_oct.c,ec_GFp_simple_group_set_curve,ec_GFp_simple_point2oct,0.816760554,E,0,0.707035542,0.982305854,0.659460382,"0.1167995
","0.6266222
"
ecp_smpl.c_ecp_oct.c,ec_GFp_simple_group_set_curve,ec_GFp_simple_set_compressed_coordinates,0.843618992,E,0,0.565094769,0.953063344,0.721354924,"0.88385713
","0.88037306
"
ecp_smpl.c_ec2_smpl.c,ec_GFp_simple_is_on_curve,ec_GF2m_simple_is_on_curve,0.958628111,E,0,0.84149164,0.981805075,0.779176229,"0.93891525
","0.8851078
"
ecp_smpl.c_ec2_oct.c,ec_GFp_simple_is_on_curve,ec_GF2m_simple_set_compressed_coordinates,0.809411161,E,0,0.715265989,0.986585722,0.805300699,"0.9242394
","0.9067174
"
ecp_smpl.c_ecp_smpl.c,ec_GFp_simple_is_on_curve,ec_GFp_simple_add,0.911700836,E,0,0.132074013,0.950841925,0.747912412,"0.86142373
","0.9109829
"
ecp_smpl.c_ecp_smpl.c,ec_GFp_simple_is_on_curve,ec_GFp_simple_cmp,0.960387518,E,0,0.523651421,0.987616379,0.827120459,"0.8393741
","0.9467746
"
ecp_smpl.c_ecp_smpl.c,ec_GFp_simple_is_on_curve,ec_GFp_simple_dbl,0.929783578,E,0,0.014415061,0.99317465,0.756902376,"0.98192936
","0.97532576
"
ecp_smpl.c_ecp_smpl.c,ec_GFp_simple_is_on_curve,ec_GFp_simple_is_on_curve,0.984194064,B,1,0.749421716,0.989035137,0.857165993,"0.9934462
","0.9762085
"
ecp_oct.c_ec2_oct.c,ec_GFp_simple_oct2point,ec_GF2m_simple_oct2point,0.955327819,E,1,0.292731762,0.997414139,0.929140496,"0.9766512
","0.96810645
"
ecp_oct.c_ec2_oct.c,ec_GFp_simple_oct2point,ec_GF2m_simple_point2oct,0.858584593,E,0,0.897165596,0.992250827,0.827353322,"0.7139455
","0.9254321
"
ecp_oct.c_ec2_oct.c,ec_GFp_simple_oct2point,ec_GF2m_simple_set_compressed_coordinates,0.884159208,E,0,0.273397535,0.987366576,0.731927252,"0.74149096
","0.49238732
"
ecp_oct.c_ecp_oct.c,ec_GFp_simple_oct2point,ec_GFp_simple_oct2point,0.959032237,D,1,0.240835994,0.998712949,0.930604682,"0.88059753
","0.94696605
"
ecp_oct.c_ecp_oct.c,ec_GFp_simple_oct2point,ec_GFp_simple_point2oct,0.861956951,E,0,0.764741957,0.99414788,0.814823985,"0.670781
","0.89486575
"
ecp_oct.c_ecp_oct.c,ec_GFp_simple_oct2point,ec_GFp_simple_set_compressed_coordinates,0.826608957,E,0,0.890567422,0.956894708,0.721151361,"0.72008306
","0.3996159
"
ecp_smpl.c_ec2_oct.c,ec_GFp_simple_point_get_affine_coordinates,ec_GF2m_simple_oct2point,0.835322584,E,0,0.262888402,0.991577561,0.750676418,"0.8176207
","0.664121
"
ecp_smpl.c_ec2_oct.c,ec_GFp_simple_point_get_affine_coordinates,ec_GF2m_simple_set_compressed_coordinates,0.848754256,E,0,0.208876804,0.982031081,0.757229938,"0.90740055
","0.9165642
"
ecp_smpl.c_ecp_oct.c,ec_GFp_simple_point_get_affine_coordinates,ec_GFp_simple_oct2point,0.829951207,E,0,0.210051045,0.993544616,0.748918485,"0.6066488
","0.6907116
"
ecp_smpl.c_ecp_smpl.c,ec_GFp_simple_point_get_affine_coordinates,ec_GFp_simple_point_get_affine_coordinates,0.975881192,D,1,0.801163435,0.995137444,0.835978074,"0.98750174
","0.92932737
"
ecp_smpl.c_ecp_oct.c,ec_GFp_simple_point_get_affine_coordinates,ec_GFp_simple_set_compressed_coordinates,0.914148187,E,0,0.923429608,0.964439133,0.801543172,"0.863098
","0.89612204
"
ecp_oct.c_ec2_oct.c,ec_GFp_simple_point2oct,ec_GF2m_simple_oct2point,0.900395377,E,0,0.369778425,0.986348294,0.800520761,"0.7005948
","0.81324965
"
ecp_oct.c_ec2_oct.c,ec_GFp_simple_point2oct,ec_GF2m_simple_point2oct,0.961403655,E,1,0.895079792,0.99950791,0.947660647,"0.9932748
","0.92460704
"
ecp_oct.c_ec2_oct.c,ec_GFp_simple_point2oct,ec_GF2m_simple_set_compressed_coordinates,0.875395342,E,0,0.296770513,0.972409884,0.664631816,"0.5157905
","0.57416105
"
ecp_oct.c_ecp_oct.c,ec_GFp_simple_point2oct,ec_GFp_simple_oct2point,0.903724636,E,0,0.357723564,0.992625618,0.80399201,"0.85137045
","0.80026555
"
ecp_oct.c_ecp_oct.c,ec_GFp_simple_point2oct,ec_GFp_simple_point2oct,0.96453466,D,1,0.800333381,0.99938295,0.962343365,"0.98678124
","0.9476549
"
ecp_oct.c_ecp_oct.c,ec_GFp_simple_point2oct,ec_GFp_simple_set_compressed_coordinates,0.81886747,E,0,0.935400248,0.970768903,0.651824197,"0.4778765
","0.48340845
"
ecp_smpl.c_ecp_smpl.c,ec_GFp_simple_points_make_affine,ec_GFp_simple_points_make_affine,0.92683509,E,1,0.992461085,0.921323188,0.664997978,"0.89116645
","0.7818
"
ecp_oct.c_ec2_oct.c,ec_GFp_simple_set_compressed_coordinates,ec_GF2m_simple_oct2point,0.858122987,E,0,0.105843216,0.972858056,0.76392253,"0.8085563
","0.5832164
"
ecp_oct.c_ec2_oct.c,ec_GFp_simple_set_compressed_coordinates,ec_GF2m_simple_point2oct,0.812827124,E,0,0.806969583,0.986655162,0.704009124,"0.6302287
","0.58418614
"
ecp_oct.c_ec2_oct.c,ec_GFp_simple_set_compressed_coordinates,ec_GF2m_simple_set_compressed_coordinates,0.873271069,E,0,0.120512947,0.961694671,0.776291428,"0.92572105
","0.9438363
"
ecp_oct.c_ecp_oct.c,ec_GFp_simple_set_compressed_coordinates,ec_GFp_simple_oct2point,0.854560138,E,0,0.056942251,0.98097269,0.755533564,"0.6594772
","0.6002405
"
ecp_oct.c_ecp_smpl.c,ec_GFp_simple_set_compressed_coordinates,ec_GFp_simple_point_get_affine_coordinates,0.855312793,E,0,0.701830268,0.987277408,0.743937424,"0.9424772
","0.8593071
"
ecp_oct.c_ecp_oct.c,ec_GFp_simple_set_compressed_coordinates,ec_GFp_simple_point2oct,0.808570307,E,0,0.691675663,0.984911548,0.673464539,"0.5361206
","0.57150394
"
ecp_oct.c_ecp_oct.c,ec_GFp_simple_set_compressed_coordinates,ec_GFp_simple_set_compressed_coordinates,0.956533721,D,1,0.839572191,0.972864715,0.84867589,"0.89817965
","0.8587384
"
ecp_smpl.c_ec2_oct.c,ec_GFp_simple_set_Jprojective_coordinates_GFp,ec_GF2m_simple_oct2point,0.851655224,E,0,0.680556893,0.964804786,0.681142227,"0.638404
","0.66867644
"
ecp_smpl.c_ec2_oct.c,ec_GFp_simple_set_Jprojective_coordinates_GFp,ec_GF2m_simple_point2oct,0.803683415,E,0,0.538061142,0.974623234,0.630283049,"0.4369035
","0.6751211
"
ecp_smpl.c_ec2_oct.c,ec_GFp_simple_set_Jprojective_coordinates_GFp,ec_GF2m_simple_set_compressed_coordinates,0.870793835,E,0,0.648946285,0.940615422,0.768730073,"0.7489719
","0.8463856
"
ecp_smpl.c_ecp_oct.c,ec_GFp_simple_set_Jprojective_coordinates_GFp,ec_GFp_simple_oct2point,0.857703479,E,0,0.776205003,0.970535019,0.686417963,"0.45705843
","0.66818285
"
ecp_smpl.c_ecp_smpl.c,ec_GFp_simple_set_Jprojective_coordinates_GFp,ec_GFp_simple_point_get_affine_coordinates,0.84324237,E,0,0.650824308,0.984796062,0.748293928,"0.9242829
","0.78655237
"
ecp_smpl.c_ecp_oct.c,ec_GFp_simple_set_Jprojective_coordinates_GFp,ec_GFp_simple_point2oct,0.80882457,E,0,0.625172138,0.969885972,0.637052742,"0.35807675
","0.591205
"
ecp_smpl.c_ecp_oct.c,ec_GFp_simple_set_Jprojective_coordinates_GFp,ec_GFp_simple_set_compressed_coordinates,0.887552026,E,0,0.543432534,0.931585662,0.685426988,"0.69941276
","0.8711855
"
ec_lib.c_ec_lib.c,EC_GROUP_copy,EC_GROUP_copy,0.801998811,E,1,0.882395267,0.988007502,0.643608008,"0.9311826
","0.87869567
"
ec_curve.c_ec_curve.c,ec_group_new_from_data,ec_group_new_from_data,0.913616509,D,1,0,0,0,"0
",0
ec_key.c_ec_key.c,EC_KEY_check_key,EC_KEY_set_public_key_affine_coordinates,0.841512236,E,0,0.908453822,0.98710671,0.789161139,"0.5593607
","0.8555822
"
ec_key.c_ec_key.c,EC_KEY_copy,EC_KEY_copy,0.844173461,E,1,0.277013749,0.990371983,0.721337308,"0.750448
","0.89447594
"
ec_kmeth.c_ec_kmeth.c,EC_KEY_METHOD_get_init,EC_KEY_METHOD_get_init,0.999304117,A,1,0.809479237,1,1,"0.9999999
","1.0000001
"
ec.c_ec.c,ec_main,ec_main,0.843672089,E,0,0,0.791074579,0.570269182,"0.31312275
","0.7955534
"
ec.c_sm2.c,ec_main,sm2_main,0.809213438,E,0,0,0.093650104,0.493853371,"0.44314775
","0.7033434
"
ec_mult.c_ec_mult.c,ec_wNAF_mul,ec_wNAF_mul,0.927445108,D,1,0.998023748,0.982988058,0.824092517,"0
","0.9052563
"
ec_mult.c_ec_mult.c,ec_wNAF_precompute_mult,ec_wNAF_precompute_mult,0.91297365,D,1,0.967093885,0.940576272,0.787472524,"0.9948951
","0.9117628
"
ec_ameth.c_dh_ameth.c,ecdh_cms_encrypt,dh_cms_encrypt,0.881904268,E,0,0,0,0,"0
",0
ec_ameth.c_ec_ameth.c,ecdh_cms_encrypt,ecdh_cms_encrypt,0.945778235,A,1,0,0,0,"0
",0
ec_ameth.c_ec_ameth.c,ecdh_cms_set_peerkey,ecdh_cms_set_peerkey,0.92286467,A,1,0,0,0,"0
",0
ec_ameth.c_dh_ameth.c,ecdh_cms_set_shared_info,dh_cms_set_shared_info,0.877727982,E,1,0,0,0,"0
",0
ec_ameth.c_ec_ameth.c,ecdh_cms_set_shared_info,ecdh_cms_set_shared_info,0.942057906,C,1,0,0,0,"0
",0
ecs_ossl.c_ecdsa_ossl.c,ecdsa_do_verify,ossl_ecdsa_verify_sig,0.898474012,E,0,0.728481948,0.993702755,0.835886425,"0.82057744
","0.95926446
"
ecs_ossl.c_sm2_sign.c,ecdsa_do_verify,sm2_do_verify,0.893561719,E,0,0.929469824,0.989491639,0.897915829,"0.72754925
","0.94462675
"
ecs_ossl.c_ecdsa_ossl.c,ecdsa_sign_setup,ecdsa_sign_setup,0.80193292,E,0,0,0.987909538,0.770126072,"0.92591953
","0.92892724
"
ecs_ossl.c_sm2_sign.c,ecdsa_sign_setup,sm2_sign_setup,0.84066125,E,0,0,0.993950738,0.806485928,"0.6313177
","0.97619164
"
ecparam.c_ecparam.c,ecparam_main,ecparam_main,0.894598558,E,0,-0.241102621,-0.199372078,0.746422191,"0.31773615
","0.8681263
"
eck_prn.c_eck_prn.c,ECPKParameters_print,ECPKParameters_print,0.866488601,E,1,0.981998384,0.978444979,0.816822132,"0.8813535
","0.9727043
"
bio_enc.c_bio_enc.c,enc_ctrl,enc_ctrl,0.929312717,E,1,0.878666461,0.559546367,0.839272258,"0.49978483
","0.80478853
"
eng_table.c_eng_table.c,engine_table_register,engine_table_register,0.903146582,C,1,0.626213372,0.977967264,0.769985403,"0.16829848
","0.9249016
"
ts_rsp_sign.c_ts_rsp_sign.c,ESS_CERT_ID_new_init,ess_CERT_ID_new_init,0.96451985,E,1,0.68636483,0.999393601,0.925471957,"0.94874495
","0.9238907
"
evp_enc.c_evp_enc.c,EVP_CipherInit_ex,EVP_CipherInit_ex,0.931480262,D,1,0.930834711,0.990698177,0.845040288,"0.83592165
","0.9506996
"
p_seal.c_p_seal.c,EVP_SealInit,EVP_SealInit,0.932933793,D,1,0,0.94925895,0,"0.65732795
",0
bss_file.c_bss_file.c,file_ctrl,file_ctrl,0.978127736,D,1,0.959745765,0.807691586,0.920984395,"0.69654876
","0.9804555
"
dh_key.c_dh_key.c,generate_key,compute_key,0.802275945,E,0,0.804476142,0.90125054,0.777193155,"0.59093106
","0.8922551
"
dh_key.c_dh_key.c,generate_key,generate_key,0.962124566,E,1,0.514217556,0.961635581,0.718553072,"0.9520579
","0.858324
"
by_dir.c_by_dir.c,get_cert_by_subject,get_cert_by_subject,0.873564131,E,1,0.939689815,0.972268184,0.804167296,"0.9562767
","0.96832526
"
ca.c_ca.c,get_certificate_status,get_certificate_status,0.914360392,E,1,0,0,0,"0
",0
x509_vfy.c_x509_vfy.c,get_crl_sk,get_crl_sk,0.886997784,E,1,0.996927142,0.991649847,0.941132685,"0.9889112
","0.93383956
"
gostr341001.c_ecdsa_ossl.c,gost2001_do_verify,ossl_ecdsa_verify_sig,0.864103308,E,0,0.151203111,0.993786536,0.730128083,"0.6306695
","0.84921676
"
gostr341001.c_sm2_sign.c,gost2001_do_verify,sm2_do_verify,0.855588067,E,0,0.647621453,0.989381968,0.885134613,"0.3992958
","0.79474866
"
pvkfmt.c_pvkfmt.c,i2b_PVK,do_PVK_body,0.868619197,E,0,0,0,0,"0
",0
pvkfmt.c_pvkfmt.c,i2b_PVK,i2b_PVK,0.98803515,E,1,0,0,0,"0
",0
ec_asn1.c_ec_asn1.c,i2d_ECPrivateKey,i2d_ECPrivateKey,0.885087524,E,1,0.26797393,0.97420041,0.734807985,"0.885176
","0.80288374
"
x509_info.c_v3_info.c,i2v_AUTHORITY_INFO_ACCESS,i2v_AUTHORITY_INFO_ACCESS,0.825809102,E,1,0.591931283,0.952575953,0.67406397,"0.8261369
","0.90556365
"
x509_alt.c_v3_alt.c,i2v_GENERAL_NAME,i2v_GENERAL_NAME,0.938120899,E,1,0.684463918,0.660354528,0.790311255,"0.73453236
","0.88019663
"
i_cfb64.c_i_cfb64.c,idea_cfb64_encrypt,IDEA_cfb64_encrypt,0.914662898,A,1,0.59859097,0.982555962,0.880403969,"0.9853711
","0.98669064
"
i_cfb64.c_i_ofb64.c,idea_cfb64_encrypt,IDEA_ofb64_encrypt,0.856960927,E,0,0.367016017,0.983055939,0.668038487,"0.9592292
","0.9363234
"
i_ofb64.c_i_cfb64.c,idea_ofb64_encrypt,IDEA_cfb64_encrypt,0.892627565,E,0,0.23399958,0.965927984,0.742492058,"0.92289174
","0.8915
"
i_ofb64.c_i_ofb64.c,idea_ofb64_encrypt,IDEA_ofb64_encrypt,0.937299116,A,1,0.522679687,0.993485123,0.851677853,"0.99538803
","0.9924425
"
s_server.c_s_server.c,init_ssl_connection,init_ssl_connection,0.860940383,E,1,0,0,0,"0
",0
eng_cnf.c_eng_cnf.c,int_engine_configure,int_engine_configure,0.982017263,C,1,0,0,0,"0
",0
rsa_sign.c_rsa_sign.c,int_rsa_verify,int_rsa_verify,0.951715929,D,1,0.572540164,0.956189369,0.884281744,"0.8896281
","0.9514065
"
ts_rsp_verify.c_ts_rsp_verify.c,int_TS_RESP_verify_token,int_ts_RESP_verify_token,0.970264012,E,1,0.949922085,0.968436876,0.787443847,"0.8520229
","0.808621
"
cms_pwri.c_cms_pwri.c,kek_unwrap_key,kek_unwrap_key,0.974395197,C,1,0,0,0,"0
",0
apps.c_apps.c,load_certs_crls,load_certs_crls,0.845873254,E,1,0.895159483,0.978903303,0.739204957,"0.9187097
","0.95051074
"
apps.c_apps.c,load_index,load_index,0.962799828,E,1,0.559942842,0.972160532,0.810047983,"0.74915665
","0.9475998
"
apps.c_apps.c,load_pkcs12,load_pkcs12,0.823852392,E,1,0.766088009,0.990416516,0.894467064,"0.92755646
","0.9750714
"
apps.c_apps.c,load_pubkey,load_pubkey,0.819819288,E,1,0.510210812,0.981727009,0.736246585,"0.86254513
","0.94205093
"
apps.c_apps.c,load_serial,load_serial,0.971719781,E,1,0.820484161,0.961784004,0.864566789,"0.7262361
","0.96854514
"
x_long.c_x_long.c,long_i2c,long_i2c,0.993587119,A,1,0.442278415,0.979211409,0.734524805,"0.98121864
","0.84514934
"
ocsp.c_ocsp.c,make_ocsp_response,make_ocsp_response,0.938265468,E,1,0,0,0,"0
",0
req.c_req.c,make_REQ,make_REQ,0.935049199,B,1,0,0,0,"0
",0
ca.c_ca.c,make_revocation_str,make_revocation_str,0.819402227,D,1,0.688958764,0.94232616,0.870597447,"0.8599249
","0.97090226
"
conf_mod.c_conf_mod.c,module_init,module_init,0.961331332,C,1,0,0,0,"0
",0
asn_mime.c_asn_mime.c,multi_split,multi_split,0.925937506,C,1,0,0,0,"0
",0
x509_ncons.c_v3_ncons.c,NAME_CONSTRAINTS_check,NAME_CONSTRAINTS_check,0.978892435,A,1,0.472568631,0.980794405,0.86467751,"0.79931724
","0.97894233
"
bio_ndef.c_bio_ndef.c,ndef_suffix,ndef_suffix,0.994018889,A,1,0.857808828,0.841142919,0.879754335,"0.867626
","0.857856
"
t_spki.c_t_spki.c,NETSCAPE_SPKI_print,NETSCAPE_SPKI_print,0.965955219,E,1,0.746535063,0.98065081,0.968781713,"0.97630334
","0.9629517
"
x509_cpols.c_v3_cpols.c,notice_section,notice_section,0.939069589,D,1,0,0,0,"0
",0
nseq.c_nseq.c,nseq_main,nseq_main,0.896151448,E,1,-0.091286853,0.884667911,0.760252648,"0.12645853
","0.7235142
"
obj_dat.c_obj_dat.c,OBJ_obj2txt,OBJ_obj2txt,0.910926931,E,1,0.718910217,0.888499861,0.750526409,"0.9756519
","0.8171551
"
ocsp_srv.c_ocsp_srv.c,OCSP_basic_add1_status,OCSP_basic_add1_status,0.938838745,E,1,0.678155065,0.999472898,0.979285053,"0.9733997
","0.9442452
"
ocsp_srv.c_ocsp_srv.c,OCSP_basic_sign,OCSP_basic_sign,0.878088127,D,1,0.830643892,0.965359763,0.894371076,"0.96780896
","0.9366356
"
ocsp_prn.c_ocsp_prn.c,OCSP_REQUEST_print,OCSP_REQUEST_print,0.945758007,B,1,0.824814677,0.992152009,0.843653105,"0.94248945
","0.9614636
"
ocsp_cl.c_ocsp_cl.c,OCSP_request_sign,OCSP_request_sign,0.962813578,E,1,0.89263773,0.999367743,0.948960082,"0.8138061
","0.9514406
"
ocsp_vfy.c_ocsp_vfy.c,OCSP_request_verify,OCSP_request_verify,0.850908047,E,1,0,0.984889473,0.836973574,"0.6074407
","0.65152043
"
ocsp_prn.c_ocsp_prn.c,OCSP_RESPONSE_print,OCSP_RESPONSE_print,0.964992787,C,1,0.973440051,0.989108935,0.876458018,"0.9804192
","0.9709302
"
ocsp_ht.c_ocsp_ht.c,OCSP_sendreq_nbio,OCSP_REQ_CTX_nbio,0.837178552,E,1,0.987847686,0.980506112,0.917040816,"0.9136009
","0.9321284
"
ocsp_ext.c_ocsp_ext.c,OCSP_url_svcloc_new,OCSP_url_svcloc_new,0.951513841,B,1,0.860614061,0.970800698,0.89874722,"0.7300236
","0.92898506
"
p12_kiss.c_p12_kiss.c,parse_pk12,parse_pk12,0.817956711,A,1,0,0,0,"0
",0
apps.c_apps.c,password_callback,password_callback,0.9249705,E,1,0.70503366,0.99135135,0.837987639,"0.98547256
","0.8370247
"
pem_lib.c_pem_lib.c,PEM_ASN1_write_bio,PEM_ASN1_write_bio,0.889720379,D,1,0.758410275,0.98176925,0.872681158,"0.96534866
","0.9801414
"
pem_lib.c_pem_lib.c,PEM_do_header,PEM_do_header,0.911217372,E,1,0.77839613,0.981867568,0.872895542,"0.69133633
","0.94252276
"
pem_lib.c_pem_lib.c,PEM_read_bio,PEM_read_bio,0.89664904,D,1,0.945447147,0.977338485,0.806095825,"0.9751214
","0.9696689
"
pem_pkey.c_pem_pk8.c,PEM_read_bio_PrivateKey,d2i_PKCS8PrivateKey_bio,0.836442045,E,0,0.321339309,0.901124425,0.686731276,"0.539201
","0.54387933
"
pem_pkey.c_pem_pkey.c,PEM_read_bio_PrivateKey,PEM_read_bio_PrivateKey,0.995725661,C,1,0.59845084,0.964220332,0.917000462,"0.74739116
","0.9784661
"
pem_info.c_pem_info.c,PEM_X509_INFO_read_bio,PEM_X509_INFO_read_bio,0.947754593,E,1,0.967523158,0.839823978,0.833288929,"0.98841876
","0.9860369
"
pem_info.c_pem_info.c,PEM_X509_INFO_write_bio,PEM_X509_INFO_write_bio,0.959674706,E,1,0,0.971450906,0.89776193,"0.76932836
","0.8846184
"
p12_add.c_p12_add.c,PKCS12_pack_p7encdata,PKCS12_pack_p7encdata,0.991398067,C,1,0.804608524,0.99973381,1,"0.9795168
","0.9963678
"
p12_kiss.c_p12_kiss.c,PKCS12_parse,PKCS12_parse,0.837921612,D,1,0.967116237,0.991469557,0.819135535,"0.8825776
","0.9727242
"
p12_crpt.c_p12_crpt.c,PKCS12_PBE_keyivgen,PKCS12_PBE_keyivgen,0.826002226,E,1,0.478933394,0.980764788,0.794703946,"0.97575647
","0.9198112
"
p12_crpt.c_p5_crpt.c,PKCS12_PBE_keyivgen,PKCS5_PBE_keyivgen,0.874601938,E,0,0.567206323,0.95884348,0.574591242,"0.85221696
","0.8877374
"
p5_crpt.c_p12_crpt.c,PKCS5_PBE_keyivgen,PKCS12_PBE_keyivgen,0.811842744,E,0,0.57735759,0.947797768,0.473195436,"0.8294194
","0.84435076
"
p5_crpt.c_p5_crpt.c,PKCS5_PBE_keyivgen,PKCS5_PBE_keyivgen,0.885785497,E,1,0.746979237,0.983859337,0.903626061,"0.9737635
","0.932006
"
p5_pbev2.c_p5_pbev2.c,PKCS5_pbe2_set_iv,PKCS5_pbe2_set_iv,0.897834501,E,1,0.88794601,0.994928159,0.864648123,"0.7959353
","0.8121616
"
p5_pbev2.c_p5_scrypt.c,PKCS5_pbe2_set_iv,PKCS5_pbe2_set_scrypt,0.838861348,E,0,0.331258923,0.985712738,0.772002316,"0.6347862
","0.88510305
"
p5_crpt2.c_p5_crpt2.c,PKCS5_PBKDF2_HMAC,PKCS5_PBKDF2_HMAC,0.810162029,D,1,0.866818845,0.9741392,0.836214802,"0.9898874
","0.9402865
"
p5_pbev2.c_p5_pbev2.c,PKCS5_pbkdf2_set,PKCS5_pbkdf2_set,0.965680365,D,1,0.830684543,0.994832681,0.935881889,"0.9418264
","0.97418743
"
pk7_lib.c_pk7_lib.c,PKCS7_add_signer,PKCS7_add_signer,0.871104066,C,1,0.500712514,0.9999669,1,"0.96947885
","0.99686867
"
pk7_doit.c_pk7_doit.c,PKCS7_dataDecode,PKCS7_dataDecode,0.912474056,D,1,0.990648687,0.954569227,0.919381301,"0.9778241
","0.94023806
"
pk7_doit.c_pk7_doit.c,PKCS7_dataDecode,PKCS7_dataInit,0.840185615,E,0,0.985708058,0.635740586,0.839708398,"0.439518
","0.8670316
"
pk7_doit.c_pk7_doit.c,PKCS7_dataFinal,PKCS7_dataFinal,0.879487037,D,1,0.984606087,0.965638732,0.900777622,"0.81680655
","0.9835842
"
pk7_doit.c_pk7_doit.c,PKCS7_dataInit,PKCS7_dataDecode,0.840414453,E,0,0.988026381,0.593946838,0.824220581,"0.7698595
","0.89427364
"
pk7_doit.c_pk7_doit.c,PKCS7_dataInit,PKCS7_dataInit,0.966152264,D,1,0.993385911,0.963678421,0.916201099,"0.81631684
","0.9880835
"
pk7_doit.c_pk7_doit.c,PKCS7_dataVerify,PKCS7_dataVerify,0.994115939,D,1,0,0.962818408,0.929336111,"0.7825977
","0.88507855
"
pk7_smime.c_pk7_smime.c,PKCS7_decrypt,PKCS7_decrypt,0.955179632,D,1,0.635008037,0.973864375,0.877271759,"0.7653326
","0.91754
"
pk7_doit.c_pk7_doit.c,pkcs7_decrypt_rinfo,pkcs7_decrypt_rinfo,0.977314299,D,1,0.68247813,0.925857238,0.781887407,"0.43930689
","0.91459775
"
pk7_doit.c_pk7_doit.c,pkcs7_decrypt_rinfo,pkcs7_encode_rinfo,0.913506306,E,0,0,0,0,"0
",0
pk7_doit.c_pk7_doit.c,pkcs7_encode_rinfo,pkcs7_decrypt_rinfo,0.895501123,E,0,0,0,0,"0
",0
pk7_doit.c_pk7_doit.c,pkcs7_encode_rinfo,pkcs7_encode_rinfo,0.971212092,C,1,0,0,0,"0
",0
pk7_smime.c_pk7_smime.c,PKCS7_get0_signers,PKCS7_get0_signers,0.93434774,C,1,0.696492195,0.989325278,0.766662983,"0.89951354
","0.9384672
"
pkcs7.c_pkcs7.c,pkcs7_main,pkcs7_main,0.84949746,E,0,-0.411443502,-0.007132955,0.670466256,"0.2183295
","0.8412455
"
pk7_lib.c_pk7_lib.c,PKCS7_RECIP_INFO_set,PKCS7_RECIP_INFO_set,0.993153093,C,1,0.896477282,0.991083436,0.869187699,"0.959092
","0.92727786
"
pk7_lib.c_pk7_lib.c,PKCS7_set_type,PKCS7_set_type,0.99790397,C,1,0.461694837,0.776354219,0.989889235,"0.9661882
","0.9458976
"
pk7_lib.c_pk7_lib.c,PKCS7_SIGNER_INFO_set,PKCS7_SIGNER_INFO_set,0.968579786,C,1,0.619959056,0.999804004,0.950401994,"0.97972536
","0.9840751
"
pk7_doit.c_pk7_doit.c,PKCS7_SIGNER_INFO_sign,PKCS7_SIGNER_INFO_sign,0.80753503,D,1,0.780514598,0.972032884,0.882290671,"0.6285509
","0.92649287
"
pk7_smime.c_pk7_smime.c,PKCS7_verify,PKCS7_verify,0.870064205,D,1,0.971852124,0.947117949,0.819156559,"0.98392814
","0.9329751
"
pkcs8.c_pkcs8.c,pkcs8_main,pkcs8_main,0.857188503,E,0,-0.065015048,-0.124576644,0.587925595,"0.20496507
","0.8591473
"
ec_pmeth.c_ec_pmeth.c,pkey_ec_ctrl,pkey_ec_ctrl,0.826816672,C,1,0.955448747,0.300529622,0.761253789,"0.3023117
","0.84066457
"
ec_pmeth.c_ec_pmeth.c,pkey_ec_derive,pkey_ec_derive,0.937538459,C,1,0,0,0,"0
",0
rsa_pmeth.c_rsa_pmeth.c,pkey_rsa_keygen,pkey_rsa_keygen,0.879393532,D,1,0.673062801,0.947011344,0.76661001,"0.46685693
","0.933365
"
rsa_pmeth.c_rsa_pmeth.c,pkey_rsa_sign,pkey_rsa_sign,0.870469699,D,1,0,0.981116445,0,"0.8825452
","0.89746195
"
rsa_pmeth.c_rsa_pmeth.c,pkey_rsa_verify,pkey_rsa_verify,0.865594651,C,1,0,0.968924021,0,"0.53842545
","0.9376753
"
rsa_pmeth.c_rsa_pmeth.c,pkey_rsa_verifyrecover,pkey_rsa_verifyrecover,0.948603702,C,1,0.710444033,0.968418882,0.859927982,"0.83094615
","0.95393103
"
pcy_cache.c_pcy_cache.c,policy_cache_create,policy_cache_create,0.849112862,B,1,0,0,0,"0
",0
pcy_cache.c_pcy_cache.c,policy_cache_new,policy_cache_new,0.995901451,D,1,0,0,0,"0
",0
pcy_map.c_pcy_map.c,policy_cache_set_mapping,policy_cache_set_mapping,0.89508268,A,1,0.757699013,0.999210551,1,"0.9982255
","0.9918227
"
x509_cpols.c_v3_cpols.c,policy_section,policy_section,0.895475821,D,1,0,0,0,"0
",0
pkcs12.c_pkcs12.c,print_attribs,print_attribs,0.865134213,E,1,0.798001587,0.997818306,0.929606099,"0.9958566
","0.97277516
"
ocsp.c_ocsp.c,print_ocsp_summary,print_ocsp_summary,0.898059208,C,1,0,0,0,"0
",0
x509_pci.c_v3_pci.c,process_pci_value,process_pci_value,0.852106105,C,1,0.840992928,0.987136105,0.907190563,"0.9074934
","0.94151527
"
ocsp.c_ocsp.c,process_responder,process_responder,0.879366752,E,1,0.956363201,0.987225538,0.753181439,"0.937601
","0.91753983
"
req.c_req.c,prompt_info,prompt_info,0.943468872,D,1,0,0,0,"0
",0
ocsp.c_ocsp.c,query_responder,query_responder,0.852993789,E,1,0,0,0,"0
",0
x509_cpols.c_v3_cpols.c,r2i_certpol,r2i_certpol,0.888916912,D,1,0.992967308,0.996479528,0.944146865,"0.91223425
","0.9669525
"
x509_pci.c_v3_pci.c,r2i_pci,r2i_pci,0.926090966,C,1,0.896826625,0.996086215,0.922787311,"0.9485096
","0.9817491
"
rc2cfb64.c_rc2cfb64.c,RC2_cfb64_encrypt,RC2_cfb64_encrypt,0.950036119,A,1,0.474586576,0.982337223,0.880398495,"0.98540115
","0.99440575
"
rc2cfb64.c_rc2ofb64.c,RC2_cfb64_encrypt,RC2_ofb64_encrypt,0.922925884,E,0,0.259429097,0.984360584,0.668041995,"0.9600617
","0.915855
"
rc2ofb64.c_rc2cfb64.c,RC2_ofb64_encrypt,RC2_cfb64_encrypt,0.937797884,E,0,0.622619867,0.966596991,0.741997891,"0.8818591
","0.9041177
"
rc2ofb64.c_rc2ofb64.c,RC2_ofb64_encrypt,RC2_ofb64_encrypt,0.970447666,A,1,0.661789656,0.993339629,0.851665269,"0.99249315
","0.9929697
"
e_rc4_hmac_md5.c_e_rc4_hmac_md5.c,rc4_hmac_md5_ctrl,rc4_hmac_md5_cipher,0.869888364,E,0,0,0.943159138,0,"0.8058699
","0.60151184
"
e_rc4_hmac_md5.c_e_rc4_hmac_md5.c,rc4_hmac_md5_ctrl,rc4_hmac_md5_ctrl,0.950012609,D,1,0,0.96645727,0,"0.9904957
","0.8165139
"
cms.c_cms.c,receipt_request_print,receipt_request_print,0.898735717,E,1,0,0,0,"0
",0
ts.c_ts.c,reply_command,reply_command,0.961332447,E,1,0,0,0,"0
",0
req.c_req.c,req_main,req_main,0.804718198,E,0,0,-0.673226423,0.830819292,"0
","0.90871125
"
rsa_gen.c_rsa_gen.c,rsa_builtin_keygen,rsa_builtin_keygen,0.928307254,D,1,0,0,0,"0
",0
rsa_ameth.c_rsa_ameth.c,rsa_cms_decrypt,rsa_cms_decrypt,0.815228684,E,1,0,0,0,"0
",0
rsa_ameth.c_rsa_ameth.c,rsa_cms_encrypt,rsa_cms_encrypt,0.85350886,D,1,0,0,0,"0
",0
rsa_eay.c_rsa_ossl.c,RSA_eay_private_decrypt,rsa_ossl_private_decrypt,0.980421239,D,1,0,0.984488545,0.85778445,"0.9169436
","0.9332186
"
rsa_eay.c_rsa_ossl.c,RSA_eay_private_decrypt,rsa_ossl_private_encrypt,0.925088613,E,0,0,0.972333672,0.866573315,"0.9638473
","0.92103785
"
rsa_eay.c_rsa_ossl.c,RSA_eay_private_encrypt,rsa_ossl_private_decrypt,0.912820541,E,0,0.949556947,0.980005354,0.821446254,"0.9196547
","0.93781084
"
rsa_eay.c_rsa_ossl.c,RSA_eay_private_encrypt,rsa_ossl_private_encrypt,0.982167782,D,1,0.913630724,0.970996075,0.882485886,"0.98551047
","0.9529319
"
rsa_eay.c_rsa_ossl.c,RSA_eay_public_decrypt,rsa_ossl_public_decrypt,0.96116734,C,1,0.954937994,0.987125537,0.950148839,"0.93588847
","0.8702272
"
rsa_eay.c_rsa_ossl.c,RSA_eay_public_encrypt,rsa_ossl_public_decrypt,0.812204924,E,0,0.912763476,0.985619544,0.8559095,"0.96981287
","0.9789817
"
rsa_eay.c_rsa_ossl.c,RSA_eay_public_encrypt,rsa_ossl_public_encrypt,0.958225597,C,1,0.535166562,0.995626035,0.940877395,"0.7851289
","0.9800574
"
rsa_depr.c_rsa_depr.c,RSA_generate_key,RSA_generate_key,0.801207657,D,1,0,0.971365195,0,"0.76705116
",0
rsa.c_rsa.c,rsa_main,rsa_main,0.832734989,E,0,-0.035989083,-0.176269747,0.632637584,"0.38979495
","0.8503315
"
rsautl.c_rsautl.c,rsautl_main,rsautl_main,0.81198862,E,0,0.081893131,-0.117346264,0.666826788,"0.24419102
","0.85920656
"
x509_skey.c_v3_skey.c,s2i_skey_id,s2i_skey_id,0.867199173,E,1,0.751567423,0.971380982,0.909114538,"0.9812138
","0.93477845
"
apps.c_apps.c,save_serial,save_serial,0.914697808,E,1,0.729320109,0.979019652,0.892220995,"0.83984625
","0.8126562
"
sess_id.c_sess_id.c,sess_id_main,sess_id_main,0.896450162,E,0,0,0.847962274,0.661294867,"0.09013429
","0.75443983
"
x509_crld.c_v3_crld.c,set_dist_point_name,set_dist_point_name,0.911261974,C,1,0.891243398,0.999486053,0.990885356,"0.8102818
","0.9802219
"
req.c_req.c,set_keygen_ctx,set_keygen_ctx,0.849958566,E,1,0.889606118,0.98374357,0.91693445,"0.86296916
","0.9711596
"
x509_purp.c_v3_purp.c,setup_dp,setup_dp,0.963468291,A,1,0,0,0,"0
",0
smime.c_smime.c,smime_main,smime_main,0.860648472,E,1,0.996582329,-0.521786458,0.757641865,"0
","0.89765763
"
asn_mime.c_asn_mime.c,SMIME_write_ASN1,SMIME_write_ASN1,0.995476694,D,1,0.942525327,0.991265384,0.94201248,"0.96474254
","0.98347896
"
spkac.c_spkac.c,spkac_main,spkac_main,0.857143496,E,0,-0.166867688,0.086949434,0.666747832,"0.16974626
","0.6192203
"
ssl_cert.c_ssl_cert.c,ssl_cert_dup,ssl_cert_dup,0.810422575,D,0,0.589059174,0.937999436,0.715253047,"0.8850737
","0.89179945
"
ssl_ciph.c_ssl_ciph.c,ssl_cipher_process_rulestr,ssl_cipher_process_rulestr,0.908592751,E,1,0.994729221,0.998948925,0.85319687,"0.953604
","0.96910286
"
ssl_ciph.c_ssl_ciph.c,ssl_create_cipher_list,ssl_create_cipher_list,0.807344417,E,1,0.996148646,0.986029712,0.778705615,"0
","0.7487946
"
bio_ssl.c_bio_ssl.c,ssl_ctrl,ssl_ctrl,0.915163911,E,1,0.856302023,0.949366021,0.80225222,"0.85584486
","0.57710624
"
ssl_lib.c_ssl_lib.c,SSL_dup,SSL_dup,0.838421433,D,1,0.296994805,0.96345599,0.631013562,"0.92624485
","0.78174174
"
ssl_lib.c_ssl_lib.c,SSL_free,SSL_free,0.803424311,D,1,0,0.988692069,0.768626115,"0.95635074
","0.8863833
"
ssl_sess.c_ssl_sess.c,ssl_get_new_session,ssl_get_new_session,0.943856665,D,1,0.596962392,0.981364413,0.824585399,"0.85601383
","0.9493421
"
ssl_cert.c_ssl_cert.c,ssl_verify_cert_chain,ssl_verify_cert_chain,0.847165945,E,1,0.769122899,0.957352527,0.673458914,"0.8345634
","0.80132484
"
s3_cbc.c_s3_cbc.c,ssl3_cbc_digest_record,ssl3_cbc_digest_record,0.903939004,E,1,0.899415731,0.978528326,0.778592188,"0.9945286
","0.88959116
"
ssl_pkt.c_d1_msg.c,ssl3_dispatch_alert,dtls1_dispatch_alert,0.938852532,E,0,0.804503143,0.999056313,0.932391936,"0.8911774
","0.69412255
"
conf_def.c_conf_def.c,str_copy,str_copy,0.925854616,E,1,-0.197902188,0.044855256,0.118931053,"0.100406885
","0.97385216
"
x509_sxnet.c_v3_sxnet.c,SXNET_add_id_INTEGER,SXNET_add_id_INTEGER,0.936943982,C,1,0.597531497,0.999211958,0.943262411,"0.9786943
","0.9487842
"
t1_lib.c_t1_lib.c,tls_decrypt_ticket,tls_decrypt_ticket,0.83745822,E,0,0,0,0,"0
",0
ssl_tlsext.c_d1_srtp.c,tlsext_srtp_server_parse,ssl_add_clienthello_use_srtp_ext,0.829158539,E,0,0,0.966123451,0.54561199,"0.3092583
","0.4483114
"
pcy_tree.c_pcy_tree.c,tree_calculate_user_set,tree_calculate_user_set,0.892946387,C,1,0,0,0,"0
",0
pcy_tree.c_pcy_tree.c,tree_init,tree_init,0.865074179,D,1,0,0,0,"0
",0
ts_rsp_verify.c_ts_rsp_verify.c,TS_check_status_info,ts_check_status_info,0.910434527,C,1,0,0,0,"0
",0
ts_conf.c_ts_conf.c,TS_CONF_set_policies,TS_CONF_set_policies,0.914731082,A,1,0.795910358,0.997606704,0.925696202,"0.6334721
","0.8396587
"
ts_verify_ctx.c_ts_verify_ctx.c,TS_REQ_to_TS_VERIFY_CTX,TS_REQ_to_TS_VERIFY_CTX,0.831827152,B,1,0.865664005,0.997777013,0.905951826,"0.94339937
","0.9796023
"
ts_rsp_sign.c_ts_rsp_sign.c,TS_RESP_check_request,ts_RESP_check_request,0.815212029,A,1,0,0,0,"0
",0
ts_rsp_sign.c_ts_rsp_sign.c,TS_RESP_create_tst_info,ts_RESP_create_tst_info,0.988873401,C,1,0,0,0,"0
",0
ts_rsp_sign.c_ts_rsp_sign.c,TS_RESP_set_genTime_with_precision,TS_RESP_set_genTime_with_precision,0.827878745,E,1,0,0,0,"0
",0
ts_rsp_sign.c_ts_rsp_sign.c,TS_RESP_sign,ts_RESP_sign,0.947367027,C,1,0,0,0,"0
",0
ts_rsp_verify.c_ts_rsp_verify.c,TS_RESP_verify_signature,TS_RESP_verify_signature,0.972390105,E,1,0.907599211,0.993320907,0.877843616,"0.88892657
","0.94342583
"
ts_rsp_print.c_ts_rsp_print.c,TS_TST_INFO_print_bio,TS_TST_INFO_print_bio,0.802903667,E,1,0.87480557,0.981523231,0.915329886,"0.99536973
","0.9026613
"
txt_db.c_txt_db.c,TXT_DB_create_index,TXT_DB_create_index,0.879174063,D,1,0.879639685,0.988902152,0.85334639,"0.84941775
","0.9450392
"
txt_db.c_txt_db.c,TXT_DB_read,TXT_DB_read,0.92952448,E,1,0.919794261,0.981036566,0.889501499,"0.9793695
","0.9035219
"
txt_db.c_txt_db.c,TXT_DB_write,TXT_DB_write,0.93482842,B,1,0.68108958,0.933034599,0.788757295,"0.9347255
","0.9419632
"
ui_lib.c_ui_lib.c,UI_set_result,UI_set_result,0.902933739,C,1,0.757066131,0.994111285,0.870800177,"0.7084722
","0.9250978
"
ca.c_ca.c,unpack_revinfo,unpack_revinfo,0.969311022,D,1,0.685792387,0.906844178,0.899815645,"0.9080889
","0.95268923
"
x509_info.c_v3_info.c,v2i_AUTHORITY_INFO_ACCESS,v2i_AUTHORITY_INFO_ACCESS,0.901587764,C,1,0,0.974340925,0,"0.82279193
","0.9490639
"
x509_akey.c_v3_akey.c,v2i_AUTHORITY_KEYID,v2i_AUTHORITY_KEYID,0.959161278,C,1,0,0.999404449,0,"0.8762174
","0.9920516
"
x509_crld.c_v3_crld.c,v2i_crld,v2i_crld,0.921869362,C,1,0.804446697,0.999608354,1,"0.9926861
","1.0000001
"
x509_ncons.c_v3_ncons.c,v2i_NAME_CONSTRAINTS,v2i_NAME_CONSTRAINTS,0.92987277,D,1,0.852147579,0.985251023,0.914079959,"0.7573252
","0.9785169
"
x509_pmaps.c_v3_pmaps.c,v2i_POLICY_MAPPINGS,v2i_POLICY_MAPPINGS,0.856924431,E,1,0,0.982777514,0,"0.76850057
","0.8679082
"
x509_conf.c_v3_conf.c,v3_generic_extension,v3_generic_extension,0.998574161,D,1,0.694291651,0.993969739,0.892557453,"0.71444136
","0.96876997
"
ts.c_ts.c,verify_command,verify_command,0.87722865,E,1,0,0,0,"0
",0
wp_dgst.c_wp_dgst.c,WHIRLPOOL_BitUpdate,WHIRLPOOL_BitUpdate,0.968733638,A,1,0.864519119,0.991008472,0.943951454,"0.9966267
","0.9502044
"
wp_dgst.c_wp_dgst.c,WHIRLPOOL_Final,WHIRLPOOL_Final,0.976363089,C,1,0.39674288,0.998493701,0.94033437,"0.99868584
","0.98766994
"
s_server.c_s_server.c,www_body,www_body,0.876146329,E,1,0.993835032,0.99380623,0.849801107,"0.9815644
","0.8722505
"
x_x509.c_x_x509.c,x509_cb,x509_cb,0.943855231,C,1,0.453606516,0.911292298,0.829072385,"0.96049875
","0.87561387
"
x509.c_x509.c,x509_certify,x509_certify,0.883214651,E,1,0,0,0,"0
",0
t_crl.c_t_crl.c,X509_CRL_print,X509_CRL_print,0.866820893,E,1,0.881211519,0.975134568,0.762450206,"0.9875209
","0.87352824
"
by_file.c_by_file.c,X509_load_cert_crl_file,X509_load_cert_crl_file,0.952851125,C,1,0.473346174,0.998307164,1,"0.93365765
","0.9810101
"
x509.c_x509.c,x509_load_serial,x509_load_serial,0.978250073,D,1,0,0,0,"0
",0
x_name.c_x_name.c,x509_name_canon,x509_name_canon,0.90696709,D,1,0.981001198,0.985756874,0.888898825,"0.9956148
","0.8991677
"
x_name.c_x_name.c,x509_name_encode,x509_name_encode,0.961682442,D,1,0,0,0,"0
",0
x_name.c_x_name.c,x509_name_ex_d2i,x509_name_ex_d2i,0.845029065,D,1,0.877455354,0.977452406,0.903870409,"0.9684221
","0.93099785
"
x509_obj.c_x509_obj.c,X509_NAME_oneline,X509_NAME_oneline,0.894894248,D,1,0.984406114,0.995413054,0.911111976,"0.9787554
","0.95069736
"
x509_r2x.c_x509_r2x.c,X509_REQ_to_X509,X509_REQ_to_X509,0.847118671,E,1,0,0.9805149,0,"0.98649365
",0
x509_lu.c_x509_lu.c,X509_STORE_CTX_get1_issuer,X509_STORE_CTX_get1_issuer,0.910929828,D,1,0.806310892,0.978902515,0.899012092,"0.9165689
","0.9217669
"
x509_vfy.c_x509_vfy.c,X509_STORE_CTX_init,X509_STORE_CTX_init,0.929348575,C,1,0.765184462,0.915281512,0.809261822,"0.99606204
","0.91528904
"
x509_lu.c_x509_lu.c,X509_STORE_get_by_subject,X509_STORE_CTX_get_by_subject,0.929625542,C,1,0.708092213,0.982145494,0.853816131,"0.8998262
","0.78422153
"
x509_lu.c_x509_lu.c,X509_STORE_get1_certs,X509_STORE_CTX_get1_certs,0.883964109,D,1,0.731913626,0.977297828,0.89342203,"0.80717885
","0.84697145
"
x509_lu.c_x509_lu.c,X509_STORE_get1_crls,X509_STORE_CTX_get1_crls,0.855273058,D,1,0,0.979002338,0.836149948,"0.83943063
","0.8928937
"
x509_purp.c_v3_purp.c,x509v3_cache_extensions,x509v3_cache_extensions,0.918659818,E,1,0.994160473,0.973001341,0.815961496,"0.9714617
","0.9555221
"
x509_prn.c_v3_prn.c,X509V3_EXT_print,X509V3_EXT_print,0.945079987,A,1,0.831782758,0.980476181,0.896734248,"0.9218705
","0.9047186
"
x509_prn.c_v3_prn.c,X509V3_extensions_print,X509V3_extensions_print,0.9644107,A,1,0.507971704,0.989924963,0.753365641,"0.9646624
","0.95011526
"
