file_name,openssl_101f,gmssl,sim_value,ABCDE,0 or 1,vulseeker,gemini,kaist,ufbls,safe
b_print.c_b_print.c,_dopr,_dopr,0.927705511,B,1,0.977549195,0.967474919,0.6008595,"0.9034072
","0.86084163
"
a_object.c_a_object.c,a2d_ASN1_OBJECT,a2d_ASN1_OBJECT,0.928574568,D,1,0.99090749,0.987529272,0.939942276,"0.99503344
","0.9734486
"
v3_alt.c_v3_alt.c,a2i_GENERAL_NAME,a2i_GENERAL_NAME,0.994216527,A,1,0.596872747,0.996239092,0.92781314,"0.9707171
","0.96639514
"
bss_acpt.c_bss_acpt.c,acpt_ctrl,acpt_ctrl,0.930424542,D,1,0.665550292,0.430701216,0.78111642,"0.6937172
","0.96708953
"
req.c_req.c,add_attribute_object,add_attribute_object,0.986408097,D,1,0,0,0,"0
",0
by_dir.c_by_dir.c,add_cert_dir,add_cert_dir,0.861340586,C,1,0.797366202,0.985451056,0.838802756,"0.81280714
","0.79933125
"
req.c_req.c,add_DN_object,add_DN_object,0.962233136,D,1,0,0,0,"0
",0
ocsp.c_ocsp.c,add_ocsp_serial,add_ocsp_serial,0.84399384,A,1,0,0,0,"0
",0
e_aes.c_e_aes.c,aes_ccm_cipher,aes_ccm_cipher,0.974790285,D,1,0.077427603,0.992419283,0.722189221,"0.89692974
","0.725248
"
e_aes.c_e_aes.c,aes_ccm_cipher,aes_ccm_tls_cipher,0.969363,D,0,0,0,0,"0
",0
e_aes.c_e_sms4_ccm.c,aes_ccm_cipher,sms4_ccm_cipher,0.858482914,D,1,0.357928902,0.992419283,0.722189221,"0.9009664
","0.7488043
"
e_aes.c_e_sms4_ccm.c,aes_ccm_cipher,sms4_ccm_tls_cipher,0.871771066,D,0,0,0,0,"0
",0
e_aes.c_e_aes.c,aes_gcm_ctrl,aes_gcm_ctrl,0.906838433,D,1,0.954502165,0.636821633,0.844124586,"0.8046689
","0.67782015
"
e_aes_cbc_hmac_sha1.c_e_aes_cbc_hmac_sha1.c,aesni_cbc_hmac_sha1_cipher,aesni_cbc_hmac_sha1_cipher,0.9486477,D,1,0.991556108,0.999371839,0.949638839,"0.9995532
","0.9116351
"
e_aes_cbc_hmac_sha1.c_e_aes_cbc_hmac_sha1.c,aesni_cbc_hmac_sha1_ctrl,aesni_cbc_hmac_sha1_ctrl,0.838496612,D,1,0.825452685,0.375750685,0.477389257,"0.18824115
","0.8441077
"
bio_asn1.c_bio_asn1.c,asn1_bio_write,asn1_bio_write,0.992853599,E,1,0.642170489,0.994135055,0.865028923,"0.7234898
","0.726444
"
t_pkey.c_t_pkey.c,ASN1_bn_print,ASN1_bn_print,0.841013315,E,1,0.879090607,0.967728595,0.844140232,"0.8872293
","0.86176056
"
tasn_dec.c_tasn_dec.c,asn1_check_tlen,asn1_check_tlen,0.973788167,A,1,0.462942898,0.999973644,0.996960486,"0.99789566
","0.98936886
"
tasn_dec.c_tasn_dec.c,asn1_d2i_ex_primitive,asn1_d2i_ex_primitive,0.986755557,D,1,0.983803928,0.921388725,0.77581326,"0.9811072
","0.9790617
"
a_d2i_fp.c_a_d2i_fp.c,asn1_d2i_read_bio,asn1_d2i_read_bio,0.875570293,E,1,0.905474961,0.920386136,0.79682926,"0.9953114
","0.96163243
"
tasn_utl.c_tasn_utl.c,asn1_do_adb,asn1_do_adb,0.950689226,D,1,0.702093542,0.994825583,0.876142228,"0.722582
","0.94597954
"
tasn_dec.c_tasn_dec.c,asn1_ex_c2i,asn1_ex_c2i,0.986702002,C,1,0,0,0,"0
",0
tasn_dec.c_tasn_new.c,asn1_ex_c2i,asn1_primitive_new,0.805198781,E,0,0.404221594,0.960088601,0.664127217,"0.7034722
","0.5591439
"
tasn_enc.c_tasn_enc.c,asn1_ex_i2c,asn1_ex_i2c,0.942503915,C,1,0.796872556,0.994327576,0.966299618,"0.8590772
","0.9856399
"
tasn_enc.c_tasn_fre.c,asn1_ex_i2c,asn1_primitive_free,0.820865309,E,0,0.601597965,0.910536602,0.751049473,"0.7975441
","0.7482099
"
asn1_gen.c_asn1_gen.c,ASN1_generate_v3,generate_v3,0.955301269,D,1,0.992628038,0.671330915,0.948834915,"0.63229465
","0.87670493
"
tasn_fre.c_tasn_fre.c,asn1_item_combine_free,asn1_item_embed_free,0.854797541,E,1,0.42021358,0.990814917,0.754636038,"0.9797124
","0.88819635
"
tasn_new.c_tasn_new.c,asn1_item_ex_combine_new,asn1_item_embed_new,0.854891763,E,1,0.893668473,0.929076953,0.913949517,"0.9058266
","0.90338
"
tasn_dec.c_tasn_dec.c,ASN1_item_ex_d2i,asn1_item_embed_d2i,0.913831579,E,1,0.997867823,0.991084616,0.922925377,"0.9490097
","0.95996517
"
tasn_enc.c_tasn_dec.c,ASN1_item_ex_i2d,asn1_item_embed_d2i,0.816201362,E,0,0.889839768,0.978531905,0.542584314,"0.9862179
","0.8068203
"
tasn_enc.c_tasn_fre.c,ASN1_item_ex_i2d,asn1_item_embed_free,0.845325772,E,0,0.480420291,0.981465583,0.77367541,"0.9348546
","0.6564324
"
tasn_enc.c_tasn_new.c,ASN1_item_ex_i2d,asn1_item_embed_new,0.807793603,E,0,0.937831759,0.968643874,0.565739543,"0.73383474
","0.65439564
"
tasn_enc.c_tasn_enc.c,ASN1_item_ex_i2d,ASN1_item_ex_i2d,0.930781383,E,1,0.881875157,0.991036573,0.947964424,"0.9600339
","0.8830194
"
tasn_prn.c_tasn_prn.c,asn1_item_print_ctx,asn1_item_print_ctx,0.969425534,B,1,0.988782048,0.98714044,0.820895989,"0.9532105
","0.97427917
"
a_mbstr.c_a_mbstr.c,ASN1_mbstring_ncopy,ASN1_mbstring_ncopy,0.994195398,B,1,0.939580917,0.99757204,0.991251769,"0.9632423
","0.99263656
"
asn1_gen.c_asn1_gen.c,asn1_multi,asn1_multi,0.891313746,E,1,0,0,0,"0
",0
asn1_par.c_asn1_par.c,asn1_parse2,asn1_parse2,0.966116906,E,1,0.994470775,0.946400739,0.922274501,"0.97517043
","0.9224289
"
tasn_fre.c_tasn_enc.c,ASN1_primitive_free,asn1_ex_i2c,0.825181606,E,0,0.884109914,0.890486669,0.775860505,"0.50363743
","0.68290025
"
tasn_fre.c_tasn_fre.c,ASN1_primitive_free,asn1_primitive_free,0.943968034,E,1,0.88625288,0.998780791,0.962431006,"0.965208
","0.9412717
"
tasn_fre.c_tasn_new.c,ASN1_primitive_free,asn1_primitive_new,0.804432377,E,0,0.841050029,0.897441513,0.775619777,"0.18449019
","0.720331
"
tasn_fre.c_tasn_prn.c,ASN1_primitive_free,asn1_primitive_print,0.806349498,E,0,0,0,0,"0
",0
tasn_new.c_tasn_dec.c,ASN1_primitive_new,asn1_ex_c2i,0.802123277,E,0,0,0,0,"0
",0
tasn_new.c_tasn_fre.c,ASN1_primitive_new,asn1_primitive_free,0.813783949,E,0,0.713948071,0.896125306,0.846171041,"0.3909745
","0.7517224
"
tasn_new.c_tasn_new.c,ASN1_primitive_new,asn1_primitive_new,0.989828329,E,1,0.779576421,0.993169833,0.903372771,"0.8318653
","0.8264011
"
tasn_prn.c_tasn_prn.c,asn1_primitive_print,asn1_primitive_print,0.93940462,B/D,1,0,0,0,"0
",0
tasn_enc.c_tasn_enc.c,asn1_set_seq_out,asn1_set_seq_out,0.872821221,C,1,0,0,0,"0
",0
a_sign.c_a_sign.c,ASN1_sign,ASN1_sign,0.895227752,D,1,0.360838234,0.949313978,0.871971531,"0.79035205
","0.94833016
"
a_sign.c_a_verify.c,ASN1_sign,ASN1_verify,0.819849611,E,0,0.417028844,0.92597102,0.741995785,"0.7341394
","0.8942679
"
asn1_gen.c_asn1_gen.c,asn1_str2type,asn1_str2type,0.992640701,A,1,0,0,0,"0
",0
tasn_dec.c_tasn_dec.c,asn1_template_ex_d2i,asn1_template_ex_d2i,0.980477597,C,1,0.570975244,0.998988499,0.946518657,"0.96880174
","0.975174
"
tasn_enc.c_tasn_enc.c,asn1_template_ex_i2d,asn1_template_ex_i2d,0.952589914,E,1,0.884132147,0.992510229,0.913589373,"0.994222
","0.90439326
"
tasn_dec.c_tasn_dec.c,asn1_template_noexp_d2i,asn1_template_ex_d2i,0.80848312,E,0,0.310428709,0.982581288,0.569896297,"0.70197284
","0.88416046
"
tasn_dec.c_tasn_dec.c,asn1_template_noexp_d2i,asn1_template_noexp_d2i,0.914064377,E,1,0.79104799,0.997739896,0.960531203,"0.9759345
","0.9917334
"
tasn_prn.c_tasn_prn.c,asn1_template_print_ctx,asn1_template_print_ctx,0.986456669,E,1,0.896162868,0.991419591,0.968281721,"0.9780631
","0.9919461
"
a_verify.c_a_verify.c,ASN1_verify,ASN1_verify,0.87099404,D,1,0.646924853,0.982631381,0.83948398,"0.85261214
","0.9514348
"
asn1pars.c_asn1pars.c,asn1parse_main,asn1parse_main,0.883543452,,Null,0.965182722,-0.120446995,0.72608172,"0
","0.79274607
"
req.c_req.c,auto_info,auto_info,0.969572992,E,1,0,0,0,"0
",0
bio_b64.c_bio_b64.c,b64_ctrl,b64_ctrl,0.899275713,E,1,0.263669997,0.703705784,0.854388055,"0.453957
","0.6952523
"
bio_b64.c_bio_b64.c,b64_read,b64_read,0.974149876,E,1,0.996861219,0.999732444,0.924143226,"0.998757
","0.8139509
"
bio_b64.c_bio_b64.c,b64_read,b64_write,0.892394297,E,0,0.853381455,0.471202892,0.463126967,"0.9744726
","0.6981774
"
bio_b64.c_bio_b64.c,b64_write,b64_read,0.83240162,E,0,0.804154813,0.813018582,0.474657273,"0.9752348
","0.82597625
"
bio_b64.c_bio_b64.c,b64_write,b64_write,0.865499276,E,1,0.914700985,0.803948848,0.842819659,"0.96062607
","0.8532169
"
bf_cfb64.c_bf_cfb64.c,BF_cfb64_encrypt,BF_cfb64_encrypt,0.97879601,A,1,0.661905885,1,1,"1.0
","1.0
"
bf_cfb64.c_bf_ofb64.c,BF_cfb64_encrypt,BF_ofb64_encrypt,0.929658415,E,0,0.456437051,0.967609814,0.763992473,"0.9228235
","0.90297997
"
bf_ofb64.c_bf_cfb64.c,BF_ofb64_encrypt,BF_cfb64_encrypt,0.968481525,E,0,0.483201832,0.967609814,0.763992473,"0.9228235
","0.90297997
"
bf_ofb64.c_bf_ofb64.c,BF_ofb64_encrypt,BF_ofb64_encrypt,0.995112477,A,1,0.83409214,1,1,"1.0000002
","0.9999999
"
bio_cb.c_bio_cb.c,BIO_debug_callback,BIO_debug_callback,0.959147364,E,1,0.949529469,0.606017556,0.946016558,"0.78940004
","0.9484474
"
b_dump.c_b_dump.c,BIO_dump_indent_cb,BIO_dump_indent_cb,0.99778243,C,1,0.841840446,0.99981997,0.998557727,"0.99284124
","0.99983174
"
bio_ndef.c_bio_ndef.c,BIO_new_NDEF,BIO_new_NDEF,0.934150173,B,1,0.842819452,0.977131347,0.912248014,"0.76894206
","0.8933094
"
bn_lib.c_bn_lib.c,BN_bin2bn,BN_lebin2bn,0.980252597,B,1,0.762006819,0.987948077,0.806394474,"0.97220856
","0.9424409
"
bn_blind.c_bn_blind.c,BN_BLINDING_create_param,BN_BLINDING_create_param,0.969568104,D,1,0.722449362,0.976558821,0.865765358,"0.8673456
","0.9753369
"
bn_print.c_bn_print.c,BN_bn2dec,BN_bn2dec,0.848380833,E,1,0.820647657,0.943375786,0.868629302,"0.8529918
","0.9300402
"
bn_print.c_bn_print.c,BN_dec2bn,BN_dec2bn,0.934778209,D,1,0.760944307,0.98463472,0.848078975,"0.9588362
","0.92433274
"
bn_div.c_bn_div.c,BN_div,BN_div,0.91459354,A,1,0.982048273,0.947633116,0.836025491,"0.98738664
","0.9587241
"
bn_mont.c_bn_mont.c,BN_from_montgomery_word,BN_from_montgomery_word,0.945943361,C,1,0.522541344,0.947304237,0.835745191,"0.9950413
","0.8784325
"
bn_gf2m.c_bn_gf2m.c,BN_GF2m_mod_inv,BN_GF2m_mod_inv,0.960332447,B,1,0.954045713,0.978664489,0.918505595,"0.9978074
","0.917319
"
bn_gf2m.c_bn_gf2m.c,BN_GF2m_mod_mul_arr,BN_GF2m_mod_mul_arr,0.98027239,A,1,0.652719975,0.970143901,0.85333373,"0.9986398
","0.98361653
"
bn_print.c_bn_print.c,BN_hex2bn,BN_dec2bn,0.858621739,E,0,0.893716872,0.969641256,0.779077576,"0.9703252
","0.9201304
"
bn_prime.c_bn_prime.c,BN_is_prime_fasttest_ex,BN_is_prime_fasttest_ex,0.966869033,B,1,0.99050951,0.979618238,0.897523458,"0.9697806
","0.9600069
"
bn_kron.c_bn_kron.c,BN_kronecker,BN_kronecker,0.993826822,A,1,0.680576444,0.975722624,0.871267904,"0.9404803
","0.9578959
"
bn_exp.c_bn_exp.c,BN_mod_exp_mont,BN_mod_exp_mont,0.961228693,D,1,0.981836736,0.976699611,0.75222961,"0.95830876
","0.80906016
"
bn_exp.c_bn_exp.c,BN_mod_exp_mont,BN_mod_exp_mont_word,0.856457467,E,0,0.908830285,0.983004117,0.664955485,"0.9770146
","0.7754669
"
bn_exp.c_bn_exp2.c,BN_mod_exp_mont,BN_mod_exp2_mont,0.935698642,E,0,0.979872286,0.962100521,0.752987611,"0.96003795
","0.9285009
"
bn_exp.c_bntest.c,BN_mod_exp_mont,test_mont,0.814514697,E,0,0,0.76547996,0,"0.8976036
",0
bn_exp.c_bn_exp.c,BN_mod_exp_mont_consttime,BN_mod_exp_mont_consttime,0.906634724,D,1,0.995028079,0.981007781,0.769480881,"0.99107474
","0.8141678
"
bn_exp.c_bn_exp.c,BN_mod_exp_mont_word,BN_mod_exp_mont,0.883470009,E,0,0.940387845,0.945038934,0.603370087,"0.9688279
","0.6055777
"
bn_exp.c_bn_exp.c,BN_mod_exp_mont_word,BN_mod_exp_mont_word,0.967152501,D,1,0.950840354,0.99738705,0.933057947,"0.98681366
","0.87298393
"
bn_exp.c_bn_exp2.c,BN_mod_exp_mont_word,BN_mod_exp2_mont,0.876715552,E,0,0.961282551,0.92337992,0.64746411,"0.9668752
","0.82596624
"
bn_exp.c_bntest.c,BN_mod_exp_mont_word,test_mont,0.80082748,E,0,0,0.85197023,0,"0.90257967
",0
bn_exp.c_bn_exp.c,BN_mod_exp_recp,BN_mod_exp_recp,0.987213183,E,1,0.987456858,0.999361463,0.96813927,"0.9926482
","0.9690795
"
bn_exp2.c_bn_exp.c,BN_mod_exp2_mont,BN_mod_exp_mont,0.905683157,E,0,0.990582883,0.989355954,0.83844557,"0.98891246
","0.8214017
"
bn_exp2.c_bn_exp.c,BN_mod_exp2_mont,BN_mod_exp_mont_word,0.8117489,E,0,0.918858707,0.941296389,0.664726893,"0.9956022
","0.90077037
"
bn_exp2.c_bn_exp2.c,BN_mod_exp2_mont,BN_mod_exp2_mont,0.962299552,B,1,0.99375689,0.994881598,0.972035307,"0.9927548
","0.9645817
"
bn_gcd.c_bn_sqrt.c,BN_mod_inverse,BN_mod_sqrt,0.823278216,E,0,0.993188858,0.981813662,0.730876827,"0.932168
","0.8569569
"
bn_gcd.c_bn_gcd.c,BN_mod_inverse,int_bn_mod_inverse,0.989167712,E,1,0.9976843,0.992974276,0.816423593,"0.9937405
","0.91625255
"
bn_sqrt.c_bn_sqrt.c,BN_mod_sqrt,BN_mod_sqrt,0.979491416,B,1,0.991720557,0.996871889,0.870931232,"0.94054174
","0.7736867
"
bn_sqrt.c_bn_gcd.c,BN_mod_sqrt,int_bn_mod_inverse,0.803075915,E,0,0.99272567,0.985495325,0.750196361,"0.9512139
","0.77715695
"
bn_mont.c_bn_mont.c,BN_MONT_CTX_set,BN_MONT_CTX_set,0.975412101,A,1,0.724939287,0.95460386,0.926520846,"0.5491818
","0.9798316
"
bn_nist.c_bn_nist.c,BN_nist_mod_192,BN_nist_mod_192,0.985094135,C/A,1,0,0.994398044,0,"0.9942399
",0
bn_nist.c_bn_nist.c,BN_nist_mod_192,BN_nist_mod_256,0.845092649,E,0,0,0.984206007,0,"0.98457026
",0
bn_nist.c_bn_nist.c,BN_nist_mod_192,BN_nist_mod_384,0.846120166,E,0,0,0.9811138,0,"0.9440122
",0
bn_nist.c_bn_sm2p256.c,BN_nist_mod_192,BN_sm2_mod_256,0.845817623,E,0,0,0.984196312,0,"0.98461086
",0
bn_nist.c_bn_nist.c,BN_nist_mod_224,BN_nist_mod_224,0.98277536,C/A,1,0,0.994499914,0,"0.9980559
",0
bn_nist.c_bn_nist.c,BN_nist_mod_224,BN_nist_mod_256,0.895971135,C,0,0,0.93806871,0,"0.97031087
",0
bn_nist.c_bn_nist.c,BN_nist_mod_224,BN_nist_mod_384,0.893412933,C,0,0,0.931975635,0,"0.9706053
",0
bn_nist.c_bn_sm2p256.c,BN_nist_mod_224,BN_sm2_mod_256,0.896004891,C,0,0,0.938187915,0,"0.97711086
",0
bn_nist.c_bn_nist.c,BN_nist_mod_256,BN_nist_mod_192,0.836736461,E,0,0,0.997515258,0,"0.9639709
",0
bn_nist.c_bn_nist.c,BN_nist_mod_256,BN_nist_mod_224,0.888833327,C,0,0,0.957138423,0,"0.9354135
",0
bn_nist.c_bn_nist.c,BN_nist_mod_256,BN_nist_mod_256,0.981506366,C/A,1,0,0.992174441,0,"0.9945938
",0
bn_nist.c_bn_nist.c,BN_nist_mod_256,BN_nist_mod_384,0.955437989,C,0,0,0.990019429,0,"0.9729669
",0
bn_nist.c_bn_sm2p256.c,BN_nist_mod_256,BN_sm2_mod_256,0.982160076,C,0,0,0.992140591,0,"0.9890126
",0
bn_nist.c_bn_nist.c,BN_nist_mod_384,BN_nist_mod_192,0.826441854,E,0,0,0.996649661,0,"0.9601655
",0
bn_nist.c_bn_nist.c,BN_nist_mod_384,BN_nist_mod_224,0.873399279,C,0,0,0.951310987,0,"0.95093083
",0
bn_nist.c_bn_nist.c,BN_nist_mod_384,BN_nist_mod_256,0.940203862,C,0,0,0.990925865,0,"0.99617475
",0
bn_nist.c_bn_nist.c,BN_nist_mod_384,BN_nist_mod_384,0.973209835,C/A,1,0,0.989472841,0,"0.9855285
",0
bn_nist.c_bn_sm2p256.c,BN_nist_mod_384,BN_sm2_mod_256,0.941504269,C,0,0,0.990854666,0,"0.9930798
",0
bn_nist.c_bn_nist.c,BN_nist_mod_521,BN_nist_mod_192,0.807062886,E,0,0,0.963903745,0,"0.87835145
",0
bn_nist.c_bn_nist.c,BN_nist_mod_521,BN_nist_mod_521,0.989941374,C/A,1,0,0.990555614,0,"0.99440783
",0
bn_rand.c_bn_rand.c,bnrand,bnrand,0.990928209,D,1,0.57440573,0.988040106,0.921072608,"0.91469085
","0.9222133
"
bf_buff.c_bf_buff.c,buffer_ctrl,buffer_ctrl,0.973754488,B,1,0.964327335,0.460365619,0.984007574,"0.21914701
","0.9878162
"
a_bitstr.c_a_bitstr.c,c2i_ASN1_BIT_STRING,c2i_ASN1_BIT_STRING,0.939450115,D,1,0.547815621,0.990203075,0.924172496,"0.9598857
","0.921195
"
a_bitstr.c_a_int.c,c2i_ASN1_BIT_STRING,d2i_ASN1_UINTEGER,0.936113621,E,0,0.791098416,0.986652005,0.808884147,"0.47239476
","0.88163173
"
a_int.c_a_bitstr.c,c2i_ASN1_INTEGER,c2i_ASN1_BIT_STRING,0.873145669,E,0,0.401750654,0.912467282,0.537244868,"0.9188896
","0.8650856
"
a_int.c_a_int.c,c2i_ASN1_INTEGER,d2i_ASN1_UINTEGER,0.934890469,E,0,0.484150916,0.945695563,0.519920383,"0.57007957
","0.77784246
"
a_object.c_a_object.c,c2i_ASN1_OBJECT,c2i_ASN1_OBJECT,0.934909986,E,1,0.46385482,0.986050581,0.817353867,"0.84765935
","0.8908228
"
ca.c_ca.c,ca_main,ca_main,0.88173352,,Null,0.663454771,-0.601403301,0.810333643,"0
","0.8448404
"
c_cfb64.c_c_cfb64.c,CAST_cfb64_encrypt,CAST_cfb64_encrypt,0.9681399,A,1,0.493704468,1,1,"1.0
","1.0
"
c_cfb64.c_c_ofb64.c,CAST_cfb64_encrypt,CAST_ofb64_encrypt,0.915762087,E,0,0.509606838,0.967609814,0.763992473,"0.9228235
","0.90297997
"
c_ofb64.c_c_cfb64.c,CAST_ofb64_encrypt,CAST_cfb64_encrypt,0.968481525,E,0,0.615427852,0.967609814,0.763992473,"0.9228235
","0.90297997
"
c_ofb64.c_c_ofb64.c,CAST_ofb64_encrypt,CAST_ofb64_encrypt,0.995923711,A,1,0.607327461,1,1,"1.0000002
","0.9999999
"
s_server.c_s_server.c,cert_status_cb,cert_status_cb,0.882840363,E,1,0.915294766,0.938364402,0.928952545,"0.98236847
","0.88587815
"
ca.c_ca.c,certify,certify,0.926481673,D,1,0.842706621,0.942391637,0.929623591,"0.9607932
","0.9294721
"
ca.c_ca.c,certify,certify_cert,0.854122222,E,0,0,0,0,"0
",0
ca.c_ca.c,certify_cert,certify,0.84960771,E,0,0,0,0,"0
",0
ca.c_ca.c,certify_cert,certify_cert,0.831009126,E,1,0,0,0,"0
",0
ca.c_ca.c,certify_spkac,certify_spkac,0.938739854,E,1,0,0,0,"0
",0
ectest.c_ectest.c,char2_field_tests,char2_field_tests,0.967663193,E,1,0,0.999955796,0,"0.99737185
",0
ectest.c_ectest.c,char2_field_tests,prime_field_tests,0.922493197,E,0,0,0.996944634,0,"0.9873956
",0
verify.c_verify.c,check,check,0.911606861,E,1,0.875325918,0.979783733,0.632707554,"0.81119925
","0.934434
"
apps.c_apps.c,chopup_args,chopup_args,0.823114764,E,1,0.64424175,0.872969492,0.626986213,"0.98591393
","0.8056782
"
cms_env.c_cms_env.c,CMS_add0_recipient_key,CMS_add0_recipient_key,0.987417648,B,1,0.929365277,0.978242419,0.974707208,"0.92326725
","0.98815274
"
cms_pwri.c_cms_pwri.c,CMS_add0_recipient_password,CMS_add0_recipient_password,0.90963707,D,1,0.447144151,0.994209254,0.921359375,"0.87755674
","0.91475886
"
cms_sd.c_cms_sd.c,CMS_add1_signer,CMS_add1_signer,0.864841345,D,1,0.984562337,0.995164521,0.9293548,"0.934238
","0.95002586
"
cms_lib.c_cms_lib.c,CMS_dataFinal,CMS_dataFinal,0.99588618,A,1,0.565204382,0.662420145,1,"0.8055375
","0.99415016
"
cms_smime.c_cms_smime.c,CMS_decrypt_set1_pkey,CMS_decrypt_set1_pkey,0.897712088,E,1,0.492926687,0.990997379,0.851341426,"0.79505783
","0.97269654
"
cms_enc.c_cms_enc.c,cms_EncryptedContent_init_bio,cms_EncryptedContent_init_bio,0.953650408,D,1,0.984312594,0.921599183,0.935381427,"0.951572
","0.9671101
"
cms_env.c_cms_env.c,cms_EnvelopedData_init_bio,cms_EnvelopedData_init_bio,0.872207078,E,1,0.711560905,0.793043655,0.571257418,"0.7153762
","0.79060936
"
cms.c_cms.c,cms_main,cms_main,0.827648971,,Null,0.999495506,-0.056163076,0.785111352,"0
","0.8786465
"
cms_ess.c_cms_ess.c,cms_Receipt_verify,cms_Receipt_verify,0.986140905,B,1,0.934070051,0.99665726,0.968157378,"0.96001
","0.9699206
"
cms_env.c_cms_env.c,cms_RecipientInfo_kekri_decrypt,cms_RecipientInfo_kekri_decrypt,0.993411304,B,1,0,0,0,"0
",0
cms_env.c_cms_env.c,cms_RecipientInfo_kekri_decrypt,cms_RecipientInfo_kekri_encrypt,0.968938296,D,0,0,0,0,"0
",0
cms_env.c_cms_env.c,cms_RecipientInfo_kekri_encrypt,cms_RecipientInfo_kekri_decrypt,0.977365347,D,0,0,0,0,"0
",0
cms_env.c_cms_env.c,cms_RecipientInfo_kekri_encrypt,cms_RecipientInfo_kekri_encrypt,0.998932105,B,1,0,0,0,"0
",0
cms_env.c_cms_env.c,CMS_RecipientInfo_kekri_get0_id,CMS_RecipientInfo_kekri_get0_id,0.993919252,A,1,0.815764606,0.999940187,1,"0.9943488
","0.9818787
"
cms_env.c_cms_env.c,cms_RecipientInfo_ktri_decrypt,cms_RecipientInfo_ktri_decrypt,0.951232331,E,1,0,0,0,"0
",0
cms_env.c_cms_env.c,cms_RecipientInfo_ktri_decrypt,cms_RecipientInfo_ktri_encrypt,0.964969045,D,0,0,0,0,"0
",0
cms_env.c_cms_env.c,cms_RecipientInfo_ktri_encrypt,cms_RecipientInfo_ktri_decrypt,0.908788783,E,0,0,0,0,"0
",0
cms_env.c_cms_env.c,cms_RecipientInfo_ktri_encrypt,cms_RecipientInfo_ktri_encrypt,0.985288239,D,1,0,0,0,"0
",0
cms_pwri.c_cms_pwri.c,cms_RecipientInfo_pwri_crypt,cms_RecipientInfo_pwri_crypt,0.8890066,E,1,0.861174345,0.994051617,0.909587901,"0.9497568
","0.8457358
"
cms_sd.c_cms_sd.c,cms_sd_set_version,cms_sd_set_version,0.928932149,B,1,0,0,0,"0
",0
cms_sd.c_cms_sd.c,CMS_set1_signers_certs,CMS_set1_signers_certs,0.923764451,A,1,0.778416157,0.993514745,0.943360748,"0.982532
","0.9693342
"
cms_smime.c_cms_smime.c,CMS_sign_receipt,CMS_sign_receipt,0.941375232,B,1,0.945721328,0.995825586,0.965829107,"0.97072434
","0.988113
"
cms_sd.c_cms_sd.c,cms_SignerInfo_content_sign,cms_SignerInfo_content_sign,0.835686295,D,1,0,0,0,"0
",0
cms_smime.c_cms_smime.c,CMS_verify,CMS_verify,0.904170529,E,1,0.985645473,0.955304893,0.796797908,"0.96494454
","0.8406047
"
dh_key.c_dh_key.c,compute_key,compute_key,0.963278068,B,1,0.884201884,0.990607869,0.924119894,"0.8852812
","0.98298615
"
ec_mult.c_bn_intern.c,compute_wNAF,bn_compute_Wnaf,0.968592893,E,1,0,0.998603751,0,0,0
bss_conn.c_bss_conn.c,conn_ctrl,conn_ctrl,0.910153601,C,1,0.572116554,0.335653097,0.842428023,"0.6526166
","0.94182026
"
v3_alt.c_v3_alt.c,copy_email,copy_email,0.953819856,A,1,0.6361292,0.9992081,0.992131469,"0.9667788
","0.98502237
"
ts.c_ts.c,create_query,create_query,0.955674904,A,1,0,0,0,"0
",0
x509_vfy.c_x509_vfy.c,crl_akid_check,crl_akid_check,0.993415655,A,1,0,0,0,"0
",0
x_crl.c_x_crl.c,crl_cb,crl_cb,0.918790394,E,1,0.960104048,0.996091882,0.945295878,"0.9527064
","0.8115052
"
x_crl.c_x_crl.c,crl_set_issuers,crl_set_issuers,0.858230604,A,1,0,0,0,"0
",0
crl2p7.c_crl2p7.c,crl2pkcs7_main,crl2pkcs7_main,0.89504069,,Null,-0.1412815,-0.361601515,0.722753612,"0.24485512
","0.7615661
"
cbc128.c_cbc128.c,CRYPTO_cbc128_decrypt,CRYPTO_cbc128_decrypt,0.928788026,B,1,0.884294152,1,0.968085106,"1.0000001
","1.0000001
"
ccm128.c_ccm128.c,CRYPTO_ccm128_decrypt,CRYPTO_ccm128_decrypt,0.968629414,A,1,0.772256732,1,0.973404255,"1.0000001
","1.0
"
ccm128.c_ccm128.c,CRYPTO_ccm128_decrypt,CRYPTO_ccm128_decrypt_ccm64,0.875368881,E,1,0.797434568,0.994252061,0.823812318,"0.95155674
","0.9404144
"
ccm128.c_ccm128.c,CRYPTO_ccm128_decrypt,CRYPTO_ccm128_encrypt,0.96633194,D,0,0.838349104,0.993465396,0.854098978,"0.9966086
","0.91035914
"
ccm128.c_ccm128.c,CRYPTO_ccm128_decrypt,CRYPTO_ccm128_encrypt_ccm64,0.871644238,E,0,0.906599343,0.989909699,0.830967137,"0.9728905
","0.9383978
"
ccm128.c_ccm128.c,CRYPTO_ccm128_decrypt_ccm64,CRYPTO_ccm128_decrypt,0.878946684,E,1,0.857944667,0.994252061,0.823812318,"0.95155674
","0.9404144
"
ccm128.c_ccm128.c,CRYPTO_ccm128_decrypt_ccm64,CRYPTO_ccm128_decrypt_ccm64,0.982066126,A,1,0.893294454,1,0.973404255,"1.0000002
","1.0
"
ccm128.c_ccm128.c,CRYPTO_ccm128_decrypt_ccm64,CRYPTO_ccm128_encrypt,0.869145904,E,0,0.811768532,0.995126307,0.772017569,"0.94161737
","0.8704777
"
ccm128.c_ccm128.c,CRYPTO_ccm128_decrypt_ccm64,CRYPTO_ccm128_encrypt_ccm64,0.981428597,D,0,0.854379594,0.991638015,0.841345579,"0.9931541
","0.9530581
"
ccm128.c_ccm128.c,CRYPTO_ccm128_encrypt,CRYPTO_ccm128_decrypt,0.966076908,D,0,0.812278748,0.993465396,0.854098978,"0.9966086
","0.91035914
"
ccm128.c_ccm128.c,CRYPTO_ccm128_encrypt,CRYPTO_ccm128_decrypt_ccm64,0.866703956,E,0,0.870588243,0.995126307,0.772017569,"0.94161737
","0.8704777
"
ccm128.c_ccm128.c,CRYPTO_ccm128_encrypt,CRYPTO_ccm128_encrypt,0.968939105,A,1,0.808861732,1,0.973404255,"0.99999994
","0.9999999
"
ccm128.c_ccm128.c,CRYPTO_ccm128_encrypt,CRYPTO_ccm128_encrypt_ccm64,0.863469296,E,1,0.861468911,0.99481862,0.854978182,"0.96935654
","0.9196626
"
ccm128.c_ccm128.c,CRYPTO_ccm128_encrypt_ccm64,CRYPTO_ccm128_decrypt,0.876153991,E,0,0.881885529,0.989909699,0.830967137,"0.9728905
","0.9383978
"
ccm128.c_ccm128.c,CRYPTO_ccm128_encrypt_ccm64,CRYPTO_ccm128_decrypt_ccm64,0.982741212,D,0,0.883868814,0.991638015,0.841345579,"0.9931541
","0.9530581
"
ccm128.c_ccm128.c,CRYPTO_ccm128_encrypt_ccm64,CRYPTO_ccm128_encrypt,0.866854667,E,1,0.926050007,0.99481862,0.854978182,"0.96935654
","0.9196626
"
ccm128.c_ccm128.c,CRYPTO_ccm128_encrypt_ccm64,CRYPTO_ccm128_encrypt_ccm64,0.983448089,A,1,0.917110026,1,0.973404255,"1.0000001
","1.0000001
"
ctr128.c_ctr128.c,CRYPTO_ctr128_encrypt_ctr32,CRYPTO_ctr128_encrypt_ctr32,0.965858664,B,1,0.581938744,0.974258622,0.734802202,"0.96932024
","0.9343296
"
gcm128.c_gcm128.c,CRYPTO_gcm128_aad,CRYPTO_gcm128_aad,0.964344261,A,1,0.674634874,1,0.984397163,"1.0000001
","1.0
"
gcm128.c_gcm128.c,CRYPTO_gcm128_aad,CRYPTO_gcm128_decrypt_ctr32,0.827959094,E,0,0.737689912,0.980701313,0.757005659,"0.9003183
","0.7403665
"
gcm128.c_gcm128.c,CRYPTO_gcm128_aad,CRYPTO_gcm128_encrypt_ctr32,0.83647755,E,0,0.570838571,0.977990999,0.763863943,"0.9754971
","0.81289595
"
gcm128.c_gcm128.c,CRYPTO_gcm128_aad,CRYPTO_gcm128_setiv,0.825581389,E,0,0.753084064,0.95811768,0.733819752,"0.9620804
","0.87614346
"
gcm128.c_gcm128.c,CRYPTO_gcm128_decrypt_ctr32,CRYPTO_gcm128_aad,0.846248589,E,0,0.668227494,0.980701313,0.735374454,"0.9003183
","0.7403665
"
gcm128.c_gcm128.c,CRYPTO_gcm128_decrypt_ctr32,CRYPTO_gcm128_decrypt_ctr32,0.975518912,A,1,0.452055842,1,0.978723404,"1.0
","0.9999999
"
gcm128.c_gcm128.c,CRYPTO_gcm128_decrypt_ctr32,CRYPTO_gcm128_encrypt_ctr32,0.974863507,C,0,0.657076895,0.998108925,0.936098209,"0.9685569
","0.94177014
"
gcm128.c_gcm128.c,CRYPTO_gcm128_decrypt_ctr32,CRYPTO_gcm128_setiv,0.810271882,E,0,0.790235043,0.97689827,0.74523612,"0.8594126
","0.755236
"
gcm128.c_gcm128.c,CRYPTO_gcm128_encrypt_ctr32,CRYPTO_gcm128_aad,0.853883724,E,0,0.616117597,0.977990999,0.742232737,"0.9754971
","0.81289595
"
gcm128.c_gcm128.c,CRYPTO_gcm128_encrypt_ctr32,CRYPTO_gcm128_decrypt_ctr32,0.973303983,C,0,0.761507928,0.998108925,0.936098209,"0.9685569
","0.94177014
"
gcm128.c_gcm128.c,CRYPTO_gcm128_encrypt_ctr32,CRYPTO_gcm128_encrypt_ctr32,0.975437309,A,1,0.767393768,1,0.978723404,"0.99999994
","1.0
"
gcm128.c_gcm128.c,CRYPTO_gcm128_encrypt_ctr32,CRYPTO_gcm128_setiv,0.808516337,E,0,0.76689595,0.982667616,0.730372497,"0.94352597
","0.7393375
"
gcm128.c_gcm128.c,CRYPTO_gcm128_setiv,CRYPTO_gcm128_aad,0.819989297,E,0,0.649813294,0.95811768,0.75207986,"0.9620804
","0.87614346
"
gcm128.c_gcm128.c,CRYPTO_gcm128_setiv,CRYPTO_gcm128_setiv,0.958170642,A,1,0.837934852,1,0.985170858,"0.9999999
","1.0000001
"
xts128.c_xts128.c,CRYPTO_xts128_encrypt,CRYPTO_xts128_encrypt,0.957853182,A,1,0.844337583,1,0.978723404,"0.9999998
","1.0000001
"
a_bytes.c_a_bitstr.c,d2i_ASN1_bytes,c2i_ASN1_BIT_STRING,0.891516074,E,0,0.437249154,0.921054012,0.474494823,"0.58071023
","0.680044
"
a_bytes.c_a_int.c,d2i_ASN1_bytes,d2i_ASN1_UINTEGER,0.85033178,E,0,0.467320323,0.959577147,0.478198338,"0.9640779
","0.6641331
"
a_bytes.c_a_int.c,d2i_ASN1_type_bytes,d2i_ASN1_UINTEGER,0.832231417,E,0,0.620261133,0.991765095,0.849898996,"0.72537255
","0.78179854
"
a_int.c_a_bitstr.c,d2i_ASN1_UINTEGER,c2i_ASN1_BIT_STRING,0.874365901,E,0,0.645106554,0.973329143,0.800858265,"0.50286525
","0.94387984
"
a_int.c_a_int.c,d2i_ASN1_UINTEGER,d2i_ASN1_UINTEGER,0.947278371,E,1,0.720052719,0.993238985,0.864361146,"0.9905199
","0.97362214
"
ec_asn1.c_ec_asn1.c,d2i_ECPrivateKey,d2i_ECPrivateKey,0.84668886,E,1,0.421652079,0.983768491,0.969910347,"0.6461218
","0.9016618
"
pem_pk8.c_pem_pk8.c,d2i_PKCS8PrivateKey_bio,d2i_PKCS8PrivateKey_bio,0.959923798,A,1,0.455360532,0.993848247,0.950862999,"0.9824889
","0.99479645
"
d2i_pr.c_d2i_pr.c,d2i_PrivateKey,d2i_PrivateKey,0.992053187,E,1,0.772845566,0.997295459,0.90777493,"0.7735516
","0.9673522
"
conf_def.c_conf_def.c,def_load_bio,def_load_bio,0.965665064,D,1,0.984380126,0.989113055,0.95048594,"0.98984003
","0.9723233
"
cbc_enc.c_cbc_enc.c,DES_cbc_encrypt,DES_cbc_encrypt,0.932722681,A,1,0,0.999695871,0,"0.9997408
",0
cbc_enc.c_cfb64enc.c,DES_cbc_encrypt,DES_cfb64_encrypt,0.809422448,E,0,0,0.96564428,0,"0.9687533
",0
cbc_enc.c_des_enc.c,DES_cbc_encrypt,DES_ede3_cbc_encrypt,0.873996956,E,0,0,0.993341467,0,"0.9985307
",0
cbc_enc.c_des_enc.c,DES_cbc_encrypt,DES_ncbc_encrypt,0.925871821,A,1,0,0.993619193,0,"0.99947226
",0
cbc_enc.c_xcbc_enc.c,DES_cbc_encrypt,DES_xcbc_encrypt,0.895405631,E,0,0,0.994766931,0,"0.99846965
",0
cfb_enc.c_cfb_enc.c,DES_cfb_encrypt,DES_cfb_encrypt,0.953314476,A,1,0.977538526,0.998619011,1,"0.99905056
","1.0000001
"
cfb_enc.c_ofb_enc.c,DES_cfb_encrypt,DES_ofb_encrypt,0.886929636,E,0,0,0.989825381,0,"0.9877962
",0
e_des.c_e_des.c,des_cfb1_cipher,des_cfb1_cipher,0.973134198,C,1,0.876001596,0.999044837,0.918991155,"0.96551794
","0.86338335
"
cfb64enc.c_cfb64enc.c,DES_cfb64_encrypt,DES_cfb64_encrypt,0.931738502,A,1,0.496698976,1,1,"1.0000002
","1.0000002
"
cfb64enc.c_cfb64ede.c,DES_cfb64_encrypt,DES_ede3_cfb64_encrypt,0.907322896,E,0,0.653042197,0.999638747,0.990019416,"0.99035406
","0.9440825
"
cfb64enc.c_ofb64ede.c,DES_cfb64_encrypt,DES_ede3_ofb64_encrypt,0.824935325,E,0,0.488451928,0.969747735,0.774743979,"0.9061443
","0.9020747
"
cfb64enc.c_des_enc.c,DES_cfb64_encrypt,DES_ncbc_encrypt,0.808921114,E,0,0.470669568,0.970718736,0.670395847,"0.96563315
","0.8961234
"
cfb64enc.c_ofb_enc.c,DES_cfb64_encrypt,DES_ofb_encrypt,0.819978714,E,0,0,0.962796048,0,"0.95763826
",0
cfb64enc.c_ofb64enc.c,DES_cfb64_encrypt,DES_ofb64_encrypt,0.857316598,E,0,0.57860744,0.969195573,0.774590326,"0.8994051
","0.89445
"
cfb64enc.c_xcbc_enc.c,DES_cfb64_encrypt,DES_xcbc_encrypt,0.817669588,E,0,0.699278474,0.965662676,0.672742819,"0.9574199
","0.85634714
"
des_enc.c_cbc_enc.c,DES_ede3_cbc_encrypt,DES_cbc_encrypt,0.872298822,E,0,0,0.992944096,0,"0.998341
",0
des_enc.c_cfb64enc.c,DES_ede3_cbc_encrypt,DES_cfb64_encrypt,0.800458256,E,0,0.755567908,0.973030007,0.664533858,"0.97047496
","0.89476323
"
des_enc.c_des_enc.c,DES_ede3_cbc_encrypt,DES_ede3_cbc_encrypt,0.954332391,A,1,0.831713676,0.999158226,0.982269504,"0.99969167
","1.0000001
"
des_enc.c_cfb64ede.c,DES_ede3_cbc_encrypt,DES_ede3_cfb_encrypt,0.808763724,E,0,0.531098664,0.969296799,0.673335262,"0.976355
","0.90090513
"
des_enc.c_cfb64ede.c,DES_ede3_cbc_encrypt,DES_ede3_cfb64_encrypt,0.856524666,E,0,0.599567354,0.972809682,0.662044549,"0.9826647
","0.9048239
"
des_enc.c_des_enc.c,DES_ede3_cbc_encrypt,DES_ncbc_encrypt,0.882099964,E,0,0.743794441,0.99891761,0.967816304,"0.9985983
","0.95473063
"
des_enc.c_xcbc_enc.c,DES_ede3_cbc_encrypt,DES_xcbc_encrypt,0.851997316,E,0,0.769625604,0.998055649,0.899416672,"0.9969312
","0.92961144
"
ede_cbcm_enc.c_cbc_enc.c,DES_ede3_cbcm_encrypt,DES_cbc_encrypt,0.9266736,E,0,0,0.974903579,0,"0.7482706
",0
ede_cbcm_enc.c_cfb64enc.c,DES_ede3_cbcm_encrypt,DES_cfb64_encrypt,0.875203059,E,0,0,0.907525898,0,"0.78028244
",0
ede_cbcm_enc.c_des_enc.c,DES_ede3_cbcm_encrypt,DES_ede3_cbc_encrypt,0.898355232,E,0,0,0.972594201,0,"0.7270743
",0
ede_cbcm_enc.c_cfb64ede.c,DES_ede3_cbcm_encrypt,DES_ede3_cfb64_encrypt,0.841736625,E,0,0,0.905698116,0,"0.7628089
",0
ede_cbcm_enc.c_ofb64ede.c,DES_ede3_cbcm_encrypt,DES_ede3_ofb64_encrypt,0.807156167,E,0,0,0.966376056,0,"0.8730407
",0
ede_cbcm_enc.c_des_enc.c,DES_ede3_cbcm_encrypt,DES_ncbc_encrypt,0.945084544,E,0,0,0.9745543,0,"0.73814046
",0
ede_cbcm_enc.c_ofb_enc.c,DES_ede3_cbcm_encrypt,DES_ofb_encrypt,0.824200314,E,0,0,0.902473729,0,"0.6966257
",0
ede_cbcm_enc.c_ofb64enc.c,DES_ede3_cbcm_encrypt,DES_ofb64_encrypt,0.833796166,E,0,0,0.966098888,0,"0.83221877
",0
ede_cbcm_enc.c_xcbc_enc.c,DES_ede3_cbcm_encrypt,DES_xcbc_encrypt,0.917903853,E,0,0,0.977361807,0,"0.7354538
",0
cfb64ede.c_des_enc.c,DES_ede3_cfb_encrypt,DES_ede3_cbc_encrypt,0.824258774,E,0,0.691429913,0.923686015,0.655604766,"0.9450304
","0.90090513
"
cfb64ede.c_cfb64ede.c,DES_ede3_cfb_encrypt,DES_ede3_cfb_encrypt,0.941777367,A,1,0.961432338,0.911528601,1,"0.96510595
","1.0000001
"
cfb64ede.c_des_enc.c,DES_ede3_cfb_encrypt,DES_ncbc_encrypt,0.80328081,E,0,0.864777029,0.926815679,0.664123656,"0.95300907
","0.89829797
"
cfb64ede.c_xcbc_enc.c,DES_ede3_cfb_encrypt,DES_xcbc_encrypt,0.804871402,E,0,0.543718219,0.933232541,0.644603288,"0.9544945
","0.87178975
"
cfb64ede.c_cfb64enc.c,DES_ede3_cfb64_encrypt,DES_cfb64_encrypt,0.89936779,E,0,0.720811367,0.999638747,0.990019416,"0.99035406
","0.9440825
"
cfb64ede.c_des_enc.c,DES_ede3_cfb64_encrypt,DES_ede3_cbc_encrypt,0.873581532,E,0,0.730546594,0.971805831,0.651406252,"0.9803736
","0.9048239
"
cfb64ede.c_cfb64ede.c,DES_ede3_cfb64_encrypt,DES_ede3_cfb64_encrypt,0.928135586,A,1,0.304156542,1,1,"1.0000001
","1.0
"
cfb64ede.c_ofb64ede.c,DES_ede3_cfb64_encrypt,DES_ede3_ofb64_encrypt,0.914919994,E,0,0.207023606,0.968130788,0.774586512,"0.8979091
","0.92543304
"
cfb64ede.c_ofb_enc.c,DES_ede3_cfb64_encrypt,DES_ofb_encrypt,0.818064645,E,0,0,0.961749051,0,"0.9644692
",0
cfb64ede.c_ofb64enc.c,DES_ede3_cfb64_encrypt,DES_ofb64_encrypt,0.861133355,E,0,0.405780166,0.967772765,0.774767887,"0.896489
","0.90527177
"
ofb64ede.c_cfb64enc.c,DES_ede3_ofb64_encrypt,DES_cfb64_encrypt,0.894102116,E,0,0.631433189,0.969747735,0.774743979,"0.9061443
","0.9020747
"
ofb64ede.c_des_enc.c,DES_ede3_ofb64_encrypt,DES_ede3_cbc_encrypt,0.865711221,E,0,0.335259736,0.989503093,0.536255237,"0.914254
","0.9170114
"
ofb64ede.c_cfb64ede.c,DES_ede3_ofb64_encrypt,DES_ede3_cfb64_encrypt,0.914977218,E,0,0.508924842,0.968130788,0.774586512,"0.8979091
","0.92543304
"
ofb64ede.c_ofb64ede.c,DES_ede3_ofb64_encrypt,DES_ede3_ofb64_encrypt,0.977440312,A,1,0.633785427,1,1,"1.0000004
","0.99999994
"
ofb64ede.c_ofb_enc.c,DES_ede3_ofb64_encrypt,DES_ofb_encrypt,0.84181284,E,0,0,0.961886819,0,"0.9140141
",0
ofb64ede.c_ofb64enc.c,DES_ede3_ofb64_encrypt,DES_ofb64_encrypt,0.935500525,E,0,0.89241749,0.99982409,0.995382,"0.99395746
","0.97857296
"
des_enc.c_cbc_enc.c,DES_ncbc_encrypt,DES_cbc_encrypt,0.924478399,A,1,0,0.995484927,0,"0.99886614
",0
des_enc.c_cfb64enc.c,DES_ncbc_encrypt,DES_cfb64_encrypt,0.834438016,E,0,0.501720488,0.97249643,0.670395847,"0.9689423
","0.8961234
"
des_enc.c_des_enc.c,DES_ncbc_encrypt,DES_ede3_cbc_encrypt,0.877840711,E,0,0.919937789,0.999056823,0.950085807,"0.99960566
","0.95473063
"
des_enc.c_cfb64ede.c,DES_ncbc_encrypt,DES_ede3_cfb64_encrypt,0.805984524,E,0,0.640061677,0.972004734,0.668427519,"0.9818813
","0.8746946
"
des_enc.c_des_enc.c,DES_ncbc_encrypt,DES_ncbc_encrypt,0.935990658,A,1,0.793827176,0.999228659,1,"0.9994721
","0.9999999
"
des_enc.c_xcbc_enc.c,DES_ncbc_encrypt,DES_xcbc_encrypt,0.911541161,E,0,0.828208506,0.998284792,0.896730149,"0.99819124
","0.9492044
"
ofb_enc.c_cfb_enc.c,DES_ofb_encrypt,DES_cfb_encrypt,0.904665994,E,0,0,0.992859811,0,"0.9889945
",0
ofb_enc.c_cfb64enc.c,DES_ofb_encrypt,DES_cfb64_encrypt,0.845134704,E,0,0,0.968212079,0,"0.95720565
",0
ofb_enc.c_cfb64ede.c,DES_ofb_encrypt,DES_ede3_cfb64_encrypt,0.825433585,E,0,0,0.968506571,0,"0.96258754
",0
ofb_enc.c_ofb64ede.c,DES_ofb_encrypt,DES_ede3_ofb64_encrypt,0.803641799,E,0,0,0.961213406,0,"0.9194534
",0
ofb_enc.c_ofb_enc.c,DES_ofb_encrypt,DES_ofb_encrypt,0.956977838,A,1,0,0.996425747,0,"0.9997827
",0
ofb_enc.c_ofb64enc.c,DES_ofb_encrypt,DES_ofb64_encrypt,0.823628302,E,0,0,0.962873457,0,"0.9293782
",0
ofb_enc.c_xcbc_enc.c,DES_ofb_encrypt,DES_xcbc_encrypt,0.80889833,E,0,0,0.938157601,0,"0.98896366
",0
ofb64enc.c_cfb64enc.c,DES_ofb64_encrypt,DES_cfb64_encrypt,0.927329373,E,0,0.155874148,0.969195573,0.774590326,"0.8994051
","0.89445
"
ofb64enc.c_des_enc.c,DES_ofb64_encrypt,DES_ede3_cbc_encrypt,0.809466159,E,0,-0.153189734,0.988840951,0.53719938,"0.92546016
","0.93623763
"
ofb64enc.c_cfb64ede.c,DES_ofb64_encrypt,DES_ede3_cfb64_encrypt,0.900682719,E,0,0.091412857,0.967772765,0.774767887,"0.896489
","0.90527177
"
ofb64enc.c_ofb64ede.c,DES_ofb64_encrypt,DES_ede3_ofb64_encrypt,0.922706979,E,0,0.422468871,0.99982409,0.995382,"0.99395746
","0.97857296
"
ofb64enc.c_des_enc.c,DES_ofb64_encrypt,DES_ncbc_encrypt,0.80961438,E,0,0.069252104,0.988691351,0.552880303,"0.9351209
","0.92775655
"
ofb64enc.c_ofb_enc.c,DES_ofb64_encrypt,DES_ofb_encrypt,0.860246721,E,0,0,0.963835072,0,"0.9238336
",0
ofb64enc.c_ofb64enc.c,DES_ofb64_encrypt,DES_ofb64_encrypt,0.956362096,A,1,0.55231595,1,1,"1.0000001
","1.0
"
ofb64enc.c_xcbc_enc.c,DES_ofb64_encrypt,DES_xcbc_encrypt,0.821172119,E,0,0.134012848,0.985919974,0.556294569,"0.94005525
","0.8985687
"
qud_cksm.c_qud_cksm.c,DES_quad_cksum,DES_quad_cksum,0.956523798,A,1,0,1,0,"1.0000002
",0
set_key.c_set_key.c,DES_set_key_unchecked,DES_set_key_unchecked,0.951522186,A,1,0.147916988,0.999783662,1,"0.9907164
","1.0000001
"
xcbc_enc.c_cbc_enc.c,DES_xcbc_encrypt,DES_cbc_encrypt,0.901358614,E,1,0,0.995126813,0,"0.99941087
",0
xcbc_enc.c_cfb64enc.c,DES_xcbc_encrypt,DES_cfb64_encrypt,0.852442984,E,0,0.418522477,0.970741568,0.672742819,"0.9673076
","0.85634714
"
xcbc_enc.c_des_enc.c,DES_xcbc_encrypt,DES_ede3_cbc_encrypt,0.849545661,E,0,0.893080473,0.999397915,0.888778374,"0.9990526
","0.92961144
"
xcbc_enc.c_cfb64ede.c,DES_xcbc_encrypt,DES_ede3_cfb_encrypt,0.811403628,E,0,0.646242499,0.964646753,0.644603288,"0.98241246
","0.87178975
"
xcbc_enc.c_cfb64ede.c,DES_xcbc_encrypt,DES_ede3_cfb64_encrypt,0.823269004,E,0,0.675143421,0.970096852,0.670221663,"0.97937214
","0.8082486
"
xcbc_enc.c_des_enc.c,DES_xcbc_encrypt,DES_ncbc_encrypt,0.919690748,E,1,0.840194166,0.999225542,0.896730149,"0.9996093
","0.9492044
"
xcbc_enc.c_ofb_enc.c,DES_xcbc_encrypt,DES_ofb_encrypt,0.817271452,E,0,0,0.942516958,0,"0.99266183
",0
xcbc_enc.c_ofb64enc.c,DES_xcbc_encrypt,DES_ofb64_encrypt,0.804160321,E,0,0.161804736,0.987821641,0.556294569,"0.9373308
","0.8985687
"
xcbc_enc.c_xcbc_enc.c,DES_xcbc_encrypt,DES_xcbc_encrypt,0.936683799,A,1,0.867326617,0.999416885,1,"0.99884194
","1.0000001
"
bss_dgram.c_bss_dgram.c,dgram_ctrl,dgram_ctrl,0.850078042,E,1,0.988697708,0.409167125,0.866432935,"0.5254477
","0.90148926
"
dh_ameth.c_dh_ameth.c,dh_priv_decode,dh_priv_decode,0.874647641,D,1,0.54076767,0.980310587,0.879002298,"0.91441625
","0.96059966
"
dh_ameth.c_dh_ameth.c,dh_pub_decode,dh_pub_decode,0.878630727,D,1,0.814400017,0.967722023,0.910054998,"0.9526122
","0.931019
"
dhparam.c_dhparam.c,dhparam_main,dhparam_main,0.837657505,,Null,-0.06073986,0.404596431,0.658958161,"0
","0.8846082
"
ca.c_ca.c,do_body,do_body,0.898659472,D,1,0.996132672,0.875559063,0.900923547,"0
","0.94595313
"
a_strex.c_a_strex.c,do_buf,do_buf,0.855710142,A,1,0.55409348,0.966062501,0.880706967,"0.99178475
","0.96676445
"
v3_conf.c_v3_conf.c,do_ext_nconf,do_ext_nconf,0.966556509,B,1,0.691901028,0.998044571,0.935155688,"0.90555406
","0.97899497
"
dgst.c_dgst.c,do_fp,do_fp,0.822814314,E,1,0.487883657,0.999670511,0.979520537,"0.99779046
","0.9912241
"
speed.c_speed.c,do_multi,do_multi,0.946710308,D,1,0,0,0,"0
",0
a_strex.c_a_strex.c,do_name_ex,do_name_ex,0.969501104,A,1,0.871349871,0.996329153,0.979213734,"0.9966431
","0.96063244
"
passwd.c_passwd.c,do_passwd,do_passwd,0.939078394,D,1,0.818214238,0.508199538,0.772872292,"0
","0.883024
"
pem_pk8.c_pem_pk8.c,do_pk8pkey,do_pk8pkey,0.912061064,B,1,0.812679291,0.998914095,0.963930696,"0.9895054
","0.9604954
"
pvkfmt.c_pvkfmt.c,do_PVK_body,do_PVK_body,0.871280982,D,1,0,0,0,"0
",0
ca.c_ca.c,do_revoke,do_revoke,0.886335286,D,1,0.899950624,0.822930199,0.820134239,"0.8736189
","0.9525787
"
ca.c_ca.c,do_updatedb,do_updatedb,0.967735906,C,1,0,0,0,"0
",0
ca.c_ca.c,do_updatedb,get_certificate_status,0.827635582,E,0,0,0,0,"0
",0
s_time.c_s_time.c,doConnection,doConnection,0.910558437,E,1,0.859279871,0.999685406,0.984005071,"0.9958245
","0.8708912
"
ssltest.c_ssltest_old.c,doit,doit,0.954006921,E,1,0,0.897209957,0,"0.9781806
",0
ssltest.c_ssltest_old.c,doit,doit_localhost,0.804711132,E,0,0,0.954317,0,"0.92745465
",0
ssltest.c_ssltest_old.c,doit_biopair,doit_biopair,0.90712047,E,1,0,0.919392932,0,"0.96408
",0
dsa_gen.c_dsa_gen.c,dsa_builtin_paramgen,dsa_builtin_paramgen,0.908648911,D,1,0.955425858,0.980473821,0.94687537,"0.9912437
","0.9144629
"
dsa_gen.c_dsa_gen.c,dsa_builtin_paramgen,dsa_builtin_paramgen2,0.885348773,E,0,0.992360115,0.964561339,0.685789064,"0
","0.8769021
"
dsa_ossl.c_dsa_ossl.c,dsa_do_sign,dsa_do_sign,0.832806053,E,1,0,0.908055469,0.829352712,"0.77106273
","0.89892554
"
dsa_ossl.c_dsa_ossl.c,dsa_do_verify,dsa_do_verify,0.847889708,E,1,0,0.988851188,0.873630547,"0.8038986
","0.9533697
"
dsa.c_dsa.c,dsa_main,dsa_main,0.875847025,,Null,-0.207210168,0.531002499,0.670815632,"0.32697698
","0.8456692
"
dsa_ameth.c_dsa_ameth.c,dsa_priv_decode,dsa_priv_decode,0.824302239,E,0,0.565109849,0.957421953,0.79099363,"0.7159088
","0.9655048
"
dsa_ameth.c_dsa_ameth.c,dsa_pub_decode,dsa_pub_decode,0.93970204,B,1,0.847513139,0.983694945,0.980719468,"0.97981095
","0.9957595
"
dsa_ossl.c_dsa_ossl.c,dsa_sign_setup,dsa_sign_setup,0.899175181,E,1,0,0.988196957,0.804338509,"0.93138164
","0.9641584
"
dsaparam.c_dsaparam.c,dsaparam_main,dsaparam_main,0.844034034,,Null,-0.366562724,-0.420870194,0.625637869,"0.40184274
","0.7571102
"
d1_both.c_statem_dtls.c,dtls1_buffer_message,dtls1_buffer_message,0.888359368,B,1,0.756012857,0.95232345,0.858912922,"0.90227515
","0.9484207
"
d1_pkt.c_rec_layer_d1.c,dtls1_buffer_record,dtls1_buffer_record,0.848004721,D,1,0.366234988,0.945188892,0.722475598,"0.8735313
","0.90652287
"
d1_pkt.c_d1_msg.c,dtls1_dispatch_alert,dtls1_dispatch_alert,0.948123277,A,1,0.780815184,0.999958092,1,"0.99495983
","0.88067347
"
d1_both.c_statem_dtls.c,dtls1_do_write,dtls1_do_write,0.911483296,E,0,0.900727689,0.88259699,0.782256955,"0.9664897
","0.9196924
"
d1_both.c_statem_dtls.c,dtls1_get_message,dtls_get_message,0.864727113,E,0,0.312878579,0.095743676,0.393579296,"0.90429145
","0.6242018
"
d1_pkt.c_ssl3_record.c,dtls1_get_record,dtls1_get_record,0.966153498,D,1,0.312019348,0.922653469,0.706289201,"0.8410278
","0.6301176
"
d1_pkt.c_rec_layer_d1.c,dtls1_get_record,dtls1_process_buffered_records,0.925321224,E,0,0.289060801,0.628212633,0.600599094,"0.90580827
","0.62028134
"
d1_pkt.c_ssl3_record.c,dtls1_process_record,dtls1_process_record,0.849348216,E,1,0.591766655,0.994532964,0.870333656,"0.85756725
","0.9422001
"
d1_pkt.c_rec_layer_d1.c,dtls1_read_bytes,dtls1_read_bytes,0.820593725,E,1,0.996201456,0.994587059,0.924621626,"0.97579044
","0.85148555
"
d1_both.c_statem_dtls.c,dtls1_retransmit_message,dtls1_retransmit_message,0.887023992,E,1,0.445027739,0.949273187,0.858992132,"0.9858306
","0.9036214
"
d1_both.c_statem_lib.c,dtls1_send_finished,tls_construct_finished,0.850217488,E,0,0.614973426,0.938753291,0.857453833,"0.8384733
","0.67773426
"
d1_srvr.c_statem_srvr.c,dtls1_send_server_hello,tls_construct_server_hello,0.828137613,E,0,0.78927958,0.976140547,0.876559163,"0.9293268
","0.8272343
"
eng_dyn.c_eng_dyn.c,dynamic_ctrl,dynamic_ctrl,0.993991923,D,1,0.063846856,0.988917146,0.940487142,"0.9532262
","0.94099283
"
eng_dyn.c_eng_dyn.c,dynamic_load,dynamic_load,0.91824642,D,1,0,0,0,"0
",0
ec_asn1.c_ec_asn1.c,ec_asn1_group2curve,ec_asn1_group2curve,0.993841598,B,1,0,0,0,"0
",0
ec_asn1.c_ec_asn1.c,ec_asn1_group2fieldid,ec_asn1_group2fieldid,0.969401959,B,1,0,0,0,"0
",0
ec_asn1.c_ec_asn1.c,ec_asn1_group2parameters,EC_GROUP_get_ecparameters,0.889139076,E,1,0,0,0,"0
",0
ec_asn1.c_ec_asn1.c,ec_asn1_parameters2group,EC_GROUP_new_from_ecparameters,0.993148465,B,1,0,0,0,"0
",0
ec2_mult.c_ec2_mult.c,ec_GF2m_montgomery_point_multiply,ec_GF2m_montgomery_point_multiply,0.947773751,E,1,0.97334832,0.993535242,0.773699455,"0.9880138
","0.9485015
"
ec2_smpl.c_ec2_oct.c,ec_GF2m_simple_add,ec_GF2m_simple_oct2point,0.913265306,E,0,0.058004174,0.988635656,0.71434982,"0.6436966
","0.56002194
"
ec2_smpl.c_ec2_oct.c,ec_GF2m_simple_add,ec_GF2m_simple_point2oct,0.854630755,E,0,0.845365286,0.984704238,0.667211791,"0.2738777
","0.61291903
"
ec2_smpl.c_ec2_oct.c,ec_GF2m_simple_add,ec_GF2m_simple_set_compressed_coordinates,0.905028628,E,0,0.224988028,0.984460902,0.734315364,"0.9377934
","0.9237746
"
ec2_smpl.c_ecp_smpl.c,ec_GF2m_simple_add,ec_GFp_simple_add,0.803293137,E,0,0.976033807,0.960744377,0.784366963,"0.8082497
","0.8754672
"
ec2_smpl.c_ecp_oct.c,ec_GF2m_simple_add,ec_GFp_simple_oct2point,0.901254596,E,0,0.122157671,0.990201153,0.706625244,"0.35000533
","0.5758593
"
ec2_smpl.c_ecp_oct.c,ec_GF2m_simple_add,ec_GFp_simple_point2oct,0.843409954,E,0,0.523155034,0.986999875,0.647402713,"0.17148252
","0.6276528
"
ec2_smpl.c_ecp_oct.c,ec_GF2m_simple_add,ec_GFp_simple_set_compressed_coordinates,0.851856481,E,0,0.871617556,0.968211786,0.777508236,"0.92957544
","0.81813025
"
ec2_smpl.c_ec2_smpl.c,ec_GF2m_simple_is_on_curve,ec_GF2m_simple_is_on_curve,0.990152019,B,1,0.806335449,0.984384877,0.855301888,"0.7912972
","0.96797633
"
ec2_smpl.c_ecp_smpl.c,ec_GF2m_simple_is_on_curve,ec_GFp_simple_add,0.856867608,E,0,0.404322565,0.95510985,0.691721429,"0.9114354
","0.83157194
"
ec2_smpl.c_ecp_smpl.c,ec_GF2m_simple_is_on_curve,ec_GFp_simple_cmp,0.942776763,E,0,0.538208187,0.986710714,0.771657375,"0.91404366
","0.91638315
"
ec2_smpl.c_ecp_smpl.c,ec_GF2m_simple_is_on_curve,ec_GFp_simple_dbl,0.871947763,E,0,0.268039554,0.985583672,0.705673581,"0.8159166
","0.8938682
"
ec2_smpl.c_ecp_smpl.c,ec_GF2m_simple_is_on_curve,ec_GFp_simple_is_on_curve,0.957141263,E,0,0.393475592,0.984719891,0.759782609,"0.8529766
","0.9380161
"
ec2_mult.c_ec2_mult.c,ec_GF2m_simple_mul,ec_GF2m_simple_mul,0.990800976,B,1,0.693624616,0.953301241,0.898368149,"0.99338627
","0.93247294
"
ec2_oct.c_ec2_oct.c,ec_GF2m_simple_oct2point,ec_GF2m_simple_oct2point,0.973596818,D,1,0.610018194,0.990304209,0.904540593,"0.8844895
","0.95998627
"
ec2_oct.c_ec2_oct.c,ec_GF2m_simple_oct2point,ec_GF2m_simple_point2oct,0.887382247,E,0,0.853072762,0.99389279,0.820616952,"0.8392509
","0.93373495
"
ec2_oct.c_ec2_oct.c,ec_GF2m_simple_oct2point,ec_GF2m_simple_set_compressed_coordinates,0.915025874,E,0,0.698034525,0.977275966,0.733825849,"0.63238156
","0.4500769
"
ec2_oct.c_ecp_oct.c,ec_GF2m_simple_oct2point,ec_GFp_simple_oct2point,0.972644213,E,1,0.658191562,0.992677237,0.895069977,"0.91908383
","0.93314284
"
ec2_oct.c_ecp_oct.c,ec_GF2m_simple_oct2point,ec_GFp_simple_point2oct,0.886743668,E,0,0.845734894,0.993858602,0.790962485,"0.8090392
","0.8802392
"
ec2_oct.c_ecp_oct.c,ec_GF2m_simple_oct2point,ec_GFp_simple_set_compressed_coordinates,0.853490615,E,0,0.841749847,0.966941222,0.762269053,"0.62290376
","0.38958284
"
ec2_oct.c_ec2_oct.c,ec_GF2m_simple_point2oct,ec_GF2m_simple_oct2point,0.87538092,E,0,0.491224676,0.97562954,0.796647844,"0.63003045
","0.9253205
"
ec2_oct.c_ec2_oct.c,ec_GF2m_simple_point2oct,ec_GF2m_simple_point2oct,0.958257753,B,1,0.946600437,0.995459481,0.966257024,"0.9836195
","0.9818552
"
ec2_oct.c_ec2_oct.c,ec_GF2m_simple_point2oct,ec_GF2m_simple_set_compressed_coordinates,0.853988759,E,0,0.561511278,0.957334879,0.665680995,"0.47952563
","0.5615052
"
ec2_oct.c_ecp_oct.c,ec_GF2m_simple_point2oct,ec_GFp_simple_oct2point,0.874005288,E,0,0.488161922,0.98154923,0.789178017,"0.7847761
","0.91366637
"
ec2_oct.c_ecp_oct.c,ec_GF2m_simple_point2oct,ec_GFp_simple_point2oct,0.956110027,E,1,0.820488513,0.992157652,0.940648518,"0.97385436
","0.9375069
"
ec2_oct.c_ecp_oct.c,ec_GF2m_simple_point2oct,ec_GFp_simple_set_compressed_coordinates,0.802636249,E,0,0.958650529,0.966716427,0.688549345,"0.4501248
","0.5158432
"
ec2_oct.c_ec2_oct.c,ec_GF2m_simple_set_compressed_coordinates,ec_GF2m_simple_oct2point,0.918925146,E,0,0.855641305,0.975829734,0.79946695,"0.78549045
","0.5337959
"
ec2_oct.c_ec2_oct.c,ec_GF2m_simple_set_compressed_coordinates,ec_GF2m_simple_point2oct,0.867291323,E,0,0.437317818,0.983004103,0.69794051,"0.7070198
","0.57118195
"
ec2_oct.c_ec2_oct.c,ec_GF2m_simple_set_compressed_coordinates,ec_GF2m_simple_set_compressed_coordinates,0.972851489,B,1,0.895819008,0.961034094,0.907844867,"0.8811047
","0.9480907
"
ec2_oct.c_ecp_oct.c,ec_GF2m_simple_set_compressed_coordinates,ec_GFp_simple_oct2point,0.914628843,E,0,0.917743087,0.976700113,0.793451704,"0.6883975
","0.54861695
"
ec2_oct.c_ecp_smpl.c,ec_GF2m_simple_set_compressed_coordinates,ec_GFp_simple_point_get_affine_coordinates,0.800548418,E,0,0.643898129,0.966635916,0.764061364,"0.9593265
","0.87404525
"
ec2_oct.c_ecp_oct.c,ec_GF2m_simple_set_compressed_coordinates,ec_GFp_simple_point2oct,0.863558703,E,0,0.782948554,0.982124225,0.70632032,"0.62387663
","0.58415514
"
ec2_oct.c_ecp_oct.c,ec_GF2m_simple_set_compressed_coordinates,ec_GFp_simple_set_compressed_coordinates,0.875453292,E,0,0.447388798,0.956359059,0.805298625,"0.8458552
","0.84382296
"
ecp_mont.c_ecp_mont.c,ec_GFp_mont_group_set_curve,ec_GFp_mont_group_set_curve,0.937050009,D,1,0.668281376,0.917951978,0.857452738,"0.93829685
","0.9358462
"
ecp_smpl.c_ec2_smpl.c,ec_GFp_simple_add,ec_GF2m_simple_is_on_curve,0.874137127,E,0,0.238373935,0.921964625,0.597382821,"0.828327
","0.78332573
"
ecp_smpl.c_ecp_smpl.c,ec_GFp_simple_add,ec_GFp_simple_add,0.991433307,B,1,0.959344804,0.966029418,0.803766921,"0.96269417
","0.9784488
"
ecp_smpl.c_ecp_smpl.c,ec_GFp_simple_add,ec_GFp_simple_cmp,0.932892931,E,0,0.816841304,0.93644321,0.716929027,"0.98048735
","0.89030945
"
ecp_smpl.c_ecp_smpl.c,ec_GFp_simple_add,ec_GFp_simple_dbl,0.914884605,E,0,0.954639673,0.947178085,0.774856806,"0.94541633
","0.9486083
"
ecp_smpl.c_ecp_smpl.c,ec_GFp_simple_add,ec_GFp_simple_is_on_curve,0.932528244,E,0,0.911258459,0.924168832,0.69367886,"0.9441896
","0.8797411
"
ecp_smpl.c_ec2_smpl.c,ec_GFp_simple_cmp,ec_GF2m_simple_is_on_curve,0.964234755,E,0,0.744780183,0.980051172,0.702411759,"0.77225554
","0.8857565
"
ecp_smpl.c_ec2_oct.c,ec_GFp_simple_cmp,ec_GF2m_simple_set_compressed_coordinates,0.805545666,E,0,0.629896462,0.987679795,0.734135244,"0.87409574
","0.87577426
"
ecp_smpl.c_ecp_smpl.c,ec_GFp_simple_cmp,ec_GFp_simple_add,0.910802639,E,0,0.829099238,0.959134631,0.744465725,"0.9666047
","0.87011147
"
ecp_smpl.c_ecp_smpl.c,ec_GFp_simple_cmp,ec_GFp_simple_cmp,0.984788343,B,1,0.818323731,0.996051501,0.911307408,"0.9865947
","0.9668055
"
ecp_smpl.c_ecp_smpl.c,ec_GFp_simple_cmp,ec_GFp_simple_dbl,0.901190978,E,0,0.720658064,0.990450993,0.755837544,"0.8899446
","0.92573625
"
ecp_smpl.c_ecp_smpl.c,ec_GFp_simple_cmp,ec_GFp_simple_is_on_curve,0.968519223,E,0,0.832594216,0.989731229,0.82649547,"0.8898811
","0.9209343
"
ecp_smpl.c_ec2_smpl.c,ec_GFp_simple_dbl,ec_GF2m_simple_is_on_curve,0.886446434,E,0,0.829014659,0.94057459,0.713989432,"0.88155186
","0.85423803
"
ecp_smpl.c_ecp_smpl.c,ec_GFp_simple_dbl,ec_GFp_simple_add,0.9112646,E,0,0.788060665,0.968232331,0.845169165,"0.9499013
","0.900029
"
ecp_smpl.c_ecp_smpl.c,ec_GFp_simple_dbl,ec_GFp_simple_cmp,0.917320116,E,0,0.814387023,0.95080764,0.813774475,"0.9404693
","0.9192891
"
ecp_smpl.c_ecp_smpl.c,ec_GFp_simple_dbl,ec_GFp_simple_dbl,0.990877389,B,1,0.693361819,0.958092602,0.83918064,"0.9536387
","0.9857536
"
ecp_smpl.c_ecp_smpl.c,ec_GFp_simple_dbl,ec_GFp_simple_is_on_curve,0.94711604,E,0,0.806998014,0.9421611,0.799554551,"0.96764827
","0.94840115
"
ecp_smpl.c_ec2_oct.c,ec_GFp_simple_group_set_curve,ec_GF2m_simple_oct2point,0.882002867,E,0,0.797917604,0.986485574,0.750689219,"0.65780455
","0.6332555
"
ecp_smpl.c_ec2_oct.c,ec_GFp_simple_group_set_curve,ec_GF2m_simple_point2oct,0.844901966,E,0,0.43576178,0.987434868,0.666629083,"0.22691119
","0.6740542
"
ecp_smpl.c_ec2_oct.c,ec_GFp_simple_group_set_curve,ec_GF2m_simple_set_compressed_coordinates,0.887726656,E,0,0.828125358,0.973516862,0.823341499,"0.8703327
","0.85209334
"
ecp_smpl.c_ecp_oct.c,ec_GFp_simple_group_set_curve,ec_GFp_simple_oct2point,0.886200898,E,0,0.788469791,0.989805081,0.752121919,"0.40835154
","0.67069846
"
ecp_smpl.c_ecp_smpl.c,ec_GFp_simple_group_set_curve,ec_GFp_simple_point_get_affine_coordinates,0.828807271,E,0,0.605223596,0.986232603,0.754081301,"0.72995985
","0.92330563
"
ecp_smpl.c_ecp_oct.c,ec_GFp_simple_group_set_curve,ec_GFp_simple_point2oct,0.848579059,E,0,0.812635362,0.988649947,0.671237707,"0.12523049
","0.67491376
"
ecp_smpl.c_ecp_oct.c,ec_GFp_simple_group_set_curve,ec_GFp_simple_set_compressed_coordinates,0.885081506,E,0,0.456969708,0.95792308,0.72280842,"0.8871629
","0.8687571
"
ecp_smpl.c_ec2_smpl.c,ec_GFp_simple_is_on_curve,ec_GF2m_simple_is_on_curve,0.963351165,E,0,0.559104919,0.981014625,0.72002527,"0.813079
","0.91238594
"
ecp_smpl.c_ecp_smpl.c,ec_GFp_simple_is_on_curve,ec_GFp_simple_add,0.918330147,E,0,0.929156482,0.952936,0.779903025,"0.9762581
","0.86587906
"
ecp_smpl.c_ecp_smpl.c,ec_GFp_simple_is_on_curve,ec_GFp_simple_cmp,0.965323511,E,0,0.920836747,0.988313337,0.854714598,"0.9540236
","0.9459057
"
ecp_smpl.c_ecp_smpl.c,ec_GFp_simple_is_on_curve,ec_GFp_simple_dbl,0.936432881,E,0,0.879592836,0.987834672,0.811549536,"0.90860087
","0.94854426
"
ecp_smpl.c_ecp_smpl.c,ec_GFp_simple_is_on_curve,ec_GFp_simple_is_on_curve,0.989688399,B,1,0.939611256,0.988494115,0.928812521,"0.9305689
","0.9880427
"
ecp_oct.c_ec2_oct.c,ec_GFp_simple_oct2point,ec_GF2m_simple_oct2point,0.969951702,E,1,0.732995391,0.985257219,0.923093204,"0.76015323
","0.9270891
"
ecp_oct.c_ec2_oct.c,ec_GFp_simple_oct2point,ec_GF2m_simple_point2oct,0.88425345,E,0,0.814785242,0.99765402,0.835144899,"0.8739137
","0.94168895
"
ecp_oct.c_ec2_oct.c,ec_GFp_simple_oct2point,ec_GF2m_simple_set_compressed_coordinates,0.908573703,E,0,0.750693798,0.970961391,0.73613786,"0.48561093
","0.50307757
"
ecp_oct.c_ecp_oct.c,ec_GFp_simple_oct2point,ec_GFp_simple_oct2point,0.973316468,D,1,0.659271955,0.99032276,0.920165756,"0.8915709
","0.9280684
"
ecp_oct.c_ecp_oct.c,ec_GFp_simple_oct2point,ec_GFp_simple_point2oct,0.887570496,E,0,0.916950703,0.996619251,0.807908379,"0.85074073
","0.8850727
"
ecp_oct.c_ecp_oct.c,ec_GFp_simple_oct2point,ec_GFp_simple_set_compressed_coordinates,0.847623866,E,0,0.812410414,0.976660542,0.735416998,"0.49430385
","0.5003358
"
ecp_smpl.c_ec2_oct.c,ec_GFp_simple_point_get_affine_coordinates,ec_GF2m_simple_oct2point,0.837754428,E,0,0.643360972,0.958056995,0.761475558,"0.7882434
","0.7330538
"
ecp_smpl.c_ec2_oct.c,ec_GFp_simple_point_get_affine_coordinates,ec_GF2m_simple_set_compressed_coordinates,0.86243401,E,0,0.679472804,0.935873894,0.746825168,"0.8682888
","0.8744561
"
ecp_smpl.c_ecp_oct.c,ec_GFp_simple_point_get_affine_coordinates,ec_GFp_simple_oct2point,0.831684414,E,0,0.6855461,0.963942083,0.756185954,"0.6299003
","0.75083303
"
ecp_smpl.c_ecp_smpl.c,ec_GFp_simple_point_get_affine_coordinates,ec_GFp_simple_point_get_affine_coordinates,0.943989368,B,1,0.898493409,0.972121577,0.872956292,"0.9904335
","0.920541
"
ecp_smpl.c_ecp_oct.c,ec_GFp_simple_point_get_affine_coordinates,ec_GFp_simple_set_compressed_coordinates,0.94252253,E,0,0.853939831,0.974503182,0.832447209,"0.83254826
","0.8481982
"
ecp_oct.c_ec2_oct.c,ec_GFp_simple_point2oct,ec_GF2m_simple_oct2point,0.870058196,E,0,0.603492916,0.983228305,0.802437141,"0.6414739
","0.8688379
"
ecp_oct.c_ec2_oct.c,ec_GFp_simple_point2oct,ec_GF2m_simple_point2oct,0.95383075,E,0,0.911244333,0.998146583,0.961094592,"0.9861055
","0.96400464
"
ecp_oct.c_ec2_oct.c,ec_GFp_simple_point2oct,ec_GF2m_simple_set_compressed_coordinates,0.846151663,E,0,0.685326099,0.967091599,0.66943525,"0.48528814
","0.6628765
"
ecp_oct.c_ecp_oct.c,ec_GFp_simple_point2oct,ec_GFp_simple_oct2point,0.872886414,E,0,0.699249029,0.988095322,0.800731489,"0.81011146
","0.8629476
"
ecp_oct.c_ecp_oct.c,ec_GFp_simple_point2oct,ec_GFp_simple_point2oct,0.956720984,B,1,0.830637634,0.996623696,0.95410655,"0.9815271
","0.9342862
"
ecp_smpl.c_ecp_smpl.c,ec_GFp_simple_points_make_affine,ec_GFp_simple_points_make_affine,0.960839203,E,1,0.960824609,0.901520144,0.667841591,"0.8484704
","0.82003236
"
ecp_oct.c_ec2_oct.c,ec_GFp_simple_set_compressed_coordinates,ec_GF2m_simple_oct2point,0.879536609,E,0,0.070683062,0.921035108,0.758503255,"0.8333663
","0.5488415
"
ecp_oct.c_ec2_oct.c,ec_GFp_simple_set_compressed_coordinates,ec_GF2m_simple_point2oct,0.832736775,E,0,0.876071572,0.959304812,0.688437789,"0.75677645
","0.60882664
"
ecp_oct.c_ec2_oct.c,ec_GFp_simple_set_compressed_coordinates,ec_GF2m_simple_set_compressed_coordinates,0.899414426,E,0,0.181895211,0.895683083,0.789690147,"0.8915081
","0.95801926
"
ecp_oct.c_ecp_oct.c,ec_GFp_simple_set_compressed_coordinates,ec_GFp_simple_oct2point,0.875129075,E,0,0.096575864,0.927504725,0.748623395,"0.7538795
","0.56945854
"
ecp_oct.c_ecp_smpl.c,ec_GFp_simple_set_compressed_coordinates,ec_GFp_simple_point_get_affine_coordinates,0.88962723,E,0,0.720520616,0.932876514,0.774755146,"0.94527453
","0.8924493
"
ecp_oct.c_ecp_oct.c,ec_GFp_simple_set_compressed_coordinates,ec_GFp_simple_point2oct,0.827539168,E,0,0.511238217,0.952822867,0.65623406,"0.6784416
","0.5955536
"
ecp_oct.c_ecp_oct.c,ec_GFp_simple_set_compressed_coordinates,ec_GFp_simple_set_compressed_coordinates,0.977361538,B,1,0.887166083,0.964860669,0.879180459,"0.8614216
","0.9008163
"
ecp_smpl.c_ec2_oct.c,ec_GFp_simple_set_Jprojective_coordinates_GFp,ec_GF2m_simple_oct2point,0.83923092,E,0,0.816095352,0.961706251,0.679900604,"0.4460859
","0.5910856
"
ecp_smpl.c_ec2_oct.c,ec_GFp_simple_set_Jprojective_coordinates_GFp,ec_GF2m_simple_set_compressed_coordinates,0.862196027,E,0,0.816459417,0.936037288,0.768724818,"0.5542533
","0.81604594
"
ecp_smpl.c_ecp_oct.c,ec_GFp_simple_set_Jprojective_coordinates_GFp,ec_GFp_simple_oct2point,0.845003754,E,0,0.777053058,0.968842275,0.68532192,"0.3132143
","0.5865795
"
ecp_smpl.c_ecp_smpl.c,ec_GFp_simple_set_Jprojective_coordinates_GFp,ec_GFp_simple_point_get_affine_coordinates,0.846510913,E,0,0.678282201,0.982678942,0.75130147,"0.7876159
","0.72065586
"
ecp_smpl.c_ecp_oct.c,ec_GFp_simple_set_Jprojective_coordinates_GFp,ec_GFp_simple_set_compressed_coordinates,0.885487765,E,0,0.565675437,0.948827857,0.688871599,"0.5127373
","0.88268846
"
ec_lib.c_ec_lib.c,EC_GROUP_copy,EC_GROUP_copy,0.807591937,E,0,0.686060488,0.989609234,0.728041411,"0.9039714
","0.9258788
"
ec_curve.c_ec_curve.c,ec_group_new_from_data,ec_group_new_from_data,0.955852444,B,1,0,0,0,"0
",0
ec_key.c_ec_key.c,EC_KEY_check_key,EC_KEY_set_public_key_affine_coordinates,0.853646212,E,0,0.711181641,0.984933669,0.785252712,"0.7080704
","0.73728627
"
ec.c_ec.c,ec_main,ec_main,0.871826995,,Null,-0.043109316,0.305394198,0.70711392,"0.45073217
","0.89735585
"
ec.c_sm2.c,ec_main,sm2_main,0.835233218,,Null,-0.0280458,-0.361663677,0.704323792,"0.44891113
","0.9161471
"
ec_mult.c_ec_mult.c,ec_wNAF_mul,ec_wNAF_mul,0.938770255,D,1,0.997211814,0.947395947,0.94780801,"0
","0.8951076
"
ec_mult.c_ec_mult.c,ec_wNAF_mul,ec_wNAF_precompute_mult,0.811431085,E,0,0.948635638,0.658528082,0.616770947,"0
","0.59790754
"
ec_mult.c_ec_mult.c,ec_wNAF_precompute_mult,ec_wNAF_precompute_mult,0.919570598,D,1,0.978092551,0.863258888,0.835261606,"0.99303716
","0.89608115
"
ecs_ossl.c_ecdsa_ossl.c,ecdsa_do_verify,ossl_ecdsa_verify_sig,0.95360709,D,1,0,0.993545678,0.945032175,"0.78836316
","0.97118354
"
ecs_ossl.c_sm2_sign.c,ecdsa_do_verify,sm2_do_verify,0.937107176,E,0,0,0.996612914,0.772596583,"0.87220114
","0.94981295
"
ecs_ossl.c_ecdsa_ossl.c,ecdsa_sign_setup,ecdsa_sign_setup,0.848995821,E,1,0,0.92436918,0.718047297,"0.9504229
","0.92482907
"
ecs_ossl.c_sm2_sign.c,ecdsa_sign_setup,sm2_sign_setup,0.89535486,E,0,0,0.920332684,0.82745774,"0.8367457
","0.941764
"
ecparam.c_ecparam.c,ecparam_main,ecparam_main,0.916340983,,Null,-0.270504206,-0.545011179,0.737492192,"0
","0.8313232
"
eck_prn.c_eck_prn.c,ECPKParameters_print,ECPKParameters_print,0.861038524,E,1,0.980468929,0.75575763,0.858740823,"0.94343084
","0.95297277
"
bio_enc.c_bio_enc.c,enc_ctrl,enc_ctrl,0.941301569,E,1,0.345610142,0.559546367,0.828918076,"0.33623254
","0.8459623
"
engine.c_engine.c,engine_main,engine_main,0.815767412,,Null,0.994854689,0.229117039,0.890867901,"0.7768859
","0.9361266
"
eng_table.c_eng_table.c,engine_table_register,engine_table_register,0.911254386,C,1,0.918149054,0.998275632,0.989112422,"0.9529704
","0.96848196
"
ts_rsp_sign.c_ts_rsp_sign.c,ESS_CERT_ID_new_init,ess_CERT_ID_new_init,0.96510689,E,1,0,0,0,"0
",0
evp_enc.c_evp_enc.c,EVP_CipherInit_ex,EVP_CipherInit_ex,0.957008768,D,1,0.981134951,0.992617548,0.94021283,"0.96177495
","0.97122717
"
evp_enc.c_evp_enc.c,EVP_DecryptFinal_ex,EVP_DecryptFinal_ex,0.99747378,A,1,0.910523415,0.999134891,0.984480177,"0.9965717
","0.799802
"
p_seal.c_p_seal.c,EVP_SealInit,EVP_SealInit,0.984317537,C,1,0,0.996318888,0,"0.99192375
",0
bss_file.c_bss_file.c,file_ctrl,file_ctrl,0.993949615,C,1,0.827999771,0.807972834,1,"0.49843758
","0.99905765
"
b_print.c_b_print.c,fmtint,fmtint,0.899574889,B,1,-0.148673311,0.403431013,0.561823303,"0.8888167
","0.8542467
"
dh_key.c_dh_key.c,generate_key,compute_key,0.800171153,E,0,0.566690683,0.915103093,0.567235595,"0.51673996
","0.81013787
"
dh_key.c_dh_key.c,generate_key,generate_key,0.946307363,D,1,0.703162074,0.988291407,0.796434618,"0.8358968
","0.9583454
"
by_dir.c_by_dir.c,get_cert_by_subject,get_cert_by_subject,0.901885684,D,1,0.983822286,0.992760036,0.956241045,"0.99160254
","0.9626368
"
ca.c_ca.c,get_certificate_status,do_updatedb,0.800897557,E,0,0,0,0,"0
",0
ca.c_ca.c,get_certificate_status,get_certificate_status,0.915118123,E,1,0,0,0,"0
",0
x509_vfy.c_x509_vfy.c,get_crl_score,crl_akid_check,0.809229515,E,0,0,0,0,"0
",0
x509_vfy.c_x509_vfy.c,get_crl_sk,get_crl_sk,0.890065393,D,1,0.997955799,0.994579251,0.927171513,"0.98871666
","0.9186761
"
pvkfmt.c_pvkfmt.c,i2b_PVK,do_PVK_body,0.8134887,E,0,0,0,0,"0
",0
pvkfmt.c_pvkfmt.c,i2b_PVK,i2b_PVK,0.913434267,E,1,0,0,0,"0
",0
ec_asn1.c_ec_asn1.c,i2d_ECPrivateKey,i2d_ECPrivateKey,0.887125991,E,1,0.906928182,0.966675618,0.809715993,"0.86175346
","0.8959594
"
v3_info.c_v3_info.c,i2v_AUTHORITY_INFO_ACCESS,i2v_AUTHORITY_INFO_ACCESS,0.903903644,C,1,0.710021794,0.997819052,0.903547486,"0.7935504
","0.96308696
"
v3_alt.c_v3_alt.c,i2v_GENERAL_NAME,i2v_GENERAL_NAME,0.997499192,A,1,0.685499132,0.836664885,1,"0.77255315
","1.0000001
"
i_cfb64.c_i_cfb64.c,idea_cfb64_encrypt,IDEA_cfb64_encrypt,0.964999918,A,1,0.6844154,1,1,"1.0000001
","1.0000001
"
i_cfb64.c_i_ofb64.c,idea_cfb64_encrypt,IDEA_ofb64_encrypt,0.887975788,E,0,0.648410916,0.966877041,0.747085255,"0.9322399
","0.91463476
"
i_ofb64.c_i_cfb64.c,idea_ofb64_encrypt,IDEA_cfb64_encrypt,0.914821999,E,0,0.289900452,0.966877041,0.747085255,"0.9322399
","0.91463476
"
i_ofb64.c_i_ofb64.c,idea_ofb64_encrypt,IDEA_ofb64_encrypt,0.969835667,A,1,0.378923059,1,1,"1.0
","1.0000001
"
pkeyutl.c_pkeyutl.c,init_ctx,init_ctx,0.906918597,E,1,0,0,0,"0
",0
genpkey.c_genpkey.c,init_gen_str,init_gen_str,0.980026393,E,1,0.680851042,0.989279163,0.938721689,"0.97956824
","0.9602299
"
s_server.c_s_server.c,init_ssl_connection,init_ssl_connection,0.883989698,E,0,0,0,0,"0
",0
eng_cnf.c_eng_cnf.c,int_engine_configure,int_engine_configure,0.965084945,B,1,0,0,0,"0
",0
ts_rsp_verify.c_ts_rsp_verify.c,int_TS_RESP_verify_token,int_ts_RESP_verify_token,0.975102919,E,1,0.94952786,0.988880227,0.831230683,"0.927257
","0.78759676
"
ectest.c_ectest.c,internal_curve_test,internal_curve_test,0.968998824,D,1,0,0,0,"0
",0
ectest.c_ecdhtest.c,internal_curve_test,main,0.805456317,,Null,0,0,0,"0
",0
cms_pwri.c_cms_pwri.c,kek_unwrap_key,kek_unwrap_key,0.980309106,D,1,0,0,0,"0
",0
apps.c_apps.c,load_certs_crls,load_certs_crls,0.867820584,E,1,0.953021288,0.996428944,0.9367263,"0.93296957
","0.9552964
"
apps.c_apps.c,load_index,load_index,0.967631706,E,1,0.528324783,0.956190812,0.896427775,"0.83933705
","0.9444164
"
apps.c_apps.c,load_key,load_key,0.905067419,E,1,0.875366807,0.994536946,0.851432593,"0.8821745
","0.96071273
"
apps.c_apps.c,load_key,load_pubkey,0.805728561,E,0,0.355250001,0.98980168,0.760468827,"0.94112176
","0.9371129
"
apps.c_apps.c,load_pubkey,load_key,0.833122829,E,0,0.908947229,0.990861785,0.824078263,"0.87974566
","0.94930875
"
apps.c_apps.c,load_pubkey,load_pubkey,0.915971479,E,1,0.392012894,0.984255889,0.77880131,"0.9485523
","0.94747704
"
apps.c_apps.c,load_serial,load_serial,0.969153993,D,1,0.741361022,0.986692692,0.926581626,"0.7497322
","0.953445
"
x_long.c_x_long.c,long_i2c,long_i2c,0.997111753,A,1,0.795187235,1,1,"1.0000001
","1.0
"
bntest.c_bntest.c,main,main,0.981113627,,Null,0.262436062,0.665302869,0.802625709,"0.5246771
","0.8771937
"
casttest.c_casttest.c,main,main,0.988446413,,Null,0.262436062,0.665302869,0.802625709,"0.5246771
","0.8771937
"
destest.c_destest.c,main,main,0.990655395,,Null,0.262436062,0.665302869,0.802625709,"0.5246771
","0.8771937
"
dsatest.c_dsatest.c,main,main,0.870669526,,Null,0.262436062,0.665302869,0.802625709,"0.5246771
","0.8771937
"
exptest.c_exptest.c,main,main,0.913690799,,Null,0.262436062,0.665302869,0.802625709,"0.5246771
","0.8771937
"
rc4test.c_rc4test.c,main,main,0.995714324,,Null,0.262436062,0.665302869,0.802625709,"0.5246771
","0.8771937
"
ssltest.c_ssltest_old.c,main,main,0.833284277,,Null,0.262436062,0.665302869,0.802625709,"0.5246771
","0.8771937
"
ocsp.c_ocsp.c,make_ocsp_response,make_ocsp_response,0.936216474,E,1,0,0,0,"0
",0
req.c_req.c,make_REQ,make_REQ,0.951807815,B,1,0,0,0,"0
",0
ca.c_ca.c,make_revocation_str,make_revocation_str,0.968582625,D,1,0.927552521,0.968027347,0.979276257,"0.9608564
","0.9914328
"
conf_mod.c_conf_mod.c,module_init,module_init,0.963993772,D,1,0,0,0,"0
",0
asn_mime.c_asn_mime.c,multi_split,multi_split,0.883696167,D,1,0,0,0,"0
",0
v3_ncons.c_v3_ncons.c,NAME_CONSTRAINTS_check,NAME_CONSTRAINTS_check,0.980207683,A,1,0.711536705,1,1,"0.99698615
","0.99144053
"
bio_ndef.c_bio_ndef.c,ndef_suffix,ndef_suffix,0.955024919,B,1,0.79157114,0.979397762,0.928715497,"0.9732392
","0.95080686
"
t_spki.c_t_spki.c,NETSCAPE_SPKI_print,NETSCAPE_SPKI_print,0.968149198,E,1,0.917873919,0.98065081,0.968781713,"0.97630334
","0.9629517
"
v3_cpols.c_v3_cpols.c,notice_section,notice_section,0.956312389,D,1,0,0,0,"0
",0
nseq.c_nseq.c,nseq_main,nseq_main,0.895264351,,Null,-0.255438775,0.829098966,0.750791774,"0.2265152
","0.6939119
"
obj_dat.c_obj_dat.c,OBJ_obj2txt,OBJ_obj2txt,0.961852573,D,1,0.980772555,0.995729675,0.968312435,"0.99675417
","0.9740384
"
ocsp_srv.c_ocsp_srv.c,OCSP_basic_add1_status,OCSP_basic_add1_status,0.945668784,B,1,0.579256296,0.999472898,0.979285053,"0.97640806
","0.952992
"
ocsp_srv.c_ocsp_srv.c,OCSP_basic_sign,OCSP_basic_sign,0.888529325,D,1,0.792890787,0.99794051,0.930081611,"0.9808581
","0.94936323
"
ocsp_lib.c_ocsp_lib.c,OCSP_cert_id_new,OCSP_cert_id_new,0.80595462,D,1,0.658967078,0.995888038,0.897668288,"0.88031644
","0.9808636
"
ocsp.c_ocsp.c,ocsp_main,ocsp_main,0.860253715,,Null,0.999585927,0.012997724,0.765385146,"0
","0.88922215
"
ocsp_vfy.c_ocsp_vfy.c,ocsp_match_issuerid,ocsp_match_issuerid,0.800599691,A,1,0.811534226,0.999800798,0.990384285,"0.97291166
","0.94433635
"
ocsp_prn.c_ocsp_prn.c,OCSP_REQUEST_print,OCSP_REQUEST_print,0.946750902,A,1,0.944285274,0.999813739,1,"0.9590838
","0.97267765
"
ocsp_cl.c_ocsp_cl.c,OCSP_request_sign,OCSP_request_sign,0.983208008,E,1,0.883409739,0.999367743,0.948960082,"0.83126587
","0.96753454
"
ocsp_vfy.c_ocsp_vfy.c,OCSP_request_verify,OCSP_request_verify,0.863114781,D,1,0.867621779,0.99747542,0.888300135,"0.94297886
","0.68780845
"
ocsp_prn.c_ocsp_prn.c,OCSP_RESPONSE_print,OCSP_RESPONSE_print,0.968673717,C,1,0.960565746,0.989190932,0.876458018,"0.980387
","0.9709302
"
ocsp_ht.c_ocsp_ht.c,OCSP_sendreq_nbio,OCSP_REQ_CTX_nbio,0.833115259,E,1,0.987730086,0.992637774,0.960278666,"0.9622722
","0.9350226
"
ocsp_ext.c_ocsp_ext.c,OCSP_url_svcloc_new,OCSP_url_svcloc_new,0.952132101,C,1,0.720622241,0.9739065,0.884995381,"0.85753447
","0.9697323
"
bio_ok.c_bio_ok.c,ok_ctrl,ok_ctrl,0.839362051,E,1,0,0.523595758,0,"0.61475474
",0
bio_ok.c_bio_ok.c,ok_ctrl,ok_read,0.800322435,E,0,0,0.282822971,0,"0.3318193
",0
bio_ok.c_bio_ok.c,ok_ctrl,ok_write,0.807220229,E,0,0,0.374674477,0,"0.35349208
",0
bio_ok.c_bio_ok.c,ok_read,ok_ctrl,0.827493983,E,0,0,0.697888119,0,"0.5092944
",0
bio_ok.c_bio_ok.c,ok_read,ok_read,0.993243608,E,1,0,0.989875932,0,"0.97583884
",0
bio_ok.c_bio_ok.c,ok_read,ok_write,0.984163343,E,0,0,0.912504363,0,"0.95197064
",0
bio_ok.c_bio_ok.c,ok_read,sig_in,0.87512904,E,0,0,0,0,"0
",0
bio_ok.c_bio_ok.c,ok_read,sig_out,0.838325919,E,0,0,0,0,"0
",0
bio_ok.c_bio_ok.c,ok_write,ok_ctrl,0.838358685,E,0,0,0.873660381,0,"0.50586915
",0
bio_ok.c_bio_ok.c,ok_write,ok_read,0.984077726,E,0,0,0.933002953,0,"0.9367651
",0
bio_ok.c_bio_ok.c,ok_write,ok_write,0.991973284,E,1,0,0.992057321,0,"0.96756655
",0
bio_ok.c_bio_ok.c,ok_write,sig_in,0.871769152,E,0,0,0,0,"0
",0
bio_ok.c_bio_ok.c,ok_write,sig_out,0.850682068,E,0,0,0,0,"0
",0
p12_kiss.c_p12_kiss.c,parse_pk12,parse_pk12,0.819462719,A,1,0,0,0,"0
",0
passwd.c_passwd.c,passwd_main,passwd_main,0.881518238,,Null,-0.081277654,-0.345642462,0.651583046,"0.21270122
","0.9205044
"
apps.c_apps.c,password_callback,password_callback,0.957222654,E,1,0.83675015,0.977579369,0.8936801,"0.9838437
","0.7920214
"
pem_lib.c_pem_lib.c,PEM_ASN1_write_bio,PEM_ASN1_write_bio,0.863282857,D,1,0.728793502,0.964278204,0.921560848,"0.9584545
","0.9456796
"
pem_lib.c_pem_lib.c,PEM_do_header,PEM_do_header,0.861272049,E,1,0.901159823,0.988773953,0.808536065,"0.57798386
","0.8908767
"
pem_lib.c_pem_lib.c,PEM_read_bio,PEM_read_bio,0.898817846,D,1,0.948698401,0.995201725,0.920361417,"0.9847262
","0.9820595
"
pem_pkey.c_pem_pkey.c,PEM_read_bio_PrivateKey,PEM_read_bio_PrivateKey,0.972204055,D,1,0.734878361,0.996235529,0.956248155,"0.90979046
","0.99497974
"
pem_info.c_pem_info.c,PEM_X509_INFO_read_bio,PEM_X509_INFO_read_bio,0.936728626,D,1,0.965479314,0.846457394,0.857504546,"0.9888974
","0.98084265
"
pem_info.c_pem_info.c,PEM_X509_INFO_write_bio,PEM_X509_INFO_write_bio,0.959958411,E,1,0.860135794,0.995100139,0.951940715,"0.6721573
","0.88013333
"
p12_add.c_p12_add.c,PKCS12_pack_p7encdata,PKCS12_pack_p7encdata,0.979662315,D,1,0.929518998,0.995097779,0.968739455,"0.9651341
","0.98304373
"
p12_kiss.c_p12_kiss.c,PKCS12_parse,PKCS12_parse,0.843225832,D,1,0.986695826,0.990932171,0.950328825,"0.95358396
","0.98797375
"
p12_crpt.c_p12_crpt.c,PKCS12_PBE_keyivgen,PKCS12_PBE_keyivgen,0.824596747,E,1,0.788657784,0.995065624,0.896894799,"0.9097963
","0.903724
"
p12_crpt.c_p5_crpt.c,PKCS12_PBE_keyivgen,PKCS5_PBE_keyivgen,0.872941796,E,0,0.81163013,0.974703146,0.581836924,"0.779772
","0.8919972
"
p5_crpt.c_p12_crpt.c,PKCS5_PBE_keyivgen,PKCS12_PBE_keyivgen,0.803469347,E,0,0.766644537,0.936437536,0.52731168,"0.89470935
","0.8863293
"
p5_crpt.c_p5_crpt.c,PKCS5_PBE_keyivgen,PKCS5_PBE_keyivgen,0.883076472,E,1,0.750966728,0.992665842,0.950346357,"0.9590384
","0.916097
"
p5_pbev2.c_p5_pbev2.c,PKCS5_pbe2_set_iv,PKCS5_pbe2_set_iv,0.900181226,E,1,0.954227686,0.995518721,0.913768724,"0.83838516
","0.8824636
"
p5_pbev2.c_p5_scrypt.c,PKCS5_pbe2_set_iv,PKCS5_pbe2_set_scrypt,0.854922852,E,0,0.80854404,0.981502078,0.808502744,"0.7450338
","0.92340726
"
p5_crpt2.c_p5_crpt2.c,PKCS5_PBKDF2_HMAC,PKCS5_PBKDF2_HMAC,0.809280069,D,1,0.92860502,0.994339081,0.922873024,"0.9827872
","0.9569651
"
p5_pbev2.c_p5_pbev2.c,PKCS5_pbkdf2_set,PKCS5_pbkdf2_set,0.973784763,D,1,0.904422998,0.995592838,0.978809322,"0.8992871
","0.9539116
"
pk7_lib.c_pk7_lib.c,PKCS7_add_signer,PKCS7_add_signer,0.876324636,A,1,0.802656353,0.9999669,1,"0.95005363
","0.9660007
"
pk7_doit.c_pk7_doit.c,PKCS7_dataDecode,PKCS7_dataDecode,0.920563167,D,1,0.982124209,0.955003805,0.974733536,"0.97257257
","0.86679894
"
pk7_doit.c_pk7_doit.c,PKCS7_dataDecode,PKCS7_dataInit,0.825814983,E,0,0.979893029,0.61639131,0.884890864,"0.37351754
","0.8113554
"
pk7_doit.c_pk7_doit.c,PKCS7_dataFinal,PKCS7_dataFinal,0.894221372,D,1,0.904695809,0.386474876,0.913677974,"0.7059708
","0.8213542
"
pk7_doit.c_pk7_doit.c,PKCS7_dataInit,PKCS7_dataDecode,0.82464541,E,0,0.98517257,0.10493838,0.815052032,"-0.035466455
","0.74549454
"
pk7_doit.c_pk7_doit.c,PKCS7_dataInit,PKCS7_dataInit,0.957268999,D,1,0.985589921,0.657320909,0.914177064,"0.25053608
","0.8719306
"
pk7_doit.c_pk7_doit.c,PKCS7_dataVerify,PKCS7_dataVerify,0.995268158,D,1,0.816213787,0.98735148,0.909708734,"0.5142131
","0.94473815
"
pk7_smime.c_pk7_smime.c,PKCS7_decrypt,PKCS7_decrypt,0.985682511,D,1,0.82213062,0.998428684,0.924030897,"0.9527524
","0.947102
"
pk7_doit.c_pk7_doit.c,pkcs7_decrypt_rinfo,pkcs7_decrypt_rinfo,0.976887944,B,1,0.714875519,0.953604402,0.847248518,"0.547915
","0.9778568
"
pk7_doit.c_pk7_doit.c,pkcs7_decrypt_rinfo,pkcs7_encode_rinfo,0.926950747,E,0,0,0,0,"0
",0
pk7_doit.c_pk7_doit.c,pkcs7_encode_rinfo,pkcs7_decrypt_rinfo,0.876593101,E,0,0,0,0,"0
",0
pk7_doit.c_pk7_doit.c,pkcs7_encode_rinfo,pkcs7_encode_rinfo,0.967490513,B,1,0,0,0,"0
",0
pk7_smime.c_pk7_smime.c,PKCS7_get0_signers,PKCS7_get0_signers,0.932367863,A,1,0.807789862,0.999961459,1,"0.9856085
","0.9942136
"
pkcs7.c_pkcs7.c,pkcs7_main,pkcs7_main,0.843767121,,Null,-0.292892337,-0.300868903,0.735811217,"0.2536897
","0.82688135
"
pk7_lib.c_pk7_lib.c,PKCS7_RECIP_INFO_set,PKCS7_RECIP_INFO_set,0.990503734,C,1,0.798074961,0.993930964,0.848082463,"0.9258669
","0.90314406
"
pk7_lib.c_pk7_lib.c,PKCS7_set_type,PKCS7_set_type,0.995365181,A,1,0.69654429,0.776354219,0.998072672,"0.10346591
","0.97583383
"
pk7_doit.c_pk7_doit.c,PKCS7_signatureVerify,PKCS7_signatureVerify,0.839317326,D,1,0.684131742,0.996596091,0.919403531,"0.8752591
","0.9716661
"
pk7_lib.c_pk7_lib.c,PKCS7_SIGNER_INFO_set,PKCS7_SIGNER_INFO_set,0.965733449,D,1,0.76541245,0.999804004,0.950401994,"0.986592
","0.9918128
"
pk7_doit.c_pk7_doit.c,PKCS7_SIGNER_INFO_sign,PKCS7_SIGNER_INFO_sign,0.807852877,D,1,0.802329302,0.981880027,0.898734764,"0.6323067
","0.94784856
"
pk7_smime.c_pk7_smime.c,PKCS7_verify,PKCS7_verify,0.887852982,D,1,0.992897451,0.96931222,0.867157861,"0.9727914
","0.93469423
"
pkcs8.c_pkcs8.c,pkcs8_main,pkcs8_main,0.827838299,,Null,-0.080343463,-0.437476916,0.755641816,"0.20877294
","0.71119756
"
gost_ameth.c_ec_ameth.c,pkey_ctrl_gost,ec_pkey_ctrl,0.81517195,C,0,-0.105646029,0.867799733,0.633877376,"0.89364755
","0.7996303
"
rsa_pmeth.c_rsa_pmeth.c,pkey_rsa_keygen,pkey_rsa_keygen,0.890747438,E,1,0.773016572,0.998587531,0.857191173,"0.87296635
","0.9310931
"
rsa_pmeth.c_rsa_pmeth.c,pkey_rsa_sign,pkey_rsa_sign,0.856877992,B,1,0.86465168,0.998326433,0.904134859,"0.96881366
","0.9772115
"
rsa_pmeth.c_rsa_pmeth.c,pkey_rsa_sign,pkey_rsa_verify,0.81654932,E,0,0.558699727,0.995059408,0.8205581,"0.8495694
","0.8330734
"
rsa_pmeth.c_rsa_pmeth.c,pkey_rsa_verify,pkey_rsa_sign,0.807552338,E,0,0.438724905,0.987194453,0.759351113,"0.65922594
","0.7715241
"
rsa_pmeth.c_rsa_pmeth.c,pkey_rsa_verify,pkey_rsa_verify,0.876627742,D,1,0.764181435,0.997554593,0.941939062,"0.94911677
","0.971067
"
rsa_pmeth.c_rsa_pmeth.c,pkey_rsa_verifyrecover,pkey_rsa_verifyrecover,0.936866471,A,1,0.818461478,0.99997251,1,"0.99059474
","0.96428204
"
pcy_cache.c_pcy_cache.c,policy_cache_create,policy_cache_create,0.846667535,B,1,0,0,0,"0
",0
pcy_cache.c_pcy_cache.c,policy_cache_new,policy_cache_new,0.999315439,B,1,0,0,0,"0
",0
pcy_map.c_pcy_map.c,policy_cache_set_mapping,policy_cache_set_mapping,0.902007156,A,1,0.678806901,0.999210551,1,"0.99774694
","0.9860291
"
v3_cpols.c_v3_cpols.c,policy_section,policy_section,0.938883273,B,1,0,0,0,"0
",0
ectest.c_ectest.c,prime_field_tests,char2_field_tests,0.915399041,E,0,0,0.997475543,0,"0.9929965
",0
ectest.c_ectest.c,prime_field_tests,prime_field_tests,0.971666999,E,1,0,0.99980027,0,"0.9997847
",0
pkcs12.c_pkcs12.c,print_attribs,print_attribs,0.875017374,E,1,0.847959936,0.997818306,0.972159291,"0.9958566
","0.97277516
"
ocsp.c_ocsp.c,print_ocsp_summary,print_ocsp_summary,0.901297035,E,1,0,0,0,"0
",0
s_client.c_s_client.c,print_stuff,print_stuff,0.852615472,E,0,0.958676636,0.996030283,0.834567626,"0.98981935
","0.9583225
"
v3_pci.c_v3_pci.c,process_pci_value,process_pci_value,0.912392257,D,1,0.835700274,0.996334267,0.95107965,"0.878032
","0.92982954
"
ocsp.c_ocsp.c,process_responder,process_responder,0.910202629,E,1,0.923056126,0.97239504,0.898346225,"0.9876246
","0.9763989
"
req.c_req.c,prompt_info,prompt_info,0.974646037,A,1,0,0,0,"0
",0
gost_ameth.c_dh_ameth.c,pub_encode_gost94,dh_pub_encode,0.839122509,E,0,0.764746666,0.933806291,0.501272389,"0.21065247
","0.8224086
"
ocsp.c_ocsp.c,query_responder,query_responder,0.939639077,E,1,0,0,0,"0
",0
v3_cpols.c_v3_cpols.c,r2i_certpol,r2i_certpol,0.889005508,D,1,0.992275834,0.997545407,0.95587492,"0.97690845
","0.9780783
"
v3_pci.c_v3_pci.c,r2i_pci,r2i_pci,0.907462978,B,1,0.924175799,0.957247766,0.933536265,"0.94362104
","0.9853144
"
randfile.c_randfile.c,RAND_load_file,RAND_load_file,0.893920357,D,1,0.697103918,0.994801376,0.902428565,"0.9873654
","0.93377364
"
rand_unix.c_rand_unix.c,RAND_poll,RAND_poll,0.976582063,A,1,0.798055649,0.987009188,0.902937079,"0.9906336
","0.96493053
"
rc2cfb64.c_rc2cfb64.c,RC2_cfb64_encrypt,RC2_cfb64_encrypt,0.975700116,A,1,0.765947044,1,1,"1.0000001
","0.99999994
"
rc2cfb64.c_rc2ofb64.c,RC2_cfb64_encrypt,RC2_ofb64_encrypt,0.935610965,E,0,0.23645857,0.96763977,0.747125813,"0.9199519
","0.9186593
"
rc2ofb64.c_rc2cfb64.c,RC2_ofb64_encrypt,RC2_cfb64_encrypt,0.947943722,E,0,0.528567076,0.96763977,0.747125813,"0.9199519
","0.9186593
"
rc2ofb64.c_rc2ofb64.c,RC2_ofb64_encrypt,RC2_ofb64_encrypt,0.985919213,A,1,0.672082961,1,1,"1.0000001
","0.99999994
"
rc2_skey.c_rc2_skey.c,RC2_set_key,RC2_set_key,0.993033495,A,1,0.880132675,0.999804568,1,"0.9983904
","1.0
"
e_rc4_hmac_md5.c_e_rc4_hmac_md5.c,rc4_hmac_md5_cipher,rc4_hmac_md5_cipher,0.997418185,A,1,0.768760145,0.999220419,0.931391347,"0.99898005
","0.814296
"
e_rc4_hmac_md5.c_e_rc4_hmac_md5.c,rc4_hmac_md5_cipher,rc4_hmac_md5_ctrl,0.813012095,E,0,0.774808943,0.934829281,0.635475851,"0.80300224
","0.704002
"
e_rc4_hmac_md5.c_e_rc4_hmac_md5.c,rc4_hmac_md5_ctrl,rc4_hmac_md5_cipher,0.813521214,E,0,0.734747767,0.928545125,0.621115942,"0.73357445
","0.5811252
"
e_rc4_hmac_md5.c_e_rc4_hmac_md5.c,rc4_hmac_md5_ctrl,rc4_hmac_md5_ctrl,0.998953248,D,1,0.797481,0.994302159,0.83669037,"0.9871713
","0.8348671
"
cms.c_cms.c,receipt_request_print,receipt_request_print,0.912635359,E,1,0,0,0,"0
",0
ts.c_ts.c,reply_command,reply_command,0.958498128,E,1,0,0,0,"0
",0
req.c_req.c,req_main,req_main,0.831123913,,Null,0.148045957,-0.667071629,0.729563583,"0
","0.95318556
"
rsa_gen.c_rsa_gen.c,rsa_builtin_keygen,rsa_builtin_keygen,0.930400242,E,1,0,0,0,"0
",0
rsa_eay.c_rsa_ossl.c,RSA_eay_private_decrypt,rsa_ossl_private_decrypt,0.986737967,D,1,0.906203151,0.981301131,0.9021735,"0.9599164
","0.9564609
"
rsa_eay.c_rsa_ossl.c,RSA_eay_private_decrypt,rsa_ossl_private_encrypt,0.921424659,E,0,0.908884823,0.976528056,0.854447892,"0.93922967
","0.9547789
"
rsa_eay.c_rsa_ossl.c,RSA_eay_private_encrypt,rsa_ossl_private_decrypt,0.914555143,E,0,0.686077535,0.983398412,0.839001337,"0.942834
","0.93545973
"
rsa_eay.c_rsa_ossl.c,RSA_eay_private_encrypt,rsa_ossl_private_encrypt,0.986125931,D,1,0.906799614,0.98464285,0.932109043,"0.9948826
","0.97792953
"
rsa_eay.c_rsa_ossl.c,RSA_eay_public_decrypt,rsa_ossl_public_decrypt,0.967862589,D,1,0.733475685,0.996150598,0.955023824,"0.9294873
","0.931295
"
rsa_eay.c_rsa_ossl.c,RSA_eay_public_encrypt,rsa_ossl_public_encrypt,0.97621919,D,1,0.917128026,0.99665694,0.947975523,"0.9339341
","0.9811426
"
rsa_depr.c_rsa_depr.c,RSA_generate_key,RSA_generate_key,0.801127565,D,1,0,0.981059312,0,"0.5086821
",0
rsa_ameth.c_rsa_ameth.c,rsa_item_verify,rsa_pss_to_ctx,0.839759779,E,0,0.730796874,0.985199755,0.870545644,"0.7477608
","0.9612788
"
rsa.c_rsa.c,rsa_main,rsa_main,0.831593368,,Null,0.081328496,-0.536424544,0.697250782,"0.3583446
","0.9319742
"
rsa_crpt.c_rsa_crpt.c,RSA_setup_blinding,RSA_setup_blinding,0.857228277,E,1,0.760354578,0.996017192,0.885855179,"0.9056328
","0.9550897
"
rsautl.c_rsautl.c,rsautl_main,rsautl_main,0.800113297,,Null,0.022389792,-0.462919803,0.700128383,"0.20991388
","0.82196105
"
s_client.c_s_client.c,s_client_main,s_client_main,0.8289136,,Null,0.998814344,0.776056163,0.767941841,"0
","0.78010607
"
v3_skey.c_v3_skey.c,s2i_skey_id,s2i_skey_id,0.863478071,E,1,0.72634536,0.998119963,0.953025782,"0.9561374
","0.88023025
"
apps.c_apps.c,save_serial,save_serial,0.944733689,D,1,0.881229579,0.991818149,0.918681713,"0.83247447
","0.98116505
"
sess_id.c_sess_id.c,sess_id_main,sess_id_main,0.937501803,,Null,0.681144476,0.693945819,0.681973349,"0.42416894
","0.7904382
"
v3_crld.c_v3_crld.c,set_dist_point_name,set_dist_point_name,0.906581923,B,1,0.474726349,0.992852221,0.936631748,"0.67079616
","0.9846061
"
req.c_req.c,set_keygen_ctx,set_keygen_ctx,0.962677164,E,1,0.955578625,0.993630616,0.972283157,"0.9460194
","0.96444046
"
v3_purp.c_v3_purp.c,setup_dp,setup_dp,0.964555027,A,1,0,0,0,"0
",0
bio_ok.c_bio_ok.c,sig_in,ok_ctrl,0.835746134,E,0,0,0,0,"0
",0
bio_ok.c_bio_ok.c,sig_in,ok_read,0.869898877,E,0,0,0,0,"0
",0
bio_ok.c_bio_ok.c,sig_in,ok_write,0.871589226,E,0,0,0,0,"0
",0
bio_ok.c_bio_ok.c,sig_in,sig_in,0.864071133,E,1,0,0,0,"0
",0
bio_ok.c_bio_ok.c,sig_in,sig_out,0.849020775,E,0,0,0,0,"0
",0
smime.c_smime.c,smime_main,smime_main,0.853304454,,Null,0.994553149,-0.546907193,0.723802799,"0
","0.94735557
"
asn_mime.c_asn_mime.c,SMIME_write_ASN1,SMIME_write_ASN1,0.994220372,A,1,0.940086246,0.996966881,0.98926415,"0.96154696
","0.94864774
"
spkac.c_spkac.c,spkac_main,spkac_main,0.874795001,,Null,-0.253443718,-0.208074891,0.637678149,"0.20461994
","0.73911977
"
srp_vfy.c_srp_vfy.c,SRP_create_verifier,SRP_create_verifier,0.960423249,E,1,0.92443496,0.994596851,0.962618773,"0.97782314
","0.9759253
"
srp.c_srp.c,srp_main,srp_main,0.815872981,,Null,0.461256444,-0.565841601,0.845145773,"0
","0.8831463
"
srp_vfy.c_srp_vfy.c,SRP_VBASE_init,SRP_VBASE_init,0.937630072,B,1,0.959412515,0.973046751,0.954163141,"0.9531937
","0.9596641
"
t1_lib.c_t1_lib.c,ssl_add_clienthello_tlsext,ssl_add_clienthello_tlsext,0.842889269,E,0,0.97636652,0.871226326,0.647816077,"0
","0.7735696
"
d1_srtp.c_d1_srtp.c,ssl_add_clienthello_use_srtp_ext,ssl_add_clienthello_use_srtp_ext,0.8843841,A,1,0.538493097,0.999868991,1,"0.99226344
","0.9819112
"
t1_lib.c_t1_lib.c,ssl_add_serverhello_tlsext,ssl_add_serverhello_tlsext,0.873870912,E,0,0.974866092,0.979539768,0.79055159,"0.91800123
","0.90880626
"
t1_lib.c_t1_lib.c,ssl_check_serverhello_tlsext,ssl_check_serverhello_tlsext,0.979789924,D,1,0,0,0,"0
",0
ssl_ciph.c_ssl_ciph.c,ssl_cipher_get_evp,ssl_cipher_get_evp,0.838124483,E,1,0.988814771,0.957728481,0.815266962,"0.91911566
","0.7419417
"
ssl_lib.c_statem_clnt.c,ssl_cipher_list_to_bytes,ssl_cipher_list_to_bytes,0.824637174,E,0,0,0,0,"0
",0
ssl_ciph.c_ssl_ciph.c,ssl_cipher_process_rulestr,ssl_cipher_process_rulestr,0.883290023,E,1,0.994956553,0.999392901,0.906889902,"0.98859954
","0.9590798
"
ssl_ciph.c_ssl_ciph.c,ssl_create_cipher_list,ssl_create_cipher_list,0.829653287,E,1,0.997936785,0.997089358,0.859399151,"0
","0.80852854
"
bio_ssl.c_bio_ssl.c,ssl_ctrl,ssl_ctrl,0.921378578,E,1,0,0.949366021,0.855882677,"0.78434354
","0.5940648
"
ssl_lib.c_ssl_lib.c,SSL_dup,SSL_dup,0.856009346,D,1,0.089025177,0.983886003,0.739249918,"0.9431823
","0.92694587
"
ssl_sess.c_ssl_sess.c,ssl_get_new_session,ssl_get_new_session,0.980298728,E,1,0.895962358,0.974596271,0.797657561,"0.97524434
","0.89210445
"
ssl_lib.c_ssl_lib.c,SSL_new,SSL_new,0.847059453,D,0,0,0.972631348,0.723090485,"0.95443314
","0.9535942
"
d1_srtp.c_d1_srtp.c,ssl_parse_clienthello_use_srtp_ext,ssl_add_clienthello_use_srtp_ext,0.862455068,E,0,0.58759445,0.962227601,0.594856142,"0.9297135
","0.783887
"
d1_srtp.c_d1_srtp.c,ssl_parse_serverhello_use_srtp_ext,ssl_add_clienthello_use_srtp_ext,0.812141022,E,0,0.836412966,0.966524152,0.780470664,"0.7073498
","0.7982158
"
ssl_txt.c_ssl_txt.c,SSL_SESSION_print,SSL_SESSION_print,0.812167317,D,1,0.857606947,0.666056799,0.867254388,"0.76356375
","0.87337786
"
ssl_cert.c_ssl_cert.c,ssl_verify_cert_chain,ssl_verify_cert_chain,0.848923373,E,1,0.719277978,0.963174831,0.711443693,"0.8968648
","0.73974746
"
s2_srvr.c_statem.c,ssl2_accept,state_machine,0.802638224,E,0,0.995858788,0.745275101,0.526420345,"0
","0.94831765
"
s23_clnt.c_d1_msg.c,ssl23_connect,dtls1_dispatch_alert,0.864535056,E,0,-0.039686043,0.630202439,0.359087966,"0
","0.40757754
"
s23_clnt.c_statem.c,ssl23_connect,state_machine,0.83257055,E,0,0.988216877,0.960522808,0.717169383,"0
","0.94577074
"
s23_clnt.c_d1_msg.c,ssl23_get_server_hello,dtls1_dispatch_alert,0.854846061,E,0,0,0,0,"0
",0
s3_cbc.c_s3_cbc.c,ssl3_cbc_digest_record,ssl3_cbc_digest_record,0.908459176,D,1,0.931672752,0.976944249,0.866494503,"0.9966104
","0.92462564
"
s3_enc.c_s3_enc.c,ssl3_change_cipher_state,ssl3_change_cipher_state,0.874260977,E,1,0.181546792,0.973193461,0.855469357,"0.7807387
","0.9083381
"
s3_pkt.c_rec_layer_s3.c,ssl3_read_bytes,ssl3_read_bytes,0.887275632,E,0,0.994545043,0.982497608,0.821549567,"0
","0.7820711
"
s3_pkt.c_rec_layer_s3.c,ssl3_read_n,ssl3_read_n,0.876934346,E,1,0.766312063,0.984763823,0.838003523,"0.9785965
","0.77505857
"
s3_srvr.c_statem_srvr.c,ssl3_send_certificate_request,tls_construct_certificate_request,0.820362976,E,0,0.726975858,0.986544623,0.788628669,"0.95922613
","0.9035974
"
s3_both.c_statem_lib.c,ssl3_send_finished,tls_construct_finished,0.865062009,E,0,0.424539089,0.95876661,0.781673338,"0.81072325
","0.7594451
"
s3_srvr.c_statem_srvr.c,ssl3_send_server_hello,tls_construct_server_hello,0.842982875,E,0,0.71528101,0.979448832,0.859964484,"0.86511654
","0.8396533
"
md_rand.c_md_rand.c,ssleay_rand_add,rand_add,0.811870321,E,1,0,0.940481647,0.775606711,"0.98229694
","0.8616211
"
conf_def.c_conf_def.c,str_copy,str_copy,0.95429997,B,1,-0.2633892,0.04608874,0.162399331,"0.10009264
","0.9976395
"
s_server.c_s_server.c,sv_body,sv_body,0.913839393,E,1,0.991281986,0.997757432,0.912512999,"0
","0.98747176
"
v3_sxnet.c_v3_sxnet.c,SXNET_add_id_INTEGER,SXNET_add_id_INTEGER,0.936935018,A,1,0.863166809,0.999211958,1,"0.9282908
","0.98907834
"
bftest.c_bftest.c,test,test,0.975868214,A,1,0,0,0,"0
",0
ecdsatest.c_ecdsatest.c,test_builtin,test_builtin,0.920696523,E,1,0,0.931804711,0,"0.9615933
",0
ecdhtest.c_ecdhtest.c,test_ecdh_curve,test_ecdh_curve,0.959524998,E,1,0,0,0,"0
",0
t1_lib.c_t1_lib.c,tls_decrypt_ticket,tls_decrypt_ticket,0.820564467,D,1,0,0,0,"0
",0
s3_cbc.c_ssl3_record.c,tls1_cbc_remove_padding,tls1_cbc_remove_padding,0.942983369,D,1,0.617190182,0.980872692,0.753860746,"0.99707115
","0.7966268
"
t1_enc.c_t1_enc.c,tls1_change_cipher_state,tls1_change_cipher_state,0.817484284,E,0,0.916951418,0.976763123,0.902813489,"0.86546034
","0.9466163
"
pcy_tree.c_pcy_tree.c,tree_calculate_user_set,tree_calculate_user_set,0.925574056,A,1,0,0,0,"0
",0
pcy_tree.c_pcy_tree.c,tree_init,tree_init,0.906016882,D,0,0,0,0,"0
",0
ts_rsp_verify.c_ts_rsp_verify.c,TS_check_status_info,ts_check_status_info,0.972444107,A,1,0,0,0,"0
",0
ts_conf.c_ts_conf.c,TS_CONF_set_policies,TS_CONF_set_policies,0.933015463,A,1,0.630786955,0.997301975,0.964028857,"0.5962158
","0.78403133
"
ts_verify_ctx.c_ts_verify_ctx.c,TS_REQ_to_TS_VERIFY_CTX,TS_REQ_to_TS_VERIFY_CTX,0.898152378,A,1,0.570554078,0.994972653,0.945315152,"0.9498916
","0.91208315
"
ts_rsp_sign.c_ts_rsp_sign.c,TS_RESP_check_request,ts_RESP_check_request,0.869941705,A,1,0,0,0,"0
",0
ts_rsp_sign.c_ts_rsp_sign.c,TS_RESP_create_tst_info,ts_RESP_create_tst_info,0.997542921,A,1,0,0,0,"0
",0
ts_rsp_sign.c_ts_rsp_sign.c,TS_RESP_set_genTime_with_precision,TS_RESP_set_genTime_with_precision,0.934174014,C,1,0,0,0,"0
",0
ts_rsp_sign.c_ts_rsp_sign.c,TS_RESP_sign,ts_RESP_sign,0.94737388,C,1,0,0,0,"0
",0
ts_rsp_verify.c_ts_rsp_verify.c,TS_RESP_verify_signature,TS_RESP_verify_signature,0.974006465,C,1,0.811180115,0.997822012,0.922746297,"0.9484743
","0.96570826
"
txt_db.c_txt_db.c,TXT_DB_create_index,TXT_DB_create_index,0.925946944,B,1,0.86303997,0.991647717,0.959577759,"0.9744371
","0.99959177
"
txt_db.c_txt_db.c,TXT_DB_read,TXT_DB_read,0.930834892,E,1,0.894695759,0.974288504,0.937124265,"0.9618178
","0.9529533
"
txt_db.c_txt_db.c,TXT_DB_write,TXT_DB_write,0.922191476,B,1,0.598685086,0.966602378,0.931768015,"0.9709407
","0.94989437
"
ui_lib.c_ui_lib.c,UI_set_result,UI_set_result,0.983311541,B,1,0.766095459,0.99775959,0.96506105,"0.908433
","0.9720464
"
ca.c_ca.c,unpack_revinfo,unpack_revinfo,0.968200078,D,1,0.771749556,0.811802475,0.902497415,"0.86910534
","0.9164429
"
engine.c_engine.c,util_verbose,util_verbose,0.983905671,D,1,0,0,0,"0
",0
v3_info.c_v3_info.c,v2i_AUTHORITY_INFO_ACCESS,v2i_AUTHORITY_INFO_ACCESS,0.920133287,C,1,0.76050669,0.996373071,0.949376919,"0.9400749
","0.98144007
"
v3_akey.c_v3_akey.c,v2i_AUTHORITY_KEYID,v2i_AUTHORITY_KEYID,0.970338004,C,1,0.823537111,0.998029951,0.975130305,"0.96868116
","0.9927
"
v3_crld.c_v3_crld.c,v2i_crld,v2i_crld,0.920010937,A,1,0.890023112,0.99896047,0.997904816,"0.9490474
","0.950285
"
v3_ncons.c_v3_ncons.c,v2i_NAME_CONSTRAINTS,v2i_NAME_CONSTRAINTS,0.922689691,B,1,0.863011658,0.965593241,0.927148927,"0.8126252
","0.96745014
"
v3_conf.c_v3_conf.c,v3_generic_extension,v3_generic_extension,0.998475327,A,1,0.767708719,0.980656619,0.950847695,"0.95808023
","0.9921313
"
ts.c_ts.c,verify_command,verify_command,0.885656644,E,1,0,0,0,"0
",0
wp_dgst.c_wp_dgst.c,WHIRLPOOL_BitUpdate,WHIRLPOOL_BitUpdate,0.963793046,A,1,0.893420815,1,1,"1.0000001
","0.99999994
"
wp_dgst.c_wp_dgst.c,WHIRLPOOL_Final,WHIRLPOOL_Final,0.994102849,C,1,0.602624416,0.998493701,0.94033437,"0.99868584
","0.98766994
"
s_server.c_s_server.c,www_body,www_body,0.905509174,E,0,0.990773201,0.995757779,0.89092439,"0.99206346
","0.89397734
"
x_x509.c_x_x509.c,x509_cb,x509_cb,0.944641526,D,1,0.599425673,0.934749334,0.840793671,"0.9504226
","0.8812351
"
x509.c_x509.c,x509_certify,x509_certify,0.883467821,E,1,0,0,0,"0
",0
x509_vfy.c_x509_vfy.c,X509_cmp_time,X509_cmp_time,0.992659156,E,1,0.545237124,0.955779087,0.786026941,"0.96997154
","0.96095556
"
t_crl.c_t_crl.c,X509_CRL_print,X509_CRL_print,0.809218684,E,1,0.604026973,0.98410463,0.832827147,"0.9598138
","0.8487134
"
by_file.c_by_file.c,X509_load_cert_crl_file,X509_load_cert_crl_file,0.95109093,A,1,0.812009871,0.998307164,1,"0.89706504
","0.99664766
"
x509.c_x509.c,x509_load_serial,x509_load_serial,0.973853733,D,1,0,0,0,"0
",0
x509.c_x509.c,x509_main,x509_main,0.819966433,,Null,0.998187721,-0.648358919,0.74774794,"0
","0.8807814
"
x_name.c_x_name.c,x509_name_canon,x509_name_canon,0.917571336,B,1,0.974279702,0.993639564,0.956394371,"0.9834873
","0.95137924
"
x_name.c_x_name.c,x509_name_encode,x509_name_encode,0.958851476,A,1,0,0,0,"0
",0
x_name.c_x_name.c,x509_name_ex_d2i,x509_name_ex_d2i,0.84222661,D,1,0.641438544,0.988665437,0.931457971,"0.97321355
","0.9675882
"
x509_obj.c_x509_obj.c,X509_NAME_oneline,X509_NAME_oneline,0.921604763,B,1,0.973553181,0.992949821,0.941255134,"0.9913726
","0.9588656
"
t_x509.c_t_x509.c,X509_ocspid_print,X509_ocspid_print,0.873793675,E,1,0.847253144,0.974871656,0.920816021,"0.8200048
","0.75301766
"
x509_r2x.c_x509_r2x.c,X509_REQ_to_X509,X509_REQ_to_X509,0.833131642,E,1,0,0.981628542,0,"0.9831771
",0
x509_lu.c_x509_lu.c,X509_STORE_CTX_get1_issuer,X509_STORE_CTX_get1_issuer,0.896978918,D,1,0.762645423,0.994711773,0.845400384,"0.81959385
","0.8829195
"
x509_vfy.c_x509_vfy.c,X509_STORE_CTX_init,X509_STORE_CTX_init,0.952852734,D,1,0.798227668,0.88588664,0.770226079,"0.93732816
","0.94967306
"
x509_lu.c_x509_lu.c,X509_STORE_get_by_subject,X509_STORE_CTX_get_by_subject,0.899227971,D,1,0.541303575,0.971404941,0.878272864,"0.9107704
","0.81830686
"
x509_lu.c_x509_lu.c,X509_STORE_get1_certs,X509_STORE_CTX_get1_certs,0.892431513,D,1,0.796259701,0.978847565,0.894631208,"0.8573774
","0.82621735
"
x509_lu.c_x509_lu.c,X509_STORE_get1_crls,X509_STORE_CTX_get1_crls,0.857813343,D,1,0.696936488,0.986964351,0.840180967,"0.8642002
","0.8782843
"
x509_req.c_x509_req.c,X509_to_X509_REQ,X509_to_X509_REQ,0.873785646,D,1,0.38367191,0.993995884,0.862460453,"0.9070467
","0.9774277
"
v3_purp.c_v3_purp.c,x509v3_cache_extensions,x509v3_cache_extensions,0.92751576,E,1,0.980998993,0.995023894,0.925413687,"0.9840279
","0.94845474
"
v3_prn.c_v3_prn.c,X509V3_EXT_print,X509V3_EXT_print,0.944500046,E,1,0.733913839,0.995012308,0.940694598,"0.9685978
","0.90911597
"
v3_prn.c_v3_prn.c,X509V3_extensions_print,X509V3_extensions_print,0.965902093,C,1,0.831526875,0.999768459,0.973685514,"0.9944681
","0.99052984
"
