file_name,openssl_101f,boringssl_0,sim_value,ABCDE,0 or 1,vulseeker,gemini,kaist,ufbls,safe
a_object.c_a_object.c,a2d_ASN1_OBJECT,a2d_ASN1_OBJECT,0.933487812,D,1,0.998700023,0.986763916,0.643394077,"0.9484057
","0.89200145
"
v3_alt.c_v3_alt.c,a2i_GENERAL_NAME,a2i_GENERAL_NAME,0.975685369,C,1,0.989952683,0.976561288,0.728245183,"0.5418247
","0.87560713
"
by_dir.c_by_dir.c,add_cert_dir,add_cert_dir,0.977717122,C,1,0.973029196,0.973119723,0.738834002,"0.87435925
","0.8805344
"
e_aes.c_e_aes.c,aes_gcm_ctrl,aes_gcm_ctrl,0.816583632,D,1,0.993978381,0.323875565,0.504587133,"0.27293018
","0.79391795
"
t_pkey.c_print.c,ASN1_bn_print,bn_print,0.946440602,E,0,0,0.979552743,0.660425527,"0.91865593
","0.8446303
"
tasn_dec.c_tasn_dec.c,asn1_check_tlen,asn1_check_tlen,0.970020232,C,1,0.990213931,0.980612106,0.756865052,"0.9323578
","0.8521452
"
tasn_dec.c_tasn_dec.c,asn1_d2i_ex_primitive,asn1_d2i_ex_primitive,0.97579373,D,1,0.997216165,0.991101577,0.622007539,"0.97103584
","0.81243813
"
tasn_dec.c_tasn_dec.c,asn1_d2i_ex_primitive,asn1_template_ex_d2i,0.804434964,E,0,0.859528542,0.908419691,0.480939264,"0.92205924
","0.7655011
"
a_d2i_fp.c_a_d2i_fp.c,asn1_d2i_read_bio,asn1_d2i_read_bio,0.850935665,D,1,0.996138811,0.977064371,0.683272097,"0.9132125
","0.88883406
"
tasn_utl.c_tasn_utl.c,asn1_do_adb,asn1_do_adb,0.977996301,C,1,0.136270672,0.950974183,0.706978435,"0.56625
","0.7400695
"
tasn_dec.c_tasn_dec.c,asn1_ex_c2i,asn1_ex_c2i,0.971271364,C,1,0.994362473,0.930224004,0.79284496,"0.747988
","0.80738235
"
tasn_dec.c_tasn_new.c,asn1_ex_c2i,ASN1_primitive_new,0.809734782,E,0,0.983973205,0.951541882,0.65021623,"0.71177703
","0.54486877
"
tasn_enc.c_tasn_enc.c,asn1_ex_i2c,asn1_ex_i2c,0.954263272,C,1,0.995120347,0.969643111,0.756049174,"0.3997553
","0.59186244
"
tasn_enc.c_tasn_fre.c,asn1_ex_i2c,ASN1_primitive_free,0.82941009,E,0,0.994884849,0.952833299,0.724630797,"0.82087755
","0.7403918
"
asn1_gen.c_asn1_gen.c,ASN1_generate_v3,ASN1_generate_v3,0.932450267,C,1,0.99093771,0.922909237,0.467451289,"0.9596835
","0.8528196
"
tasn_fre.c_tasn_fre.c,asn1_item_combine_free,asn1_item_combine_free,0.945882513,C,1,0.997760534,0.951544562,0.542311707,"0.68917316
","0.7720048
"
tasn_new.c_tasn_fre.c,asn1_item_ex_combine_new,asn1_item_combine_free,0.810731945,E,0,0.997474492,0.952001363,0.698684094,"0.8234545
","0.7274343
"
tasn_new.c_tasn_new.c,asn1_item_ex_combine_new,asn1_item_ex_combine_new,0.931737077,C,1,0.995750129,0.954308077,0.694664505,"0.8840221
","0.69860166
"
tasn_dec.c_tasn_dec.c,ASN1_item_ex_d2i,ASN1_item_ex_d2i,0.944763084,D,1,0.99885267,0.941290967,0.795968988,"0.7439817
","0.8833547
"
tasn_enc.c_tasn_fre.c,ASN1_item_ex_i2d,asn1_item_combine_free,0.857064147,E,0,0.989720881,0.946595541,0.556666004,"0.6113866
","0.71701896
"
tasn_enc.c_tasn_new.c,ASN1_item_ex_i2d,asn1_item_ex_combine_new,0.847179126,E,0,0.984005451,0.963995794,0.525921801,"0.69629645
","0.70915854
"
tasn_enc.c_tasn_dec.c,ASN1_item_ex_i2d,ASN1_item_ex_d2i,0.800142752,E,0,0.964322388,0.970104774,0.457382978,"0.72997355
","0.63633335
"
tasn_enc.c_tasn_enc.c,ASN1_item_ex_i2d,ASN1_item_ex_i2d,0.952023961,D,1,0.991814673,0.951415609,0.582987346,"0.69927245
","0.7810123
"
a_mbstr.c_a_mbstr.c,ASN1_mbstring_ncopy,ASN1_mbstring_ncopy,0.954326698,C,1,0.994243145,0.980471659,0.661413834,"0.6778173
","0.91185296
"
asn1_gen.c_asn1_gen.c,asn1_multi,asn1_multi,0.941338224,A,1,0,0,0,"0
",0
tasn_fre.c_tasn_enc.c,ASN1_primitive_free,asn1_ex_i2c,0.811630497,E,0,0.92635864,0.840648379,0.642182285,"0.2057463
","0.33004475
"
tasn_fre.c_tasn_fre.c,ASN1_primitive_free,ASN1_primitive_free,0.997882252,A,1,0.928470373,0.931681649,0.741054707,"0.6812185
","0.79374343
"
tasn_fre.c_tasn_new.c,ASN1_primitive_free,ASN1_primitive_new,0.813903758,E,0,0.939251304,0.860847225,0.707157534,"0.39180028
","0.7400932
"
tasn_new.c_tasn_fre.c,ASN1_primitive_new,ASN1_primitive_free,0.82363061,E,0,0.708578467,0.948705663,0.689144533,"0.47359675
","0.68198144
"
tasn_new.c_tasn_new.c,ASN1_primitive_new,ASN1_primitive_new,0.993719763,B,1,0.699371696,0.954671801,0.739348657,"0.6734534
","0.67107034
"
tasn_enc.c_tasn_enc.c,asn1_set_seq_out,asn1_set_seq_out,0.949916895,D,1,0,0,0,"0
",0
asn1_gen.c_asn1_gen.c,asn1_str2type,asn1_str2type,0.823675999,C,1,0,0,0,"0
",0
tasn_dec.c_tasn_dec.c,asn1_template_ex_d2i,asn1_template_ex_d2i,0.985448977,C,1,0.81163317,0.990784453,0.841704427,"0.8172793
","0.8994945
"
tasn_enc.c_tasn_enc.c,asn1_template_ex_i2d,asn1_template_ex_i2d,0.944843896,D,1,0.981211126,0.974349794,0.622424367,"0.9416348
","0.9182011
"
tasn_dec.c_tasn_dec.c,asn1_template_noexp_d2i,asn1_template_ex_d2i,0.813868522,E,0,0.877349615,0.968739074,0.556222379,"0.91554826
","0.93505055
"
tasn_dec.c_tasn_dec.c,asn1_template_noexp_d2i,asn1_template_noexp_d2i,0.972019753,C,1,0.992978692,0.991612061,0.703590049,"0.9672136
","0.8669364
"
bio_b64.c_base64_bio.c,b64_read,b64_read,0.83452139,D,1,0,0.988709562,0,"0.872772
",0
bn_div.c_div.c,BN_div,BN_div,0.841672508,E,0,0.992920816,0.920384775,0.67468017,"0.9541694
","0.90819085
"
bn_mont.c_montgomery.c,BN_from_montgomery_word,BN_from_montgomery_word,0.922327523,A,1,0.444391847,0.883536601,0.438850835,"0.9001892
","0.8446544
"
bn_prime.c_prime.c,BN_is_prime_fasttest_ex,BN_is_prime_fasttest_ex,0.946286053,D,1,0.998615026,0.910400153,0.661369117,"0.98649687
","0.8077226
"
bn_exp.c_exponentiation.c,BN_mod_exp_mont,BN_mod_exp_mont,0.946759968,E,1,0.995796561,0.91531739,0.727741611,"0.9551493
","0.8734941
"
bn_exp.c_exponentiation.c,BN_mod_exp_mont_consttime,BN_mod_exp_mont_consttime,0.862111948,E,1,0.99750495,0.975188322,0.637417843,"0
","0.87455946
"
bn_exp.c_exponentiation.c,BN_mod_exp_mont_word,BN_mod_exp_mont,0.829903135,E,0,0.998017788,0.906924996,0.569444906,"0.95993614
","0.72972715
"
bn_exp.c_exponentiation.c,BN_mod_exp_recp,mod_exp_recp,0.962441774,E,1,0.997411549,0.88996838,0.752988563,"0.9046323
","0.9221429
"
bn_exp2.c_exponentiation.c,BN_mod_exp2_mont,BN_mod_exp_mont,0.942109319,E,0,0.994825959,0.968540854,0.652953204,"0.98291576
","0.90883
"
bn_gcd.c_sqrt.c,BN_mod_inverse,BN_mod_sqrt,0.854904411,E,0,0.999338329,0.967260951,0.649223585,"0
","0.81252426
"
bn_sqrt.c_sqrt.c,BN_mod_sqrt,BN_mod_sqrt,0.955396874,D,1,0.997304499,0.96826368,0.775912911,"0
","0.75710833
"
a_bitstr.c_a_bitstr.c,c2i_ASN1_BIT_STRING,c2i_ASN1_BIT_STRING,0.946214694,E,1,0.05987614,0.979354172,0.713135514,"0.9381266
","0.8239692
"
a_bitstr.c_a_int.c,c2i_ASN1_BIT_STRING,c2i_ASN1_INTEGER,0.930979694,E,0,-0.05484077,0.947770265,0.449573521,"0.88104016
","0.70294875
"
a_bitstr.c_a_int.c,c2i_ASN1_BIT_STRING,d2i_ASN1_UINTEGER,0.916792355,E,0,0.039560556,0.970829115,0.624703251,"0.73215646
","0.7821516
"
a_int.c_a_bitstr.c,c2i_ASN1_INTEGER,c2i_ASN1_BIT_STRING,0.889198346,E,0,0.930920124,0.949064442,0.515421424,"0.95440257
","0.71520275
"
a_int.c_a_int.c,c2i_ASN1_INTEGER,c2i_ASN1_INTEGER,0.939361923,C,1,0.985499501,0.991066715,0.641088535,"0.93947095
","0.8422107
"
a_int.c_a_int.c,c2i_ASN1_INTEGER,d2i_ASN1_UINTEGER,0.913990909,E,0,0.969198644,0.963925955,0.46692539,"0.8130445
","0.7479233
"
a_object.c_a_object.c,c2i_ASN1_OBJECT,c2i_ASN1_OBJECT,0.951890072,D,1,0.9900859,0.97323242,0.681003873,"0.7868207
","0.8505302
"
c_cfb64.c_cast.c,CAST_cfb64_encrypt,CAST_cfb64_encrypt,0.962430814,A,1,0,0.961852289,0,"0.8966816
",0
c_ofb64.c_cast.c,CAST_ofb64_encrypt,CAST_cfb64_encrypt,0.964867951,E,0,0,0.960974776,0,"0.9007981
",0
x509_vfy.c_x509_vfy.c,check_crl,check_crl,0.922036953,E,1,0.991330624,0.966838522,0.722701865,"0.71963656
","0.60829705
"
ec_mult.c_wnaf.c,compute_wNAF,compute_wNAF,0.854678897,C,1,0.990652263,0.935818213,0.724243044,"0.95562714
","0.7163122
"
bss_conn.c_connect.c,conn_ctrl,conn_ctrl,0.914772982,E,1,0,0.151854133,0,"0.28554326
",0
bss_conn.c_connect.c,conn_state,conn_state,0.823878795,E,1,0,0.111285731,0,"0.49056834
",0
v3_alt.c_v3_alt.c,copy_email,copy_email,0.947021519,C,1,0.956287801,0.978015427,0.711668623,"0.479087
","0.76811737
"
x509_vfy.c_x509_vfy.c,crl_akid_check,crl_akid_check,0.950821987,D,1,0,0,0,"0
",0
x509_vfy.c_x509_vfy.c,crl_akid_check,get_crl_score,0.80867942,E,0,0,0,0,"0
",0
x_crl.c_x_crl.c,crl_cb,crl_cb,0.974177617,B,1,0.991992652,0.909692078,0.568065565,"0.82357913
","0.72125787
"
x_crl.c_x_crl.c,crl_set_issuers,crl_set_issuers,0.976088075,A,1,0,0,0,"0
",0
cbc128.c_cbc.c,CRYPTO_cbc128_decrypt,CRYPTO_cbc128_decrypt,0.937514684,D,1,0.981803,0.954117954,0.556181559,"0.9167666
","0.6091808
"
cbc128.c_cfb.c,CRYPTO_cbc128_decrypt,CRYPTO_cfb128_encrypt,0.849775853,E,0,0.988130093,0.968147197,0.574637778,"0.957913
","0.577757
"
cbc128.c_ctr.c,CRYPTO_cbc128_decrypt,CRYPTO_ctr128_encrypt,0.86266203,E,0,0.972786963,0.944592147,0.47337532,"0.9759676
","0.5340914
"
cbc128.c_ofb.c,CRYPTO_cbc128_decrypt,CRYPTO_ofb128_encrypt,0.839798619,E,0,0.91802448,0.960173406,0.476845186,"0.95960325
","0.56812394
"
ctr128.c_ctr.c,CRYPTO_ctr128_encrypt_ctr32,CRYPTO_ctr128_encrypt_ctr32,0.849741316,C,1,0.983816564,0.970158109,0.569152695,"0.9201908
","0.56992495
"
gcm128.c_gcm.c,CRYPTO_gcm128_aad,CRYPTO_gcm128_aad,0.99469912,E,1,0.937889218,0.963686818,0.550494641,"0.77546734
","0.7623981
"
gcm128.c_gcm.c,CRYPTO_gcm128_aad,CRYPTO_gcm128_decrypt,0.866553332,E,0,0.947912514,0.956231994,0.469884703,"0.78301865
","0.6003217
"
gcm128.c_gcm.c,CRYPTO_gcm128_aad,CRYPTO_gcm128_decrypt_ctr32,0.843199106,E,0,0.869383156,0.924695779,0.499026333,"0.7150079
","0.58315665
"
gcm128.c_gcm.c,CRYPTO_gcm128_aad,CRYPTO_gcm128_encrypt,0.865455856,E,0,0.967132449,0.955652479,0.469084358,"0.7679942
","0.5509278
"
gcm128.c_gcm.c,CRYPTO_gcm128_aad,CRYPTO_gcm128_encrypt_ctr32,0.877847112,E,0,0.937855959,0.92438846,0.500451899,"0.767854
","0.5781436
"
gcm128.c_gcm.c,CRYPTO_gcm128_aad,CRYPTO_gcm128_setiv,0.855629951,E,0,-0.088124238,0.890961582,0.427451654,"0.7963731
","0.6672172
"
gcm128.c_gcm.c,CRYPTO_gcm128_decrypt_ctr32,CRYPTO_gcm128_aad,0.863723283,E,0,0.94123584,0.992953981,0.676400053,"0.90538114
","0.7847007
"
gcm128.c_gcm.c,CRYPTO_gcm128_decrypt_ctr32,CRYPTO_gcm128_decrypt,0.87651183,E,0,0.933543801,0.974465449,0.570173647,"0.936101
","0.8440011
"
gcm128.c_gcm.c,CRYPTO_gcm128_decrypt_ctr32,CRYPTO_gcm128_decrypt_ctr32,0.911124195,E,1,0.930397928,0.973128796,0.630586332,"0.9034721
","0.8490863
"
gcm128.c_gcm.c,CRYPTO_gcm128_decrypt_ctr32,CRYPTO_gcm128_encrypt,0.87208067,E,0,0.914804876,0.973241907,0.570816082,"0.93485427
","0.7877904
"
gcm128.c_gcm.c,CRYPTO_gcm128_decrypt_ctr32,CRYPTO_gcm128_encrypt_ctr32,0.91958886,E,0,0.938990653,0.972815903,0.632791812,"0.935243
","0.82572085
"
gcm128.c_gcm.c,CRYPTO_gcm128_encrypt_ctr32,CRYPTO_gcm128_aad,0.871424187,E,0,0.962262869,0.990361904,0.68817567,"0.8472887
","0.8622356
"
gcm128.c_gcm.c,CRYPTO_gcm128_encrypt_ctr32,CRYPTO_gcm128_decrypt,0.875934539,E,0,0.965570986,0.973125937,0.557846306,"0.8733947
","0.8416662
"
gcm128.c_gcm.c,CRYPTO_gcm128_encrypt_ctr32,CRYPTO_gcm128_decrypt_ctr32,0.909628834,E,0,0.886407673,0.974017172,0.618388912,"0.8163485
","0.82204384
"
gcm128.c_gcm.c,CRYPTO_gcm128_encrypt_ctr32,CRYPTO_gcm128_encrypt,0.873576574,E,0,0.981588364,0.974660575,0.558201764,"0.86454237
","0.78691864
"
gcm128.c_gcm.c,CRYPTO_gcm128_encrypt_ctr32,CRYPTO_gcm128_encrypt_ctr32,0.921774014,E,1,0.948448658,0.97387958,0.620297497,"0.86284274
","0.83590657
"
gcm128.c_gcm.c,CRYPTO_gcm128_setiv,CRYPTO_gcm128_aad,0.857738933,E,0,0.923155367,0.980203658,0.580145021,"0.74321455
","0.71557415
"
gcm128.c_gcm.c,CRYPTO_gcm128_setiv,CRYPTO_gcm128_decrypt,0.821117008,E,0,0.932828486,0.96527463,0.52613033,"0.759088
","0.7079683
"
gcm128.c_gcm.c,CRYPTO_gcm128_setiv,CRYPTO_gcm128_encrypt,0.820166372,E,0,0.910802245,0.95792673,0.524487371,"0.7406693
","0.67154455
"
gcm128.c_gcm.c,CRYPTO_gcm128_setiv,CRYPTO_gcm128_encrypt_ctr32,0.801623052,E,0,0.914517522,0.975793524,0.552112608,"0.72024053
","0.6626274
"
gcm128.c_gcm.c,CRYPTO_gcm128_setiv,CRYPTO_gcm128_setiv,0.93615422,E,1,0.248025656,0.970308284,0.502386807,"0.7739536
","0.64408416
"
xts128.c_xts.c,CRYPTO_xts128_encrypt,CRYPTO_xts128_encrypt,0.946559424,E,1,0,0.966416545,0,"0.96652144
",0
a_bytes.c_a_bitstr.c,d2i_ASN1_bytes,c2i_ASN1_BIT_STRING,0.883912671,E,0,0.902728021,0.954594595,0.478585697,"0.656888
","0.5389253
"
a_bytes.c_a_int.c,d2i_ASN1_bytes,c2i_ASN1_INTEGER,0.836034289,E,0,0.977833807,0.989057405,0.557846751,"0.7463166
","0.7005759
"
a_bytes.c_a_int.c,d2i_ASN1_bytes,d2i_ASN1_UINTEGER,0.827989765,E,0,0.952316403,0.96954176,0.416871848,"0.8735352
","0.6670671
"
a_bytes.c_a_int.c,d2i_ASN1_type_bytes,c2i_ASN1_INTEGER,0.821282898,E,0,0.977299988,0.957205685,0.464645475,"0.65855724
","0.51871157
"
a_bytes.c_a_int.c,d2i_ASN1_type_bytes,d2i_ASN1_UINTEGER,0.821769617,E,0,0.95771867,0.979695592,0.769267243,"0.6591473
","0.69515884
"
a_int.c_a_bitstr.c,d2i_ASN1_UINTEGER,c2i_ASN1_BIT_STRING,0.890451906,E,0,0.964902461,0.984205156,0.675514368,"0.58112967
","0.8205731
"
a_int.c_a_int.c,d2i_ASN1_UINTEGER,c2i_ASN1_INTEGER,0.92328741,E,0,0.978255272,0.977447391,0.509173606,"0.6855594
","0.58063674
"
a_int.c_a_int.c,d2i_ASN1_UINTEGER,d2i_ASN1_UINTEGER,0.927211695,C,1,0.967968225,0.986484163,0.731525593,"0.8576653
","0.81375575
"
pem_pk8.c_pem_pk8.c,d2i_PKCS8PrivateKey_bio,d2i_PKCS8PrivateKey_bio,0.892573921,D,1,0.501911223,0.964528532,0.820415831,"0.55886674
","0.6803289
"
des_enc.c_cfb64ede.c,DES_ede3_cbc_encrypt,DES_ede3_cfb_encrypt,0.808334505,E,0,0,0.9575105,0,"0.85647637
",0
cfb64ede.c_cfb64ede.c,DES_ede3_cfb_encrypt,DES_ede3_cfb_encrypt,0.892809173,C,1,0,0.923501485,0,"0.9239751
",0
a_strex.c_a_strex.c,do_buf,do_buf,0.954758799,A,1,0.991171479,0.816883129,0.705507332,"0.85592073
","0.8197441
"
v3_conf.c_v3_conf.c,do_ext_nconf,do_ext_nconf,0.978056743,D,1,0.962053955,0.985789345,0.773799455,"0.13462901
","0.8891975
"
a_strex.c_a_strex.c,do_name_ex,do_name_ex,0.959574275,A,1,0.995731592,0.890104381,0.629330676,"0.9617631
","0.84163797
"
v3_alt.c_v3_alt.c,do_othername,do_othername,0.989517667,B,1,0,0,0,"0
",0
pem_pk8.c_pem_pk8.c,do_pk8pkey,do_pk8pkey,0.915760884,D,1,0.842020214,0.985184376,0.830037669,"0.8415366
","0.9008622
"
a_strex.c_a_strex.c,do_print_ex,do_print_ex,0.904846227,A,1,0.988437116,0.945952019,0.552024572,"0.9435455
","0.8105132
"
dsa_gen.c_dsa.c,dsa_builtin_paramgen,DSA_generate_parameters_ex,0.92236827,E,1,0.99736613,0.957861912,0.641816394,"0.9640299
","0.91586393
"
dsa_ossl.c_dsa.c,dsa_do_sign,DSA_do_sign,0.925664851,B,1,0,0.927675257,0.675915745,"0.9031607
","0.81819046
"
dsa_ossl.c_dsa.c,dsa_do_verify,DSA_do_check_signature,0.811538857,E,1,0,0.971514973,0.785852772,"0.52394724
","0.8378194
"
d1_srvr.c_ssl_session.c,dtls1_send_newsession_ticket,ssl_encrypt_ticket,0.821098657,E,0,0.114215054,0.947821114,0.598972519,"0.6482061
","0.6538573
"
ec2_smpl.c_simple.c,ec_GF2m_simple_add,ec_GFp_simple_add,0.837056222,E,0,0.997880578,0.938380353,0.70215401,"0.60661685
","0.7768387
"
ec2_smpl.c_simple.c,ec_GF2m_simple_add,ec_GFp_simple_cmp,0.816026087,E,0,0.993259311,0.975704092,0.710747476,"0.5736249
","0.876909
"
ec2_smpl.c_simple.c,ec_GF2m_simple_add,ec_GFp_simple_dbl,0.804624874,E,0,0.997366786,0.969185699,0.735494894,"0.61064005
","0.81047875
"
ec2_smpl.c_simple.c,ec_GF2m_simple_add,ec_GFp_simple_is_on_curve,0.804640912,E,0,0.987578154,0.975292499,0.709518105,"0.57804966
","0.8127494
"
ec2_smpl.c_oct.c,ec_GF2m_simple_add,ec_GFp_simple_oct2point,0.854990916,E,0,0.982259512,0.97878291,0.649073997,"0.63421166
","0.7625559
"
ec2_smpl.c_oct.c,ec_GF2m_simple_add,ec_GFp_simple_point2oct,0.850077332,E,0,0.989626527,0.977154062,0.648404967,"0.5740749
","0.6125767
"
ec2_smpl.c_oct.c,ec_GF2m_simple_add,ec_GFp_simple_set_compressed_coordinates,0.806989676,E,0,0.997943103,0.974800569,0.730473049,"0.61542517
","0.8252726
"
ec2_smpl.c_simple.c,ec_GF2m_simple_is_on_curve,ec_GFp_simple_add,0.856338043,E,0,0.480353177,0.947005699,0.558607649,"0.84386533
","0.6413875
"
ec2_smpl.c_simple.c,ec_GF2m_simple_is_on_curve,ec_GFp_simple_cmp,0.905168551,E,0,0.526095212,0.979548145,0.635169393,"0.85768366
","0.8260841
"
ec2_smpl.c_simple.c,ec_GF2m_simple_is_on_curve,ec_GFp_simple_dbl,0.874841125,E,0,0.493128926,0.976428074,0.564797959,"0.8631768
","0.7888783
"
ec2_smpl.c_simple.c,ec_GF2m_simple_is_on_curve,ec_GFp_simple_is_on_curve,0.94437102,E,0,0.520052671,0.981122218,0.646380216,"0.8457472
","0.8559863
"
ec2_oct.c_simple.c,ec_GF2m_simple_oct2point,ec_GFp_simple_cmp,0.803914863,E,0,0.992121458,0.985642497,0.766571782,"0.837897
","0.3698325
"
ec2_oct.c_simple.c,ec_GF2m_simple_oct2point,ec_GFp_simple_is_on_curve,0.802472287,E,0,0.992074668,0.981237312,0.750478581,"0.85056615
","0.19415796
"
ec2_oct.c_oct.c,ec_GF2m_simple_oct2point,ec_GFp_simple_oct2point,0.936989911,E,0,0.987612963,0.984947112,0.751647487,"0.9136819
","0.83215874
"
ec2_oct.c_oct.c,ec_GF2m_simple_oct2point,ec_GFp_simple_point2oct,0.898035746,E,0,0.986406803,0.988748625,0.750668473,"0.95960957
","0.835922
"
ec2_oct.c_oct.c,ec_GF2m_simple_oct2point,ec_GFp_simple_set_compressed_coordinates,0.812101183,E,0,0.99115181,0.982989918,0.724934286,"0.8732474
","0.41295904
"
ec2_oct.c_oct.c,ec_GF2m_simple_point2oct,ec_GFp_simple_oct2point,0.835226394,E,0,0.992609501,0.97813747,0.737719262,"0.7220069
","0.8675784
"
ec2_oct.c_oct.c,ec_GF2m_simple_point2oct,ec_GFp_simple_point2oct,0.886386808,E,0,0.991510332,0.985042854,0.736370828,"0.72271436
","0.8423165
"
ec2_oct.c_simple.c,ec_GF2m_simple_set_compressed_coordinates,ec_GFp_simple_is_on_curve,0.809634806,E,0,0.978711426,0.967249025,0.710425455,"0.8978916
","0.8025317
"
ec2_oct.c_oct.c,ec_GF2m_simple_set_compressed_coordinates,ec_GFp_simple_oct2point,0.873712378,E,0,0.970963717,0.975524691,0.704827253,"0.94431764
","0.7389517
"
ec2_oct.c_oct.c,ec_GF2m_simple_set_compressed_coordinates,ec_GFp_simple_point2oct,0.870282795,E,0,0.980335116,0.983161935,0.695121177,"0.88485986
","0.55955666
"
ec2_oct.c_oct.c,ec_GF2m_simple_set_compressed_coordinates,ec_GFp_simple_set_compressed_coordinates,0.828909468,E,0,0.971683919,0.97002526,0.618601154,"0.9289752
","0.7833218
"
ecp_smpl.c_simple.c,ec_GFp_simple_add,ec_GFp_simple_add,0.981501688,D,1,0.997007608,0.937719725,0.727453231,"0.8387135
","0.83175176
"
ecp_smpl.c_simple.c,ec_GFp_simple_add,ec_GFp_simple_cmp,0.903398783,E,0,0.986143529,0.927973959,0.628572754,"0.8438354
","0.87383723
"
ecp_smpl.c_simple.c,ec_GFp_simple_add,ec_GFp_simple_dbl,0.912952898,E,0,0.988942325,0.926863155,0.67078368,"0.8449276
","0.8619543
"
ecp_smpl.c_simple.c,ec_GFp_simple_add,ec_GFp_simple_is_on_curve,0.931043351,E,0,0.973607361,0.908763327,0.621009606,"0.8323956
","0.84734166
"
ecp_smpl.c_simple.c,ec_GFp_simple_cmp,ec_GFp_simple_add,0.914395641,E,0,0.97070694,0.937079468,0.625635785,"0.8963546
","0.70645523
"
ecp_smpl.c_simple.c,ec_GFp_simple_cmp,ec_GFp_simple_cmp,0.960803966,D,1,0.985672414,0.986782174,0.759927114,"0.89324933
","0.87173283
"
ecp_smpl.c_simple.c,ec_GFp_simple_cmp,ec_GFp_simple_dbl,0.905192698,E,0,0.98187989,0.975099896,0.63190391,"0.9017207
","0.8248487
"
ecp_smpl.c_simple.c,ec_GFp_simple_cmp,ec_GFp_simple_is_on_curve,0.965351556,E,0,0.988783419,0.984024338,0.755129944,"0.89152443
","0.8577151
"
ecp_smpl.c_simple.c,ec_GFp_simple_dbl,ec_GFp_simple_add,0.905104603,E,0,0.985186517,0.955335612,0.633738102,"0.81878316
","0.8560247
"
ecp_smpl.c_simple.c,ec_GFp_simple_dbl,ec_GFp_simple_cmp,0.886765763,E,0,0.984243453,0.959390027,0.7024833,"0.80537903
","0.8925081
"
ecp_smpl.c_simple.c,ec_GFp_simple_dbl,ec_GFp_simple_dbl,0.984231868,D,1,0.980141103,0.963135071,0.68488089,"0.821949
","0.90582013
"
ecp_smpl.c_simple.c,ec_GFp_simple_dbl,ec_GFp_simple_is_on_curve,0.945016223,E,0,0.97084856,0.956951687,0.711955196,"0.8022825
","0.90918416
"
ecp_smpl.c_oct.c,ec_GFp_simple_group_set_curve,ec_GFp_simple_oct2point,0.851743459,E,0,0.949136078,0.979246973,0.683976567,"0.5709489
","0.72324675
"
ecp_smpl.c_oct.c,ec_GFp_simple_group_set_curve,ec_GFp_simple_point2oct,0.847803311,E,0,0.942416728,0.978035923,0.674584403,"0.5503882
","0.56163067
"
ecp_smpl.c_oct.c,ec_GFp_simple_group_set_curve,ec_GFp_simple_set_compressed_coordinates,0.836830432,E,0,0.934390664,0.975488052,0.596845338,"0.57408065
","0.8938118
"
ecp_smpl.c_simple.c,ec_GFp_simple_is_on_curve,ec_GFp_simple_add,0.913381015,E,0,0.986733258,0.946534446,0.63052716,"0.88343984
","0.7558057
"
ecp_smpl.c_simple.c,ec_GFp_simple_is_on_curve,ec_GFp_simple_cmp,0.930303759,E,0,0.992390394,0.980192666,0.730909951,"0.8751331
","0.9058279
"
ecp_smpl.c_simple.c,ec_GFp_simple_is_on_curve,ec_GFp_simple_dbl,0.933553477,E,0,0.994209468,0.978282866,0.646732502,"0.8849982
","0.8390086
"
ecp_smpl.c_simple.c,ec_GFp_simple_is_on_curve,ec_GFp_simple_is_on_curve,0.981851961,D,1,0.996308267,0.984198174,0.760340775,"0.8719043
","0.8687343
"
ecp_oct.c_oct.c,ec_GFp_simple_oct2point,ec_GFp_simple_oct2point,0.938631352,D,1,0.995298386,0.980239304,0.767607601,"0.77150375
","0.817008
"
ecp_oct.c_oct.c,ec_GFp_simple_oct2point,ec_GFp_simple_point2oct,0.899383156,E,0,0.985407352,0.988079299,0.76205613,"0.8250831
","0.8114398
"
ecp_oct.c_oct.c,ec_GFp_simple_oct2point,ec_GFp_simple_set_compressed_coordinates,0.808794916,E,0,0.989797533,0.980195983,0.707929296,"0.74511033
","0.55561006
"
ecp_smpl.c_oct.c,ec_GFp_simple_point_get_affine_coordinates,ec_GFp_simple_set_compressed_coordinates,0.908083763,E,0,0.993201435,0.960474011,0.635960699,"0.92601407
","0.8571909
"
ecp_oct.c_oct.c,ec_GFp_simple_point2oct,ec_GFp_simple_oct2point,0.834605182,E,0,0.991215229,0.983403446,0.747317795,"0.7236326
","0.8612529
"
ecp_oct.c_oct.c,ec_GFp_simple_point2oct,ec_GFp_simple_point2oct,0.886554526,E,0,0.991589069,0.989020351,0.747178821,"0.729839
","0.82934016
"
ecp_smpl.c_simple.c,ec_GFp_simple_points_make_affine,ec_GFp_simple_points_make_affine,0.913516379,E,0,0.998422444,0.984449012,0.634449733,"0.88282716
","0.63136786
"
ecp_oct.c_simple.c,ec_GFp_simple_set_compressed_coordinates,ec_GFp_simple_is_on_curve,0.818802813,E,0,0.992859423,0.914307091,0.724842533,"0.86620754
","0.8341325
"
ecp_oct.c_oct.c,ec_GFp_simple_set_compressed_coordinates,ec_GFp_simple_oct2point,0.839996215,E,0,0.991703153,0.933012606,0.655773061,"0.9402996
","0.7239861
"
ecp_oct.c_oct.c,ec_GFp_simple_set_compressed_coordinates,ec_GFp_simple_point2oct,0.834333085,E,0,0.988649368,0.971878231,0.659037865,"0.89776003
","0.5617637
"
ecp_oct.c_oct.c,ec_GFp_simple_set_compressed_coordinates,ec_GFp_simple_set_compressed_coordinates,0.91939174,E,1,0.996410906,0.93801334,0.734916971,"0.9101057
","0.8328153
"
ecp_smpl.c_oct.c,ec_GFp_simple_set_Jprojective_coordinates_GFp,ec_GFp_simple_oct2point,0.811007369,E,0,0.974952459,0.951018332,0.635582709,"0.78977835
","0.61866426
"
ecp_smpl.c_oct.c,ec_GFp_simple_set_Jprojective_coordinates_GFp,ec_GFp_simple_point2oct,0.805388182,E,0,0.965493619,0.977133271,0.622470702,"0.7007229
","0.49047396
"
ecp_smpl.c_oct.c,ec_GFp_simple_set_Jprojective_coordinates_GFp,ec_GFp_simple_set_compressed_coordinates,0.827491842,E,0,0.960966945,0.952865711,0.547190038,"0.8455973
","0.68432033
"
ec_mult.c_wnaf.c,ec_wNAF_mul,ec_wNAF_mul,0.885920938,E,1,0.994063675,0.959800234,0.579672526,"0
","0.84206927
"
ech_ossl.c_ecdh.c,ecdh_compute_key,ECDH_compute_key,0.925065208,E,0,0,0.933253595,0.709796476,"0.75241345
","0.83310527
"
ecs_ossl.c_ecdsa.c,ecdsa_do_verify,ECDSA_do_verify,0.81161188,E,0,0,0.964340266,0.701829095,"0.7095012
","0.81279355
"
ecs_ossl.c_ecdsa.c,ecdsa_sign_setup,ecdsa_sign_setup,0.858180508,E,1,0,0.941759072,0.679369913,"0.8498382
","0.73143774
"
bss_file.c_file.c,file_ctrl,file_ctrl,0.951299083,D,1,0.994225621,0.789409142,0.746559961,"0.84925264
","0.6018775
"
by_dir.c_by_dir.c,get_cert_by_subject,get_cert_by_subject,0.929760371,E,1,0.994698167,0.850426297,0.665125573,"0.9236246
","0.8764938
"
x509_vfy.c_x509_vfy.c,get_crl_score,get_crl_score,0.998737593,A,1,0,0,0,"0
",0
x509_vfy.c_x509_vfy.c,get_crl_sk,get_crl_sk,0.927780827,D,1,0.909302235,0.259833622,0.445179262,"0.94995666
","0.8132207
"
x509_vfy.c_x509_vfy.c,get_delta_sk,get_delta_sk,0.992041471,C,1,0,0,0,"0
",0
hmac.c_hmac.c,HMAC_Init_ex,HMAC_Init_ex,0.925637728,E,1,0.978378177,0.94013612,0.559153472,"0.7891532
","0.7373537
"
v3_info.c_v3_info.c,i2v_AUTHORITY_INFO_ACCESS,i2v_AUTHORITY_INFO_ACCESS,0.948055254,C,1,0.44914332,0.970044328,0.783739418,"0.58254373
","0.7929182
"
v3_alt.c_v3_alt.c,i2v_GENERAL_NAME,i2v_GENERAL_NAME,0.934908351,A,1,0.950559616,0.946877375,0.784738356,"0.62875754
","0.849175
"
x509_vfy.c_x509_vfy.c,internal_verify,internal_verify,0.925996715,D,1,0.981394589,0.979197074,0.594384023,"0.57918304
","0.8579131
"
pcy_node.c_pcy_node.c,level_add_node,level_add_node,0.965596659,A,1,0.506084025,0.983134343,0.681932246,"0.49631602
","0.792041
"
x_long.c_x_long.c,long_i2c,long_i2c,0.995683777,C,1,0,0.943858672,0,"0.9520978
",0
v3_ncons.c_v3_ncons.c,NAME_CONSTRAINTS_check,NAME_CONSTRAINTS_check,0.941458551,E,1,0.470184028,0.963228466,0.751627268,"0.44416097
","0.9082089
"
v3_cpols.c_v3_cpols.c,notice_section,notice_section,0.938981838,C,1,0,0,0,"0
",0
pem_lib.c_pem_lib.c,PEM_ASN1_write_bio,PEM_ASN1_write_bio,0.893876573,D,1,0.985485971,0.975407794,0.733584392,"0.8767023
","0.76855004
"
pem_lib.c_pem_lib.c,PEM_do_header,PEM_do_header,0.898461395,D,1,0.83740443,0.987671866,0.861051943,"0.9331235
","0.8407824
"
pem_lib.c_pem_lib.c,PEM_read_bio,PEM_read_bio,0.840727025,C,1,0.997496188,0.967596314,0.698992688,"0.8424982
","0.97397906
"
pem_pkey.c_pem_pkey.c,PEM_read_bio_PrivateKey,PEM_read_bio_PrivateKey,0.895127318,E,1,0.985598624,0.955280707,0.729858972,"0.75597364
","0.8278028
"
pem_info.c_pem_info.c,PEM_X509_INFO_read_bio,PEM_X509_INFO_read_bio,0.954875746,C,1,0.997042239,0.842813084,0.652429554,"0.9122126
","0.908452
"
pem_info.c_pem_info.c,PEM_X509_INFO_write_bio,PEM_X509_INFO_write_bio,0.9606772,E,1,0.897210538,0.97982213,0.72397373,"0.71144736
","0.86659724
"
p5_crpt2.c_pbkdf.c,PKCS5_PBKDF2_HMAC,PKCS5_PBKDF2_HMAC,0.907823959,E,1,0.96805495,0.96491405,0.641502458,"0.97766066
","0.8691853
"
p5_crpt2.c_t1_enc.c,PKCS5_PBKDF2_HMAC,tls1_P_hash,0.806980122,E,0,0.972080052,0.968775062,0.57410931,"0.93336535
","0.8990704
"
rsa_pmeth.c_p_rsa.c,pkey_rsa_ctrl,pkey_rsa_ctrl,0.859270768,D,1,0.994921982,0.360681504,0.696661501,"0.25243464
","0.72207403
"
rsa_pmeth.c_p_rsa.c,pkey_rsa_sign,pkey_rsa_sign,0.867270041,E,1,0.928481877,0.958446039,0.800937853,"0.86576426
","0.8478417
"
pcy_cache.c_pcy_cache.c,policy_cache_create,policy_cache_create,0.986799241,C,1,0,0,0,"0
",0
pcy_cache.c_pcy_cache.c,policy_cache_new,policy_cache_new,0.991294435,A,1,0,0,0,"0
",0
pcy_map.c_pcy_map.c,policy_cache_set_mapping,policy_cache_set_mapping,0.994470138,A,1,0.051973347,0.973819217,0.745493847,"0.6109536
","0.7558771
"
v3_cpols.c_v3_cpols.c,policy_section,policy_section,0.93620441,D,1,0,0,0,"0
",0
v3_cpols.c_v3_cpols.c,r2i_certpol,r2i_certpol,0.938061177,D,1,0.948248148,0.749619425,0.5290901,"0.73892456
","0.8328929
"
v3_pci.c_v3_pci.c,r2i_pci,r2i_pci,0.899964966,E,1,0.991327703,0.949925177,0.808927172,"0.7899837
","0.80859774
"
rc2_skey.c_e_rc2.c,RC2_set_key,RC2_set_key,0.892262703,A,1,0.782621026,0.917506436,0.515033542,"0.9484431
","0.7659842
"
rsa_gen.c_rsa_impl.c,rsa_builtin_keygen,rsa_default_multi_prime_keygen,0.819131516,E,0,0,0,0,"0
",0
rsa_eay.c_rsa_impl.c,RSA_eay_public_decrypt,RSA_verify_raw,0.823796063,E,0,0.983300924,0.9570816,0.655856257,"0.6757014
","0.79658145
"
rsa_eay.c_rsa_impl.c,RSA_eay_public_encrypt,rsa_default_encrypt,0.860860225,E,0,0.990155637,0.920775277,0.714482563,"0.30714366
","0.8604071
"
rsa_eay.c_rsa_impl.c,RSA_eay_public_encrypt,RSA_verify_raw,0.86172959,E,0,0.990126669,0.967790454,0.69462935,"0.34016326
","0.8452654
"
rsa_ameth.c_rsa_pss.c,rsa_item_verify,x509_rsa_pss_to_ctx,0.834765403,E,0,0.661558986,0.97325516,0.666306455,"0.67475396
","0.5989582
"
rsa_pss.c_padding.c,RSA_padding_add_PKCS1_PSS_mgf1,RSA_padding_add_PKCS1_PSS_mgf1,0.8854229,E,1,0.992854118,0.941030403,0.570135896,"0.970095
","0.8389656
"
rsa_pss.c_padding.c,RSA_padding_add_PKCS1_PSS_mgf1,RSA_verify_PKCS1_PSS_mgf1,0.940383891,E,0,0.998009324,0.936626909,0.643854541,"0.97298115
","0.92194724
"
rsa_pss.c_padding.c,RSA_verify_PKCS1_PSS_mgf1,RSA_padding_add_PKCS1_PSS_mgf1,0.86480806,E,0,0.990670502,0.959858666,0.569069762,"0.96972823
","0.8213541
"
rsa_pss.c_padding.c,RSA_verify_PKCS1_PSS_mgf1,RSA_verify_PKCS1_PSS_mgf1,0.940310451,D,1,0.990849078,0.948646716,0.64918611,"0.97057724
","0.9094268
"
v3_skey.c_v3_skey.c,s2i_skey_id,s2i_skey_id,0.972570659,C,1,0.953452408,0.970094965,0.839701361,"0.5483428
","0.87635106
"
v3_crld.c_v3_crld.c,set_dist_point_name,set_dist_point_name,0.981960531,C,1,0.95337218,0.967828541,0.754356485,"0.48209056
","0.91107607
"
v3_purp.c_v3_purp.c,setup_dp,setup_dp,0.934738572,A,1,0,0,0,"0
",0
d1_srtp.c_t1_lib.c,ssl_add_clienthello_use_srtp_ext,ext_srtp_parse_clienthello,0.849723343,E,0,0.758547366,0.950059857,0.633243137,"0.7314963
","0.4233334
"
d1_srtp.c_t1_lib.c,ssl_add_clienthello_use_srtp_ext,ext_srtp_parse_serverhello,0.852658056,E,0,0.059406966,0.934989505,0.650735706,"0.80179125
","0.5953901
"
d1_srtp.c_t1_lib.c,ssl_parse_clienthello_use_srtp_ext,ext_srtp_parse_clienthello,0.837181129,E,0,0.829313219,0.935249503,0.538863984,"0.78513354
","0.3996889
"
d1_srtp.c_t1_lib.c,ssl_parse_clienthello_use_srtp_ext,ext_srtp_parse_serverhello,0.839458709,E,0,-0.047895089,0.901025056,0.543963062,"0.7856282
","0.57594496
"
d1_srtp.c_t1_lib.c,ssl_parse_serverhello_use_srtp_ext,ext_srtp_parse_clienthello,0.824388357,E,0,0.778754115,0.968450403,0.577963446,"0.31587684
","0.34597513
"
d1_srtp.c_t1_lib.c,ssl_parse_serverhello_use_srtp_ext,ext_srtp_parse_serverhello,0.827554311,E,0,0.167834625,0.969651722,0.65502906,"0.4337037
","0.5270306
"
ssl_cert.c_ssl_cert.c,ssl_verify_cert_chain,ssl_verify_cert_chain,0.944937764,E,1,0.34330222,0.967061724,0.749953373,"0.25388753
","0.8337196
"
v3_sxnet.c_v3_sxnet.c,SXNET_add_id_INTEGER,SXNET_add_id_INTEGER,0.998551786,C,1,0.989350915,0.971436973,0.646108852,"0.7708066
","0.8811772
"
t1_lib.c_t1_lib.c,tls_decrypt_ticket,tls_process_ticket,0.831772563,E,0,0,0,0,"0
",0
pcy_tree.c_pcy_tree.c,tree_calculate_user_set,tree_calculate_user_set,0.993769614,A,1,0,0,0,"0
",0
pcy_tree.c_pcy_tree.c,tree_init,tree_init,0.979822079,C,1,0,0,0,"0
",0
pcy_tree.c_pcy_tree.c,tree_link_unmatched,tree_link_unmatched,0.991420789,A,1,0,0,0,"0
",0
v3_info.c_v3_info.c,v2i_AUTHORITY_INFO_ACCESS,v2i_AUTHORITY_INFO_ACCESS,0.925214213,C,1,0.79162544,0.982495926,0.785596021,"0.74437267
","0.7819467
"
v3_akey.c_v3_akey.c,v2i_AUTHORITY_KEYID,v2i_AUTHORITY_KEYID,0.936736814,E,1,0.995577753,0.977711205,0.743289652,"0.60823643
","0.86866367
"
v3_crld.c_v3_crld.c,v2i_crld,v2i_crld,0.97070504,C,1,0.95049274,0.978437037,0.641887104,"0.7567951
","0.7900827
"
v3_alt.c_v3_alt.c,v2i_issuer_alt,v2i_issuer_alt,0.952029991,C,1,0.069711745,0.976154909,0.593706533,"0.6352282
","0.6712971
"
v3_alt.c_v3_alt.c,v2i_issuer_alt,v2i_subject_alt,0.880891628,D,0,0.960186124,0.976718154,0.64983101,"0.65328276
","0.7749152
"
v3_ncons.c_v3_ncons.c,v2i_NAME_CONSTRAINTS,v2i_NAME_CONSTRAINTS,0.94913865,C,1,0.961146533,0.976761279,0.72839826,"0.6650324
","0.91229814
"
v3_pmaps.c_v3_pmaps.c,v2i_POLICY_MAPPINGS,v2i_POLICY_MAPPINGS,0.963368242,C,1,0.571710169,0.949738432,0.764556273,"0.5302289
","0.87408423
"
v3_alt.c_v3_alt.c,v2i_subject_alt,v2i_issuer_alt,0.881732338,D,0,0.239131466,0.989324951,0.700845806,"0.52881706
","0.76334643
"
v3_alt.c_v3_alt.c,v2i_subject_alt,v2i_subject_alt,0.949277397,C,1,0.84814477,0.970788436,0.763031163,"0.61769414
","0.8195163
"
v3_conf.c_v3_conf.c,v3_generic_extension,v3_generic_extension,0.980989715,C,1,0.766494572,0.957236879,0.811734345,"0.73739964
","0.8468127
"
x509_att.c_x509_att.c,X509_ATTRIBUTE_set1_data,X509_ATTRIBUTE_set1_data,0.931402962,C,1,0.744919658,0.987563607,0.752585575,"0.5393435
","0.88152844
"
x_x509.c_x_x509.c,x509_cb,x509_cb,0.923287897,D,1,0.678921163,0.625848207,0.58506418,"-0.13597956
","0.6663765
"
t_x509a.c_t_x509a.c,X509_CERT_AUX_print,X509_CERT_AUX_print,0.952817726,E,1,0.912884891,0.978968239,0.749281697,"0.6305599
","0.8032869
"
v3_purp.c_v3_purp.c,X509_check_akid,X509_check_akid,0.929155533,A,1,0.158440858,0.96409905,0.667503086,"0.5952249
","0.83202016
"
x509_vfy.c_x509_vfy.c,X509_cmp_time,X509_cmp_time,0.908704776,D,0,0.965478778,0.925596155,0.626428951,"0.9572445
","0.8374677
"
t_crl.c_t_crl.c,X509_CRL_print,X509_CRL_print,0.924913592,C,1,0,0.975547643,0,"0.1104077
",0
by_file.c_by_file.c,X509_load_cert_crl_file,X509_load_cert_crl_file,0.9641517,C,1,0.637129009,0.932906525,0.742627441,"0.8098921
","0.8270947
"
x_name.c_x_name.c,x509_name_canon,x509_name_canon,0.943722948,D,1,0.981189191,0.642790794,0.570886547,"0.850192
","0.8808371
"
x_name.c_x_name.c,x509_name_encode,x509_name_encode,0.972808118,C,1,0,0,0,"0
",0
x_name.c_x_name.c,x509_name_ex_d2i,x509_name_ex_d2i,0.923298203,D,1,0.912589848,0.975873987,0.715957796,"0.81469333
","0.6842392
"
x509_obj.c_x509_obj.c,X509_NAME_oneline,X509_NAME_oneline,0.944024184,D,1,0.997928977,0.953418543,0.639580385,"0.95544374
","0.8470318
"
x509_lu.c_x509_lu.c,x509_object_idx_cnt,x509_object_idx_cnt,0.988598433,D,1,0.364050031,0.941054146,0.768892424,"0.7942952
","0.8574899
"
t_x509.c_t_x509.c,X509_ocspid_print,X509_ocspid_print,0.851898393,A,1,-0.052785363,0.928991689,0.615040525,"0.5454561
","0.9240239
"
t_x509.c_t_x509.c,X509_print_ex,X509_print_ex,0.870383615,D,1,0.99603498,0.864474899,0.558007006,"0.73954904
","0.93168026
"
x509_req.c_x509_req.c,X509_REQ_add_extensions_nid,X509_REQ_add_extensions_nid,0.966653753,A,1,0.641752005,0.986669446,0.80559847,"0.73112655
","0.78853524
"
x509_req.c_x509_req.c,X509_REQ_get_extensions,X509_REQ_get_extensions,0.95189935,A,1,0.512588501,0.959890175,0.724537642,"0.82458806
","0.6646979
"
t_req.c_t_req.c,X509_REQ_print_ex,X509_REQ_print_ex,0.883899808,E,0,0,0.947012474,0,"0.85821927
",0
x509_r2x.c_x509_r2x.c,X509_REQ_to_X509,X509_REQ_to_X509,0.871582324,E,1,0,0.963380729,0,"0.25904676
",0
x509_lu.c_x509_lu.c,X509_STORE_CTX_get1_issuer,X509_STORE_CTX_get1_issuer,0.948474863,D,1,-0.180632964,0.981085744,0.694166944,"0.8253832
","0.5762847
"
x509_vfy.c_x509_vfy.c,X509_STORE_CTX_init,X509_STORE_CTX_init,0.951162507,D,1,0.187261641,0.774244142,0.530194106,"0.731157
","0.7549526
"
x509_lu.c_x509_lu.c,X509_STORE_get_by_subject,X509_STORE_get_by_subject,0.967360677,E,1,0.184581414,0.950750028,0.654793026,"0.86119384
","0.6030172
"
x509_lu.c_x509_lu.c,X509_STORE_get1_certs,X509_STORE_get1_certs,0.936401315,D,1,0.599283993,0.976293821,0.776234489,"0.6350977
","0.7645865
"
x509_lu.c_x509_lu.c,X509_STORE_get1_crls,X509_STORE_get1_certs,0.809643914,E,1,0.586408079,0.977973901,0.792521488,"0.5640008
","0.79069835
"
x509_lu.c_x509_lu.c,X509_STORE_get1_crls,X509_STORE_get1_crls,0.916514534,C,1,0.779479206,0.968414549,0.759910209,"0.749353
","0.76246953
"
x509_req.c_x509_req.c,X509_to_X509_REQ,X509_to_X509_REQ,0.903345024,D,1,0.26079005,0.973633361,0.675074232,"0.56487715
","0.85944784
"
x509_vfy.c_x509_vfy.c,X509_verify_cert,X509_verify_cert,0.901177561,D,1,0.998541117,0.95850094,0.705980042,"0.8532336
","0.9413615
"
v3_purp.c_v3_purp.c,x509v3_cache_extensions,x509v3_cache_extensions,0.962329329,A,1,0.999170959,0.957228727,0.696979339,"0.7441705
","0.83758825
"
v3_prn.c_v3_prn.c,X509V3_EXT_print,X509V3_EXT_print,0.991510801,A,1,0.990729809,0.926386232,0.754985173,"0.81370646
","0.87782395
"
v3_prn.c_v3_prn.c,X509V3_extensions_print,X509V3_extensions_print,0.959055464,A,1,0.592621744,0.971544575,0.636589395,"0.20880552
","0.8357258
"
