file_name,openssl_101f,libressl_3,sim_value,vulseeker,safe,kaist,A_var_code_cf,B_var_code_CF,C_var_CODE_cf,D_var_CODE_CF,E_VAR
ecp_smpl.c_ecp_smpl.c,ec_GFp_simple_group_set_curve,ec_GFp_simple_group_set_curve,0.873156399,-0.204750791,0.87948537,0.946700265,,1,,,
ec2_smpl.c_ec2_smpl.c,ec_GF2m_simple_is_on_curve,ec_GF2m_simple_is_on_curve,0.985601329,0.080214463,0.866781,0.939538006,,1,,,
ec2_mult.c_ec2_mult.c,ec_GF2m_simple_mul,ec_GF2m_simple_mul,0.980513071,0.928670108,0.8905808,0.929287244,,1,,,
pem_pkey.c_pem_pkey.c,PEM_read_bio_PrivateKey,PEM_read_bio_PrivateKey,0.949202785,0.820192873,0.8139979,0.927891515,,,,1,
bn_mont.c_bn_mont.c,BN_mod_mul_montgomery,BN_mod_mul_montgomery,0.958236321,0.301668704,0.7116253,0.926090011,,,1,,
v3_ncons.c_x509_ncons.c,NAME_CONSTRAINTS_check,NAME_CONSTRAINTS_check,0.996669345,0.436613262,0.9319518,0.842891883,1,,,,
pk7_lib.c_pk7_lib.c,PKCS7_RECIP_INFO_set,PKCS7_RECIP_INFO_set,0.987715146,0.795589983,0.85258156,0.924649502,,,,1,
gcm128.c_gcm128.c,CRYPTO_gcm128_aad,CRYPTO_gcm128_aad,0.996454635,0.357264549,0.7138876,0.577174868,1,,,,
ocsp_srv.c_ocsp_srv.c,OCSP_basic_add1_status,OCSP_basic_add1_status,0.977809479,0.149472043,0.8312607,0.918907253,,,1,,
pk7_lib.c_pk7_lib.c,PKCS7_SIGNER_INFO_set,PKCS7_SIGNER_INFO_set,0.988839898,0.285030574,0.8143642,0.917307445,,,1,,
ecp_smpl.c_ecp_smpl.c,ec_GFp_simple_point_get_affine_coordinates,ec_GFp_simple_point_get_affine_coordinates,0.904156119,0.97643429,0.8593803,0.91366877,,,,1,
pem_pk8.c_pem_pk8.c,d2i_PKCS8PrivateKey_bio,d2i_PKCS8PrivateKey_bio,0.887184226,0.586588144,0.5466516,0.913292888,,,1,,
cms_env.c_cms_env.c,CMS_add0_recipient_key,CMS_add0_recipient_key,0.973635682,0.885497212,0.8218428,0.910119805,,,,1,
gcm128.c_gcm128.c,CRYPTO_gcm128_encrypt_ctr32,CRYPTO_gcm128_encrypt_ctr32,0.948144686,0.738246262,0.9003864,0.909406317,,,,,1
cms_sd.c_cms_sd.c,CMS_set1_signers_certs,CMS_set1_signers_certs,0.996424729,0.933020592,0.83675134,0.791969422,1,,,,
pem_lib.c_pem_lib.c,PEM_ASN1_write_bio,PEM_ASN1_write_bio,0.905482679,0.917135298,0.8405815,0.906290136,,,,1,
ecp_smpl.c_ecp_smpl.c,ec_GFp_simple_dbl,ec_GFp_simple_dbl,0.985317301,0.906978786,0.8953687,0.904845909,,1,,,
pk7_doit.c_pk7_doit.c,PKCS7_signatureVerify,PKCS7_signatureVerify,0.920433875,0.974304676,0.88675773,0.904338911,,,1,,
t_pkey.c_t_pkey.c,ASN1_bn_print,ASN1_bn_print,0.996186379,-0.150773868,0.873244,0.872448336,1,,,,
ecp_smpl.c_ecp_smpl.c,ec_GFp_simple_set_Jprojective_coordinates_GFp,ec_GFp_simple_set_Jprojective_coordinates_GFp,0.972994396,0.882672966,0.8903156,0.903450442,,1,,,
cms_env.c_cms_env.c,CMS_RecipientInfo_kekri_get0_id,CMS_RecipientInfo_kekri_get0_id,0.999115705,0.705906272,0.5583851,0.902019999,,,1,,
req.c_req.c,set_keygen_ctx,set_keygen_ctx,0.703129476,0.974412799,0.90103436,0.900661104,,,,,1
tasn_utl.c_tasn_utl.c,asn1_do_adb,asn1_do_adb,0.932799672,0.832363784,0.8724091,0.900117084,,,1,,
ocsp_lib.c_ocsp_lib.c,OCSP_cert_id_new,OCSP_cert_id_new,0.987139352,0.021392137,0.79029334,0.897736491,,,1,,
pk7_doit.c_pk7_doit.c,PKCS7_SIGNER_INFO_sign,PKCS7_SIGNER_INFO_sign,0.883485896,0.754357815,0.9228247,0.896276035,,,,1,
gcm128.c_gcm128.c,CRYPTO_gcm128_decrypt_ctr32,CRYPTO_gcm128_decrypt_ctr32,0.942889908,0.807789743,0.9237475,0.896265121,,,,,1
rsa_pmeth.c_rsa_pmeth.c,pkey_rsa_verify,pkey_rsa_verify,0.929450439,0,0.8766088,0.895927744,,,,1,
dsa_ameth.c_dsa_ameth.c,dsa_pub_decode,dsa_pub_decode,0.980120176,0.825597763,0.92367613,0.895600989,,,,1,
dh_ameth.c_dh_ameth.c,dh_pub_decode,dh_pub_decode,0.958540524,0,0.87882566,0.895557346,,,,1,
by_dir.c_by_dir.c,add_cert_dir,add_cert_dir,0.958562472,0.928410113,0.8355115,0.893888772,,,,1,
tasn_prn.c_tasn_prn.c,asn1_template_print_ctx,asn1_template_print_ctx,0.999330143,0.267501712,0.90656686,0.893447369,,,1,,
cms_pwri.c_cms_pwri.c,CMS_add0_recipient_password,CMS_add0_recipient_password,0.834195662,0.952675462,0.8484102,0.893286857,,,,1,
bn_exp2.c_bn_exp2.c,BN_mod_exp2_mont,BN_mod_exp2_mont,0.90477006,0,0.8821482,0.893154582,,1,,,
bn_mul.c_bn_mul.c,BN_mul,BN_mul,0.893694922,0.947844565,0.8839215,0.893148851,,,1,,
v3_cpols.c_x509_cpols.c,r2i_certpol,r2i_certpol,0.982055674,0.753729582,0.88373846,0.890050145,,,1,,
cms_sd.c_cms_sd.c,CMS_SignerInfo_sign,CMS_SignerInfo_sign,0.794391623,0.17797409,0.87793297,0.887647579,,,,1,
ocsp_vfy.c_ocsp_vfy.c,ocsp_match_issuerid,ocsp_match_issuerid,0.977145126,0.743354023,0.7429628,0.886850965,,,1,,
a_verify.c_a_verify.c,ASN1_item_verify,ASN1_item_verify,0.993248781,0.320747495,0.9109196,0.88660996,,,,1,
dsa_ossl.c_dsa_ossl.c,dsa_do_verify,dsa_do_verify,0.979397017,0,0.8487947,0.886497932,,,,1,
v3_alt.c_x509_alt.c,a2i_GENERAL_NAME,a2i_GENERAL_NAME,0.95239847,0.829163015,0.8736292,0.885569091,,,1,,
t_spki.c_t_spki.c,NETSCAPE_SPKI_print,NETSCAPE_SPKI_print,0.995272364,0.877550602,0.83522296,0.908123121,1,,,,
v3_pmaps.c_x509_pmaps.c,v2i_POLICY_MAPPINGS,v2i_POLICY_MAPPINGS,0.841034522,0,0.8215061,0.883710368,,1,,,
conf_def.c_conf_def.c,def_load_bio,def_load_bio,0.945966049,0.990519404,0.84599966,0.883455597,,,,1,
bn_sqrt.c_bn_sqrt.c,BN_mod_sqrt,BN_mod_sqrt,0.827400321,0.998311937,0.87779695,0.883006706,,,,1,
ocsp_ext.c_ocsp_ext.c,OCSP_url_svcloc_new,OCSP_url_svcloc_new,0.952135275,0.332983226,0.8462922,0.879640329,,,,1,
s_client.c_s_client.c,print_stuff,print_stuff,0.687969579,0.980571568,0.6486321,0.879192724,,1,,,
p5_crpt2.c_p5_crpt2.c,PKCS5_v2_PBKDF2_keyivgen,PKCS5_v2_PBKDF2_keyivgen,0.979981373,0.752853811,0.859175,0.877719895,,,,1,
ec_ameth.c_ec_ameth.c,eckey_priv_decode,eckey_priv_decode,0.93039921,0.50524056,0.86479735,0.875845336,,,1,,
v3_skey.c_x509_skey.c,s2i_skey_id,s2i_skey_id,0.995694699,0.513562202,0.875374,0.875823858,,1,,,
bn_exp.c_bn_exp.c,BN_mod_exp_mont_word,BN_mod_exp_mont_word,0.964249466,0.991553307,0.8387544,0.874939229,,,,1,
apps.c_apps.c,load_serial,load_serial,0.992420842,0.704408646,0.7975932,0.874355809,,,,1,
a_sign.c_a_sign.c,ASN1_item_sign_ctx,ASN1_item_sign_ctx,0.984306929,0.961864769,0.90270895,0.873870359,,,,1,
p5_crpt2.c_p5_crpt2.c,PKCS5_v2_PBE_keyivgen,PKCS5_v2_PBE_keyivgen,0.982226031,0.786024392,0.7793734,0.873730475,,,1,,
cms_enc.c_cms_enc.c,cms_EncryptedContent_init_bio,cms_EncryptedContent_init_bio,0.891857521,0.98353678,0.831382,0.873426303,,,,1,
p5_crpt.c_p5_crpt.c,PKCS5_PBE_keyivgen,PKCS5_PBE_keyivgen,0.991832431,0.818757713,0.78526044,0.873359202,,,,1,
dh_ameth.c_dh_ameth.c,dh_priv_decode,dh_priv_decode,0.954833965,0.521088183,0.89614445,0.873347775,,,1,,
v3_info.c_x509_info.c,v2i_AUTHORITY_INFO_ACCESS,v2i_AUTHORITY_INFO_ACCESS,0.961281661,0,0.83516884,0.873045664,,,,1,
ec2_oct.c_ec2_oct.c,ec_GF2m_simple_set_compressed_coordinates,ec_GF2m_simple_set_compressed_coordinates,0.957508417,0.640570939,0.93706715,0.87259679,,1,,,
pkcs12.c_pkcs12.c,dump_certs_keys_p12,dump_certs_keys_p12,0.991551225,0.107121028,0.838534,0.737963719,1,,,,
x509_lu.c_x509_lu.c,X509_STORE_get1_certs,X509_STORE_get1_certs,0.990514994,0.620595098,0.87965983,0.871921242,,1,,,
v3_purp.c_x509_purp.c,X509_check_akid,X509_check_akid,0.990982296,0.483241588,0.8700557,0.837792716,1,,,,
x_long.c_x_long.c,long_i2c,long_i2c,0.990779813,0,0.67312324,0.757337327,1,,,,
pk7_lib.c_pk7_lib.c,PKCS7_add_signer,PKCS7_add_signer,0.991871531,0.650188029,0.79524004,0.868720099,,,1,,
pk7_lib.c_pk7_lib.c,PKCS7_set_type,PKCS7_set_type,0.995280411,0.049637787,0.7421796,0.868654143,,,1,,
pem_info.c_pem_info.c,PEM_X509_INFO_write_bio,PEM_X509_INFO_write_bio,0.988577318,0,0.77033186,0.868468515,,,,1,
dh_ameth.c_dh_ameth.c,do_dh_print,do_dh_print,0.978010661,0.937115371,0.65218127,0.868314313,,,,1,
pem_lib.c_pem_lib.c,PEM_do_header,PEM_do_header,0.93839103,0.716018736,0.8737145,0.867477512,,,,1,
pk7_doit.c_pk7_doit.c,PKCS7_dataFinal,PKCS7_dataFinal,0.973152158,0.994054973,0.83396524,0.866563604,,1,,,
apps.c_apps.c,load_pkcs12,load_pkcs12,0.950744016,0.60495162,0.8396605,0.865973432,,1,,,
t_req.c_t_req.c,X509_REQ_print_ex,X509_REQ_print_ex,0.98938943,0.995990276,0.87174654,0.865593407,,,1,,
p12_crt.c_p12_crt.c,PKCS12_create,PKCS12_create,0.992731949,0.986177981,0.9399314,0.86547029,,,1,,
ecp_oct.c_ecp_oct.c,ec_GFp_simple_oct2point,ec_GFp_simple_oct2point,0.941171857,0.962334037,0.84520143,0.865122596,,,,1,
ec2_oct.c_ec2_oct.c,ec_GF2m_simple_oct2point,ec_GF2m_simple_oct2point,0.94163464,0.936406434,0.88044965,0.864738195,,,,1,
v3_crld.c_x509_crld.c,v2i_crld,v2i_crld,0.999242783,0.945839047,0.84327066,0.864372354,,,1,,
ecp_smpl.c_ecp_smpl.c,ec_GFp_simple_cmp,ec_GFp_simple_cmp,0.970733217,0.932882071,0.85055125,0.86430171,,1,,,
tasn_dec.c_tasn_dec.c,asn1_ex_c2i,asn1_ex_c2i,0.909896604,0.96824193,0.79417586,0.864269538,,1,,,
ui_lib.c_ui_lib.c,UI_set_result,UI_set_result,0.864195736,0.292713404,0.866042,0.864216435,,,,,1
pk7_smime.c_pk7_smime.c,PKCS7_decrypt,PKCS7_decrypt,0.939073867,0.731505573,0.5977609,0.864091179,,,,1,
x_name.c_x_name.c,x509_name_canon,x509_name_canon,0.956584406,0.954936326,0.94478434,0.863956731,,,,,1
pk7_doit.c_pk7_doit.c,PKCS7_dataDecode,PKCS7_dataDecode,0.926052136,0.988848507,0.85522735,0.863616458,,,,1,
v3_conf.c_x509_conf.c,v3_generic_extension,v3_generic_extension,0.997546914,0.798146844,0.8991998,0.863204617,,,,1,
ssl_cert.c_ssl_cert.c,ssl_verify_cert_chain,ssl_verify_cert_chain,0.983107012,0.605408311,0.9311091,0.863186248,,,,,1
v3_pci.c_x509_pci.c,r2i_pci,r2i_pci,0.946665934,0.915171146,0.8648408,0.863019953,,,,1,
openssl.c_openssl.c,main,main,0.927138851,0,0,0.861529261,,,,,
p5_pbev2.c_p5_pbev2.c,PKCS5_pbe2_set_iv,PKCS5_pbe2_set_iv,0.977489467,0.418186426,0.82746357,0.861385469,,,,1,
p5_crpt2.c_p5_crpt2.c,PKCS5_PBKDF2_HMAC,PKCS5_PBKDF2_HMAC,0.99055843,0.965359449,0.784451,0.636390072,1,,,,
ts_rsp_print.c_ts_rsp_print.c,TS_TST_INFO_print_bio,TS_TST_INFO_print_bio,0.990191596,0.567784429,0.77887625,0.860434083,1,,,,
ecp_smpl.c_ecp_smpl.c,ec_GFp_simple_add,ec_GFp_simple_add,0.984713639,0.993117213,0.83266294,0.860195327,,1,,,
cms_smime.c_cms_smime.c,CMS_sign_receipt,CMS_sign_receipt,0.959591001,0.57662797,0.84322584,0.86010443,,,,1,
ecp_smpl.c_ecp_smpl.c,ec_GFp_simple_is_on_curve,ec_GFp_simple_is_on_curve,0.985868515,0.985431671,0.89494354,0.859856853,,1,,,
cms_ess.c_cms_ess.c,cms_Receipt_verify,cms_Receipt_verify,0.94940827,0.990773857,0.8312087,0.858743611,,,,1,
v3_ncons.c_x509_ncons.c,v2i_NAME_CONSTRAINTS,v2i_NAME_CONSTRAINTS,0.969850101,0.270577699,0.9088955,0.858554774,,1,,,
verify.c_verify.c,check,check,0.79681193,0.375189066,0.8496049,0.857189987,,,,1,
v3_alt.c_x509_alt.c,v2i_subject_alt,v2i_subject_alt,0.967922817,0.202337757,0.8314133,0.856866238,,,1,,
eng_table.c_eng_table.c,engine_table_select,engine_table_select,0.992984609,0.04414437,0.78553426,0.856820259,,,1,,
apps.c_apps.c,load_pubkey,load_pubkey,0.67577671,0.926399887,0.92267215,0.855670782,,,,1,
pcy_map.c_pcy_map.c,policy_cache_set_mapping,policy_cache_set_mapping,0.989635312,0.645465553,0.84919155,0.921348491,1,,,,
ecs_ossl.c_ecs_ossl.c,ecdsa_sign_setup,ecdsa_sign_setup,0.849138851,0,0.8346669,0.854314981,,,,,1
asn1_par.c_asn1_par.c,asn1_parse2,asn1_parse2,0.934958625,0.99583286,0.9185247,0.853410078,,,,,1
dh_key.c_dh_key.c,compute_key,compute_key,0.947004366,0.458033741,0.90567464,0.852982514,,,,1,
bss_file.c_bss_file.c,file_ctrl,file_ctrl,0.969716933,0.994265616,0.619777,0.852680202,,1,,,
apps.c_apps.c,args_verify,args_verify,0.959292164,0.970742941,0.8269974,0.852532623,,,1,,
p12_key.c_p12_key.c,PKCS12_key_gen_uni,PKCS12_key_gen_uni,0.782921213,0.993212402,0.81403327,0.852193877,,,1,,
apps.c_apps.c,load_key,load_key,0.549662524,0.909234047,0.87595576,0.852027239,,1,,,
ocsp_vfy.c_ocsp_vfy.c,OCSP_request_verify,OCSP_request_verify,0.9676069,0,0.88017726,0.851917006,,,,1,
ts_rsp_verify.c_ts_rsp_verify.c,TS_RESP_verify_signature,TS_RESP_verify_signature,0.997774068,0.929842293,0.6446538,0.851689723,,,1,,
ec_mult.c_ec_mult.c,compute_wNAF,compute_wNAF,0.75517979,0.966186404,0.79308754,0.851611078,,,1,,
v3_conf.c_x509_conf.c,do_ext_nconf,do_ext_nconf,0.997152729,0.949053705,0.88765526,0.851049643,,,,,1
dsa_ameth.c_dsa_ameth.c,dsa_sig_print,dsa_sig_print,0.945591782,0.403209031,0.8477858,0.850126348,,,,1,
v3_crld.c_x509_crld.c,set_dist_point_name,set_dist_point_name,0.98456225,0.415514916,0.91526127,0.850085979,,,,1,
x509_lu.c_x509_lu.c,X509_STORE_get1_crls,X509_STORE_get1_crls,0.989706954,0.852620721,0.88957304,0.850006858,,1,,,
p5_pbev2.c_p5_pbev2.c,PKCS5_pbkdf2_set,PKCS5_pbkdf2_set,0.981836914,0.095292166,0.8418333,0.848241555,,,1,,
a_bitstr.c_a_bitstr.c,c2i_ASN1_BIT_STRING,c2i_ASN1_BIT_STRING,0.85533419,0.546417713,0.8378334,0.847825376,,,,1,
s_server.c_s_server.c,www_body,www_body,0.772856649,0.999194264,0.89604133,0.847168942,,,,1,
pkcs12.c_pkcs12.c,print_attribs,print_attribs,0.9894749,0.852879643,0.77310246,0.846770721,,,1,,
m_sigver.c_m_sigver.c,do_sigver_init,do_sigver_init,0.895937454,0.266545594,0.90333563,0.846565794,,1,,,
ca.c_ca.c,certify,certify,0.989048491,0.77956599,0.7154707,0.903869951,1,,,,
apps.c_apps.c,save_serial,save_serial,0.755396187,0.67123574,0.56162757,0.845818962,,,,,1
ocsp_ht.c_ocsp_ht.c,OCSP_sendreq_nbio,OCSP_sendreq_nbio,0.980004686,0.994466484,0.8641421,0.845449687,,,1,,
eck_prn.c_eck_prn.c,ECPKParameters_print,ECPKParameters_print,0.8989218,0.992680132,0.819453,0.845394641,,,,,1
ecp_oct.c_ecp_oct.c,ec_GFp_simple_set_compressed_coordinates,ec_GFp_simple_set_compressed_coordinates,0.953157931,0.994479954,0.91135645,0.844425587,,,,1,
v3_pci.c_x509_pci.c,process_pci_value,process_pci_value,0.73746201,0.951105595,0.63172305,0.843894523,,1,,,
t_x509a.c_t_x509a.c,X509_CERT_AUX_print,X509_CERT_AUX_print,0.988231665,0.162294343,0.836645,0.842044697,1,,,,
rsa_pmeth.c_rsa_pmeth.c,pkey_rsa_verifyrecover,pkey_rsa_verifyrecover,0.960914549,0.170763686,0.77393115,0.843491231,,,1,,
apps.c_apps.c,app_get_pass,app_get_pass,0.845729729,0.918090284,0.70361876,0.843478446,,,,,1
s3_pkt.c_ssl_pkt.c,ssl3_read_n,ssl3_read_n,0.148946384,0.968901336,0.80131733,0.843346582,,,,1,
d2i_pr.c_d2i_pr.c,d2i_PrivateKey,d2i_PrivateKey,0.931580759,0.844394445,0.7770678,0.843255315,,,,,1
ocsp_prn.c_ocsp_prn.c,OCSP_RESPONSE_print,OCSP_RESPONSE_print,0.986557034,0.989303827,0.7969208,0.871673833,1,,,,
x509_vfy.c_x509_vfy.c,get_crl_sk,get_crl_sk,0.981817732,0.266228884,0.6707381,0.846222892,1,,,,
rsa_oaep.c_rsa_oaep.c,PKCS1_MGF1,PKCS1_MGF1,0.979637841,0.823707402,0.886451,0.871210151,1,,,,
x_crl.c_x_crl.c,crl_cb,crl_cb,0.976050199,0.983177781,0.7131394,0.84021908,,,,,1
dgst.c_dgst.c,do_fp,do_fp,0.977940881,0.949731648,0.8400173,0.839104133,1,,,,
s3_clnt.c_ssl_clnt.c,ssl3_connect,ssl3_connect,0.607050242,0,0.8608662,0.839094238,,,,,1
p12_add.c_p12_add.c,PKCS12_pack_p7encdata,PKCS12_pack_p7encdata,0.973247026,0.823336184,0.81917876,0.838173509,,,,1,
e_des.c_e_des.c,des_cfb1_cipher,des_cfb1_cipher,0.972944899,0.584188223,0.8348045,0.761431425,1,,,,
bf_ofb64.c_bf_ofb64.c,BF_ofb64_encrypt,BF_ofb64_encrypt,0.969684657,0,0,0.80117585,1,,,,
bn_kron.c_bn_kron.c,BN_kronecker,BN_kronecker,0.920138655,0.989577055,0.8022742,0.83684002,,,1,,
s_cb.c_s_cb.c,msg_cb,msg_cb,0.824688206,0.989810109,0.8047441,0.836673209,,,,1,
c_ofb64.c_c_ofb64.c,CAST_ofb64_encrypt,CAST_ofb64_encrypt,0.968974384,0,0,0.80117585,1,,,,
bio_ssl.c_bio_ssl.c,ssl_ctrl,ssl_ctrl,0.964686922,0,0.6712018,0.781555445,1,,,,
cms_sd.c_cms_sd.c,CMS_add1_signer,CMS_add1_signer,0.876876936,0.990722477,0.8910696,0.836316472,,,,1,
pk7_doit.c_pk7_doit.c,PKCS7_dataInit,PKCS7_dataInit,0.964474785,0.99586308,0.7662891,0.835752016,,,,1,
ocsp_srv.c_ocsp_srv.c,OCSP_basic_sign,OCSP_basic_sign,0.97954762,0.337053061,0.8440062,0.834534181,,,1,,
x509_lu.c_x509_lu.c,x509_object_idx_cnt,x509_object_idx_cnt,0.962822026,0.453205556,0.8488449,0.745148046,1,,,,
pk7_doit.c_pk7_doit.c,PKCS7_dataVerify,PKCS7_dataVerify,0.992868528,0,0.809812,0.833240982,,,,1,
bn_blind.c_bn_blind.c,BN_BLINDING_create_param,BN_BLINDING_create_param,0.971542251,0.985088468,0.83397245,0.833164964,,1,,,
rsa_eay.c_rsa_eay.c,RSA_eay_public_decrypt,RSA_eay_public_decrypt,0.967156861,0.968165576,0.8894758,0.83293712,,,,1,
e_aes.c_e_aes.c,aes_ccm_cipher,aes_ccm_cipher,0.961280989,0.970592499,0.8342405,0.794125323,1,,,,
rsa_eay.c_rsa_eay.c,RSA_eay_private_decrypt,RSA_eay_private_decrypt,0.974286512,0,0.90684265,0.831870734,,,,1,
pem_pk8.c_pem_pk8.c,do_pk8pkey,do_pk8pkey,0.851257778,0.609429777,0.86231667,0.831791253,,,1,,
ocsp_prn.c_ocsp_prn.c,OCSP_REQUEST_print,OCSP_REQUEST_print,0.993839739,0.071239166,0.8788054,0.83136132,,1,,,
bio_enc.c_bio_enc.c,enc_ctrl,enc_ctrl,0.959784329,0.923990011,0.7195215,0.746500899,1,,,,
bss_acpt.c_bss_acpt.c,acpt_ctrl,acpt_ctrl,0.993914135,0.951062441,0.66393375,0.83129749,,1,,,
ec2_smpl.c_ec2_smpl.c,ec_GF2m_simple_add,ec_GF2m_simple_add,0.958458306,0.985973716,0.888198,0.830862929,,1,,,
tasn_dec.c_tasn_dec.c,asn1_template_ex_d2i,asn1_template_ex_d2i,0.959509637,0.466828197,0.8418827,0.861213339,1,,,,
t_x509.c_t_x509.c,X509_print_ex,X509_print_ex,0.990978701,0.976721525,0.94363165,0.829095751,,,,1,
bn_gf2m.c_bn_gf2m.c,BN_GF2m_mod_mul_arr,BN_GF2m_mod_mul_arr,0.957089192,0.752478898,0.8841598,0.843877102,1,,,,
tasn_enc.c_tasn_enc.c,asn1_ex_i2c,asn1_ex_i2c,0.824339503,0.945920587,0.6015015,0.827110096,,,,1,
pk7_doit.c_pk7_doit.c,pkcs7_decrypt_rinfo,pkcs7_decrypt_rinfo,0.941722004,0.587588131,0.8699046,0.826302484,,1,,,
x509_att.c_x509_att.c,X509_ATTRIBUTE_set1_data,X509_ATTRIBUTE_set1_data,0.992357725,0.202255905,0.90742886,0.826245608,,1,,,
bio_ndef.c_bio_ndef.c,BIO_new_NDEF,BIO_new_NDEF,0.924977969,0.806197762,0.8677138,0.825999103,,1,,,
ech_ossl.c_ech_key.c,ecdh_compute_key,ecdh_compute_key,0.822775571,0,0.85999614,0.825435325,,1,,,
tasn_enc.c_tasn_enc.c,asn1_template_ex_i2d,asn1_template_ex_i2d,0.95569932,0.987729251,0.8855966,0.731414613,1,,,,
tasn_new.c_tasn_new.c,ASN1_primitive_new,ASN1_primitive_new,0.934438182,-0.13630572,0.67727077,0.823609714,,,,1,
ecp_mont.c_ecp_mont.c,ec_GFp_mont_group_set_curve,ec_GFp_mont_group_set_curve,0.899151355,0.395376444,0.8843935,0.821998435,,1,,,
s_server.c_s_server.c,cert_status_cb,cert_status_cb,0.947516696,0.95859766,0.8686472,0.821653759,,,1,,
s3_cbc.c_s3_cbc.c,ssl3_cbc_digest_record,ssl3_cbc_digest_record,0.893483951,0.987816691,0.8979967,0.821431539,,,1,,
cms_lib.c_cms_lib.c,CMS_dataFinal,CMS_dataFinal,0.991931298,0.742258668,0.71926856,0.821296909,,,1,,
eng_table.c_eng_table.c,engine_table_register,engine_table_register,0.989986585,0.893008471,0.88179046,0.82098175,,,1,,
asn_mime.c_asn_mime.c,SMIME_write_ASN1,SMIME_write_ASN1,0.988038917,0.922810912,0.7869476,0.819517556,,,1,,
tasn_prn.c_tasn_prn.c,asn1_item_print_ctx,asn1_item_print_ctx,0.891732776,0.985137343,0.83051986,0.819387886,,1,,,
ssl_cert.c_ssl_cert.c,SSL_add_file_cert_subjects_to_stack,SSL_add_file_cert_subjects_to_stack,0.997286631,0.756769598,0.85842216,0.819383748,,,,1,
bss_conn.c_bss_conn.c,conn_ctrl,conn_ctrl,0.906231689,0.962475121,0.57937527,0.819222082,,1,,,
p12_crpt.c_p12_crpt.c,PKCS12_PBE_keyivgen,PKCS12_PBE_keyivgen,0.995911533,0.674963176,0.9144826,0.818231319,,,,1,
pem_info.c_pem_info.c,PEM_X509_INFO_read_bio,PEM_X509_INFO_read_bio,0.950589589,0.996152222,0.882847,0.817700876,,,,1,
ec_ameth.c_ec_ameth.c,do_EC_KEY_print,do_EC_KEY_print,0.88144163,0.985589147,0.8300017,0.817268962,,1,,,
b_dump.c_b_dump.c,BIO_dump_indent_cb,BIO_dump_indent_cb,0.970334029,0.897461414,0.9384337,0.816966233,,,,1,
x_name.c_x_name.c,x509_name_ex_d2i,x509_name_ex_d2i,0.987003224,0.698009312,0.60431445,0.816925363,,,1,,
x509_req.c_x509_req.c,X509_REQ_add_extensions_nid,X509_REQ_add_extensions_nid,0.989822208,0.72555244,0.7893793,0.815445687,,,1,,
tasn_dec.c_tasn_dec.c,asn1_check_tlen,asn1_check_tlen,0.947986845,0.874927044,0.8465872,0.8149285,,,1,,
crl.c_crl.c,crl_main,crl_main,0.80966762,0,0,0.814921513,,,,,
x509_req.c_x509_req.c,X509_REQ_get_extensions,X509_REQ_get_extensions,0.984736655,0.678964734,0.57736534,0.814735633,,,1,,
v3_akey.c_x509_akey.c,v2i_AUTHORITY_KEYID,v2i_AUTHORITY_KEYID,0.969843934,0,0.9119846,0.814345281,,,1,,
cms_smime.c_cms_smime.c,CMS_decrypt_set1_pkey,CMS_decrypt_set1_pkey,0.956269036,0.909888864,0.75613636,0.814243115,,,,,1
bn_print.c_bn_print.c,BN_hex2bn,BN_hex2bn,0.914979049,0.97534579,0.82237405,0.814201607,,,,1,
p12_kiss.c_p12_kiss.c,PKCS12_parse,PKCS12_parse,0.984840255,0.984702229,0.76486725,0.81372863,,,,1,
evp_pbe.c_evp_pbe.c,EVP_PBE_CipherInit,EVP_PBE_CipherInit,0.946760422,0.211295247,0.9031484,0.813095572,,,1,,
ecp_smpl.c_ecp_smpl.c,ec_GFp_simple_points_make_affine,ec_GFp_simple_points_make_affine,0.932444515,0.99613297,0.71515197,0.812400757,,,,1,
bn_mont.c_bn_mont.c,BN_MONT_CTX_set,BN_MONT_CTX_set,0.989051118,0.463533551,0.91221225,0.812016632,,,1,,
bio_md.c_bio_md.c,md_ctrl,md_ctrl,0.951008807,0,0.75280327,0.831927165,1,,,,
ts_conf.c_ts_conf.c,TS_CONF_load_certs,TS_CONF_load_certs,0.875006875,0.561467469,0.8863084,0.811852923,,1,,,
bio_ndef.c_bio_ndef.c,ndef_suffix,ndef_suffix,0.925595318,0.447736114,0.81798774,0.811563931,,,1,,
s3_clnt.c_ssl_clnt.c,ssl3_send_client_certificate,ssl3_send_client_certificate,0.478147799,0.989785433,0.8186219,0.810492498,,,,,1
ex_data.c_ex_data.c,int_dup_ex_data,int_dup_ex_data,0.937168579,0.105887406,0.76252776,0.808606376,,1,,,
ec_key.c_ec_key.c,EC_KEY_check_key,EC_KEY_check_key,0.946992859,0.961163998,0.7785931,0.807885783,,,,1,
rsa_pmeth.c_rsa_pmeth.c,pkey_rsa_sign,pkey_rsa_sign,0.918841018,0,0.9154305,0.806795007,,1,,,
apps.c_apps.c,password_callback,password_callback,0.837271769,0.307276547,0.8024891,0.805155706,,,1,,
ccm128.c_ccm128.c,CRYPTO_ccm128_encrypt_ccm64,CRYPTO_ccm128_encrypt_ccm64,0.949189533,0.596184671,0.865317,0.831304339,1,,,,
apps.c_apps.c,chopup_args,chopup_args,0.89276124,0.950214863,0.7689156,0.803793451,,1,,,
wp_dgst.c_wp_dgst.c,WHIRLPOOL_Final,WHIRLPOOL_Final,0.948278556,0.654543936,0.6796672,0.412651516,1,,,,
bn_print.c_bn_print.c,BN_dec2bn,BN_dec2bn,0.914388395,0.780126452,0.77043945,0.802721722,,,,1,
v3_alt.c_x509_alt.c,copy_email,copy_email,0.985479604,0.53206265,0.8270056,0.801607122,,,1,,
ecs_ossl.c_ecs_ossl.c,ecdsa_do_verify,ecdsa_do_verify,0.800493177,0,0.85596746,0.801462422,,,,,1
rc2ofb64.c_rc2ofb64.c,RC2_ofb64_encrypt,RC2_ofb64_encrypt,0.94624797,0,0,0.742216155,1,,,,
a_strex.c_a_strex.c,do_name_ex,do_name_ex,0.945962031,0.991314054,0.82893056,0.82934319,1,,,,
cbc128.c_cbc128.c,CRYPTO_cbc128_decrypt,CRYPTO_cbc128_decrypt,0.945495638,0.984565377,0.93674153,0.514587232,1,,,,
v3_alt.c_x509_alt.c,v2i_issuer_alt,v2i_issuer_alt,0.883583822,0.581175148,0.7984437,0.801008462,,,1,,
ssl_ciph.c_ssl_ciph.c,ssl_cipher_process_rulestr,ssl_cipher_process_rulestr,0.758865337,0.997923613,0.9101548,0.800678138,,1,,,
s_cb.c_s_cb.c,verify_cookie_callback,verify_cookie_callback,0.763761754,0.782779694,0.9103027,0.797780941,,,1,,
cms_pwri.c_cms_pwri.c,cms_RecipientInfo_pwri_crypt,cms_RecipientInfo_pwri_crypt,0.807043654,0.974353492,0.7670416,0.79518147,,,,1,
ccm128.c_ccm128.c,CRYPTO_ccm128_encrypt,CRYPTO_ccm128_encrypt,0.944282878,0.668917239,0.90098554,0.827164088,1,,,,
ccm128.c_ccm128.c,CRYPTO_ccm128_decrypt,CRYPTO_ccm128_decrypt,0.943507296,0.843964159,0.8858551,0.790010789,1,,,,
ex_data.c_ex_data.c,int_free_ex_data,int_free_ex_data,0.958384345,0,0.900482,0.794880976,,1,,,
ec_asn1.c_ec_asn1.c,i2d_ECPrivateKey,i2d_ECPrivateKey,0.972878287,0.978519738,0.8951517,0.794311753,,,,1,
bf_cfb64.c_bf_cfb64.c,BF_cfb64_encrypt,BF_cfb64_encrypt,0.942222778,0,0,0.794951829,1,,,,
a_strex.c_a_strex.c,do_print_ex,do_print_ex,0.941149832,0.938331664,0.7795353,0.630453727,1,,,,
ccm128.c_ccm128.c,CRYPTO_ccm128_decrypt_ccm64,CRYPTO_ccm128_decrypt_ccm64,0.94365229,0.79011184,0.8990946,0.792232817,,1,,,
a_object.c_a_object.c,a2d_ASN1_OBJECT,a2d_ASN1_OBJECT,0.868950509,0.997752011,0.9595105,0.792141788,,,,1,
ts_conf.c_ts_conf.c,TS_CONF_set_policies,TS_CONF_set_policies,0.940145952,0.763008654,0.8404426,0.841227317,1,,,,
d1_pkt.c_d1_pkt.c,dtls1_dispatch_alert,dtls1_dispatch_alert,0.936629544,0,0.77031744,0.836365236,1,,,,
cms.c_cms.c,cms_main,cms_main,0.816995618,0,0,0.791570385,,,,,
ec_mult.c_ec_mult.c,ec_wNAF_mul,ec_wNAF_mul,0.839092221,0.998792827,0.8896975,0.790775803,,,,1,
conf_api.c_conf_api.c,_CONF_new_section,_CONF_new_section,0.886092638,0.214614138,0.82931405,0.790618709,,1,,,
txt_db.c_txt_db.c,TXT_DB_free,TXT_DB_free,0.788581553,0.784610152,0.8561277,0.790534953,,,,1,
apps.c_apps.c,load_cert,load_cert,0.953723849,0.519007325,0.9040053,0.790313624,,,1,,
pk7_smime.c_pk7_smime.c,PKCS7_verify,PKCS7_verify,0.946896895,0.99797976,0.5531641,0.790029812,,,,1,
x509_lu.c_x509_lu.c,X509_STORE_get_by_subject,X509_STORE_get_by_subject,0.934973008,0.736551285,0.65489405,0.779272309,1,,,,
xts128.c_xts128.c,CRYPTO_xts128_encrypt,CRYPTO_xts128_encrypt,0.914152896,0.73572886,0.89548934,0.788447288,,,,,1
rc2cfb64.c_rc2cfb64.c,RC2_cfb64_encrypt,RC2_cfb64_encrypt,0.934778503,0,0,0.751042277,1,,,,
bn_print.c_bn_print.c,BN_bn2dec,BN_bn2dec,0.705599894,0.183490857,0.707966,0.787343952,,1,,,
pmeth_lib.c_pmeth_lib.c,int_ctx_new,int_ctx_new,0.917385591,0.96535176,0.6860185,0.786228912,,,,1,
cms_smime.c_cms_smime.c,CMS_verify,CMS_verify,0.82700743,0.992917418,0.91244787,0.786150539,,,,,1
ex_data.c_ex_data.c,int_new_ex_data,int_new_ex_data,0.925874469,0.587137043,0.76087314,0.784749678,,1,,,
ec_asn1.c_ec_asn1.c,d2i_ECPrivateKey,d2i_ECPrivateKey,0.924881711,0.926949501,0.87437695,0.784673039,,,,,1
by_dir.c_by_dir.c,get_cert_by_subject,get_cert_by_subject,0.94692797,0.990862131,0.90190727,0.783871808,,,,1,
bn_lib.c_bn_lib.c,BN_bin2bn,BN_bin2bn,0.989001771,0.880410373,0.70720166,0.783745076,,,,1,
asn1_gen.c_asn1_gen.c,ASN1_generate_v3,ASN1_generate_v3,0.831740802,0.977453113,0.78913707,0.783381061,,1,,,
apps.c_apps.c,load_index,load_index,0.941452242,0.04176338,0.8082669,0.782692291,,,,,1
s_cb.c_s_cb.c,generate_cookie_callback,generate_cookie_callback,0.773577996,0.52589637,0.9085359,0.782166014,,1,,,
bio_b64.c_bio_b64.c,b64_write,b64_write,0.931742567,0.987301469,0.9373004,0.758273301,1,,,,
ctr128.c_ctr128.c,CRYPTO_ctr128_encrypt_ctr32,CRYPTO_ctr128_encrypt_ctr32,0.929017397,0.453959763,0.82366896,0.80432468,1,,,,
des_enc.c_xcbc_enc.c,DES_ncbc_encrypt,DES_xcbc_encrypt,0.730835343,0,0.8660161,0.778583211,,,,,1
bss_dgram.c_bss_dgram.c,dgram_ctrl,dgram_ctrl,0.938075998,0.968359828,0.8000939,0.778221897,,1,,,
ec2_mult.c_ec2_mult.c,ec_GF2m_montgomery_point_multiply,ec_GF2m_montgomery_point_multiply,0.952042669,0.996270478,0.8608895,0.777839433,,,,1,
conf_def.c_conf_def.c,str_copy,str_copy,0.818728301,0.997966826,0.8860596,0.777484178,,,,,1
digest.c_digest.c,EVP_DigestInit_ex,EVP_DigestInit_ex,0.906554118,0.953109443,0.85073054,0.777458806,,,,1,
dsa_ameth.c_dsa_ameth.c,dsa_priv_decode,dsa_priv_decode,0.720675329,0.785878479,0.9041079,0.776762353,,,,,1
wp_dgst.c_wp_dgst.c,WHIRLPOOL_BitUpdate,WHIRLPOOL_BitUpdate,0.925936607,0.976324916,0.8780436,0.803293959,1,,,,
bn_exp.c_bn_exp.c,BN_mod_exp_recp,BN_mod_exp_recp,0.923269657,0.98722589,0.8485001,0.775772202,,,,1,
enc.c_enc.c,enc_main,enc_main,0.655646137,0,0,0.775460849,,,,,
gost2001.c_gostr341001.c,gost2001_do_sign,gost2001_do_sign,0.461595165,0.898202479,0.76935756,0.775343719,,,,,1
smime.c_smime.c,smime_main,smime_main,0.877623276,0,0,0.775168419,,,,,
bss_conn.c_bss_conn.c,conn_state,conn_state,0.92071168,0.977486134,0.8466971,0.774743155,,,,1,
c_cfb64.c_c_cfb64.c,CAST_cfb64_encrypt,CAST_cfb64_encrypt,0.925173698,0,0,0.794951829,1,,,,
tasn_dec.c_tasn_dec.c,asn1_template_noexp_d2i,asn1_template_noexp_d2i,0.880996291,0.978290617,0.88903654,0.773129628,,,1,,
d1_both.c_d1_both.c,dtls1_do_write,dtls1_do_write,0.674442214,0.975342751,0.8611724,0.77278993,,,,,1
tasn_new.c_tasn_new.c,asn1_item_ex_combine_new,asn1_item_ex_combine_new,0.732312296,0.980117977,0.7543178,0.770309473,,,,,1
d1_pkt.c_d1_pkt.c,dtls1_read_bytes,dtls1_read_bytes,0.675948548,0,0.82330966,0.77015422,,,,,1
f_int.c_f_int.c,a2i_ASN1_INTEGER,a2i_ASN1_INTEGER,0.619905063,0.984801829,0.89492214,0.769852673,,1,,,
dsa_gen.c_dsa_gen.c,dsa_builtin_paramgen,dsa_builtin_paramgen,0.94401047,0.995347083,0.8981981,0.769310898,,1,,,
dsa_ossl.c_dsa_ossl.c,dsa_do_sign,dsa_do_sign,0.867884573,0,0.8135314,0.763406523,,,,,1
evp_enc.c_evp_enc.c,EVP_CipherInit_ex,EVP_CipherInit_ex,0.952282967,0.986264586,0.8697739,0.763039603,,,,1,
ts_verify_ctx.c_ts_verify_ctx.c,TS_REQ_to_TS_VERIFY_CTX,TS_REQ_to_TS_VERIFY_CTX,0.894239957,0.312069148,0.736995,0.762612042,,,1,,
a_object.c_a_object.c,c2i_ASN1_OBJECT,c2i_ASN1_OBJECT,0.975440098,0.955217183,0.85021377,0.762192993,,,,,1
openssl.c_openssl.c,do_cmd,do_cmd,0.923811638,0.996330738,0.84816015,0.884023468,1,,,,
bio_b64.c_bio_b64.c,b64_ctrl,b64_ctrl,0.917916413,0.955344439,0.7914059,0.837890765,1,,,,
f_string.c_f_string.c,a2i_ASN1_STRING,a2i_ASN1_STRING,0.569978276,0,0.89820105,0.759643931,,1,,,
bn_exp.c_bn_exp.c,BN_mod_exp_mont_consttime,BN_mod_exp_mont_consttime,0.862549364,0.9989326,0.86566603,0.758851357,,,,1,
ssl_lib.c_ssl_lib.c,SSL_dup,SSL_dup,0.844890243,0.957920432,0.81491756,0.758466035,,,,1,
ca.c_ca.c,ca_main,ca_main,0.881813438,0,0,0.758340679,,,,,
txt_db.c_txt_db.c,TXT_DB_create_index,TXT_DB_create_index,0.917081106,0.792009056,0.77342206,0.824860172,1,,,,
v3_prn.c_x509_prn.c,X509V3_extensions_print,X509V3_extensions_print,0.99908119,0.736607313,0.83109003,0.758203346,,,1,,
obj_dat.c_obj_dat.c,OBJ_obj2txt,OBJ_obj2txt,0.865944636,0.992986917,0.7226021,0.757769221,,,,,1
ts_conf.c_ts_conf.c,TS_CONF_set_digests,TS_CONF_set_digests,0.914201634,0.636002541,0.8766656,0.833922769,1,,,,
ts.c_ts.c,ts_main,ts_main,0.853831717,0,0,0.757045908,,,,,
passwd.c_passwd.c,do_passwd,do_passwd,0.816501528,0.959874392,0.8536641,0.756926202,,,,1,
pem_lib.c_pem_lib.c,PEM_read_bio,PEM_read_bio,0.93326733,0.995841742,0.9231405,0.755646819,,,1,,
cfb64enc.c_ofb64enc.c,DES_cfb64_encrypt,DES_ofb64_encrypt,0.674163146,0.490549743,0.88330185,0.754874841,,,,,1
s3_srvr.c_ssl_srvr.c,ssl3_accept,ssl3_accept,0.462299774,0.998737216,0.8575994,0.751997733,,,,,1
e_rc4_hmac_md5.c_e_rc4_hmac_md5.c,rc4_hmac_md5_ctrl,rc4_hmac_md5_ctrl,0.900902005,0,0.83600014,0.533463086,1,,,,
x509_obj.c_x509_obj.c,X509_NAME_oneline,X509_NAME_oneline,0.908968525,0.995007813,0.8919481,0.750954722,,,,1,
a_int.c_a_int.c,d2i_ASN1_UINTEGER,d2i_ASN1_UINTEGER,0.874150757,0.020269092,0.8713872,0.749228807,,1,,,
a_strex.c_a_strex.c,do_buf,do_buf,0.889579372,0.971383035,0.78513503,0.749220273,,1,,,
s3_pkt.c_ssl_pkt.c,ssl3_read_bytes,ssl3_read_bytes,0.707227601,0.996398151,0.87112564,0.748884408,,,,1,
apps.c_apps.c,load_certs_crls,load_certs_crls,0.911550746,0.971820235,0.86563003,0.74857287,,1,,,
bn_prime.c_bn_prime.c,BN_is_prime_fasttest_ex,BN_is_prime_fasttest_ex,0.963503397,0.997705221,0.89782566,0.74710837,,,,1,
i_cfb64.c_i_cfb64.c,idea_cfb64_encrypt,idea_cfb64_encrypt,0.895039145,0,0,0.76043328,1,,,,
pcy_node.c_pcy_node.c,level_add_node,level_add_node,0.81719669,0.081894413,0.7553486,0.746100823,,,,1,
apps.c_apps.c,parse_name,parse_name,0.847830735,0.983779192,0.8353713,0.745167814,,,,1,
i_ofb64.c_i_ofb64.c,idea_ofb64_encrypt,idea_ofb64_encrypt,0.882707861,0,0,0.743745473,1,,,,
cfb_enc.c_cfb_enc.c,DES_cfb_encrypt,DES_cfb_encrypt,0.856943701,0,0,0.658444041,1,,,,
des_enc.c_des_enc.c,DES_ede3_cbc_encrypt,DES_ede3_cbc_encrypt,0.852373923,0,0,0.776341797,1,,,,
bf_cfb64.c_bf_ofb64.c,BF_cfb64_encrypt,BF_ofb64_encrypt,0.84785323,0.642837584,0.85607547,0.744626808,1,,,,
ssl_sess.c_ssl_sess.c,ssl_get_prev_session,ssl_get_prev_session,0.279816573,0.959930182,0.80302554,0.743006345,,,,,1
ofb64ede.c_ofb64ede.c,DES_ede3_ofb64_encrypt,DES_ede3_ofb64_encrypt,0.842603816,0,0,0.811959007,1,,,,
bn_gf2m.c_bn_gf2m.c,BN_GF2m_mod_sqr_arr,BN_GF2m_mod_sqr_arr,0.839669258,0.199731365,0.89617926,0.925474781,1,,,,
ec_key.c_ec_key.c,EC_KEY_copy,EC_KEY_copy,0.730389687,0.785189152,0.8078405,0.741000301,,1,,,
ocsp.c_ocsp.c,process_responder,process_responder,0.832201015,-0.041212469,0.6933973,0.7409832,,1,,,
x509_lu.c_x509_lu.c,X509_STORE_CTX_get1_issuer,X509_STORE_CTX_get1_issuer,0.898896228,0.931572795,0.77635795,0.740204105,,,,,1
txt_db.c_txt_db.c,TXT_DB_read,TXT_DB_read,0.9114261,0.970642567,0.87541753,0.739385204,,,,1,
s3_clnt.c_ssl_clnt.c,ssl3_get_server_certificate,ssl3_get_server_certificate,0.811262029,0.984653175,0.7698046,0.73903182,,,,,1
bn_gf2m.c_bn_gf2m.c,BN_GF2m_mod_arr,BN_GF2m_mod_arr,0.684070395,0.948743463,0.83082867,0.738685896,,,1,,
ocsp_vfy.c_ocsp_vfy.c,OCSP_basic_verify,OCSP_basic_verify,0.949706753,0.976453245,0.8565897,0.738655772,,,,,1
ofb64enc.c_ofb64enc.c,DES_ofb64_encrypt,DES_ofb64_encrypt,0.835533988,0,0,0.801408062,1,,,,
pk7_smime.c_pk7_smime.c,PKCS7_get0_signers,PKCS7_get0_signers,0.993691151,0.048886016,0.7646239,0.737767372,,,1,,
s3_lib.c_s3_lib.c,ssl3_ctrl,ssl3_ctrl,0.338687958,0.994864762,0.33267853,0.737199931,,,,,1
ca.c_ca.c,do_body,do_body,0.927060922,0.999571085,0.81833315,0.73295007,,,,,1
cfb64enc.c_cfb64enc.c,DES_cfb64_encrypt,DES_cfb64_encrypt,0.813240843,0,0,0.79190999,1,,,,
v3_prn.c_x509_prn.c,X509V3_EXT_print,X509V3_EXT_print,0.998321426,0.864460766,0.8702957,0.730498753,,1,,,
xcbc_enc.c_des_enc.c,DES_xcbc_encrypt,DES_ncbc_encrypt,0.777262971,0.876710951,0,0.729692036,,,,,1
rsa_eay.c_rsa_eay.c,RSA_eay_public_encrypt,RSA_eay_public_encrypt,0.953381755,0.983168244,0.96232384,0.728656612,,,1,,
rsa_pmeth.c_rsa_pmeth.c,pkey_rsa_ctrl,pkey_rsa_ctrl,0.770056085,0.989185274,0.7002603,0.726473582,,,,1,
ssl_lib.c_ssl_lib.c,SSL_get_shared_ciphers,SSL_get_shared_ciphers,0.547295253,0.398007333,0.6512747,0.725745816,,,,,1
rsa_pss.c_rsa_pss.c,RSA_verify_PKCS1_PSS_mgf1,RSA_verify_PKCS1_PSS_mgf1,0.834018732,0.974501073,0.8884477,0.725278834,,,,1,
s3_both.c_ssl_both.c,ssl3_get_message,ssl3_get_message,0.621823015,0.96442759,0.80541486,0.724372382,,,,,1
a_d2i_fp.c_a_d2i_fp.c,asn1_d2i_read_bio,asn1_d2i_read_bio,0.843512513,0.989546955,0.7857215,0.717687719,,,,1,
rsa_sign.c_rsa_sign.c,int_rsa_verify,int_rsa_verify,0.333416521,0.975620866,0.8675827,0.717330548,,,,,1
v3_info.c_x509_info.c,i2v_AUTHORITY_INFO_ACCESS,i2v_AUTHORITY_INFO_ACCESS,0.831604963,0.265313506,0.7992307,0.716634594,,,,,1
x509.c_x509.c,x509_main,x509_main,0.815932133,0,0,0.716323954,,,,,
rsa_eay.c_rsa_eay.c,RSA_eay_private_encrypt,RSA_eay_private_encrypt,0.978277897,0.97763294,0.88500565,0.716084172,,1,,,
s3_srvr.c_ssl_srvr.c,ssl3_get_client_certificate,ssl3_get_client_certificate,0.678280607,0.992032528,0.7083322,0.71597212,,,,,1
asn_mime.c_asn_mime.c,mime_parse_hdr,mime_parse_hdr,0.886487162,0.978992641,0.87555724,0.715906884,,1,,,
gost2001.c_gostr341001.c,gost2001_do_verify,gost2001_do_verify,0.612955085,0.043812163,0.84046626,0.715259353,,,,,1
s3_pkt.c_ssl_pkt.c,do_ssl3_write,do_ssl3_write,0.172407978,0.984558642,0.7576286,0.714256656,,,,,1
rsa_pmeth.c_rsa_pmeth.c,pkey_rsa_keygen,pkey_rsa_keygen,0.899361147,0.40326336,0.90026623,0.714115116,,1,,,
t1_enc.c_t1_enc.c,tls1_setup_key_block,tls1_setup_key_block,0.241020265,0.275358289,0.7199491,0.713721557,,,,,1
ecs_ossl.c_ecs_ossl.c,ecdsa_do_sign,ecdsa_do_sign,0.882271241,0,0.8693492,0.713508845,,,,1,
bf_buff.c_bf_buff.c,buffer_ctrl,buffer_ctrl,0.974574548,0.993304372,0.76024777,0.713122439,,,,1,
gost_pmeth.c_gost89imit_pmeth.c,pkey_gost_mac_ctrl,pkey_gost_mac_ctrl,0.797323451,0.874374747,0.7872536,0.710202592,,,,1,
d1_both.c_d1_both.c,dtls1_reassemble_fragment,dtls1_reassemble_fragment,0.802162571,0.980966806,0.87410486,0.710123372,,,,1,
ssl_lib.c_ssl_lib.c,SSL_new,SSL_new,0.571313924,0,0.86836874,0.709964744,,,,1,
bn_gf2m.c_bn_gf2m.c,BN_GF2m_mod_inv,BN_GF2m_mod_inv,0.90368198,0.985603511,0.91732776,0.709516252,,,,1,
s3_clnt.c_ssl_clnt.c,ssl3_get_server_hello,ssl3_get_server_hello,0.325670893,0,0.734241,0.705877735,,,,,1
ec2_oct.c_ec2_oct.c,ec_GF2m_simple_point2oct,ec_GF2m_simple_point2oct,0.916871512,0.95685631,0.8363957,0.704873294,,,,1,
t1_enc.c_t1_enc.c,tls1_export_keying_material,tls1_export_keying_material,0.442950936,0.761044502,0.89192915,0.7044725,,,,,1
x_x509.c_x_x509.c,x509_cb,x509_cb,0.996420748,0.359677881,0.6700768,0.704100699,,1,,,
verify.c_verify.c,verify_main,verify_main,0.590834298,0,0,0.703418583,,,,,
s3_clnt.c_ssl_clnt.c,ssl3_get_cert_status,ssl3_get_cert_status,0.47888313,0.527137935,0.7866965,0.702805059,,,,,1
a_int.c_a_int.c,c2i_ASN1_INTEGER,c2i_ASN1_INTEGER,0.922095887,0.986765742,0.8248262,0.701755305,,,,1,
dsa.c_rsa.c,dsa_main,rsa_main,0.237686031,0,0,0.699999745,,,,,
dsa_ossl.c_dsa_ossl.c,dsa_sign_setup,dsa_sign_setup,0.94891527,0,0.86311007,0.699603629,,,,,1
bn_exp.c_bn_exp2.c,BN_mod_exp_mont,BN_mod_exp2_mont,0.832456781,0.989116609,0.8738192,0.699252928,,,,,1
bio_b64.c_bio_b64.c,b64_read,b64_read,0.956944109,0.994811535,0.84741783,0.698060563,,1,,,
ocsp_cl.c_ocsp_cl.c,OCSP_request_sign,OCSP_request_sign,0.95786034,0.243167624,0.8361271,0.695890473,,,1,,
pkcs12.c_pkcs12.c,dump_certs_pkeys_bag,dump_certs_pkeys_bag,0.911730675,0.909890175,0.8725542,0.695687315,,,1,,
x509_vfy.c_x509_vfy.c,X509_STORE_CTX_init,X509_STORE_CTX_init,0.95322633,-0.187731639,0.65639734,0.693861278,,,,1,
n_pkey.c_n_pkey.c,i2d_RSA_NET,i2d_RSA_NET,0.981594174,0.744903564,0.89097446,0.693575416,,,,1,
rc2cfb64.c_rc2ofb64.c,RC2_cfb64_encrypt,RC2_ofb64_encrypt,0.863292373,0.626744628,0.8119429,0.692519848,,,,,1
s3_clnt.c_ssl_clnt.c,ssl3_check_cert_and_algorithm,ssl3_check_cert_and_algorithm,0.913029887,0.336325467,0.77779424,0.692239978,,,,1,
i_cfb64.c_i_ofb64.c,idea_cfb64_encrypt,idea_ofb64_encrypt,0.753136136,0.705936313,0.77753574,0.692082991,,,,,1
s2_clnt.c_ssl_clnt.c,ssl2_connect,ssl3_connect,0.538519051,0.9995296,0.822258,0.692038076,,,,,1
dsaparam.c_dsaparam.c,dsaparam_main,dsaparam_main,0.832937254,0,0,0.690157515,,,,,
dh_key.c_dh_key.c,generate_key,generate_key,0.934565121,0.952627361,0.8293566,0.688127255,,,,,1
s2_srvr.c_ssl_srvr.c,ssl2_accept,ssl3_accept,0.492192952,0,0.838486,0.685027975,,,,,1
s_server.c_s_server.c,sv_body,sv_body,0.451226341,0.987161338,0.95257163,0.684789885,,,,,1
ts_rsp_verify.c_ts_rsp_verify.c,int_TS_RESP_verify_token,int_TS_RESP_verify_token,0.992373681,0.644207478,0.8876684,0.684571579,,,1,,
ecp_oct.c_ecp_oct.c,ec_GFp_simple_point2oct,ec_GFp_simple_point2oct,0.916003766,0.957343698,0.83654374,0.683379636,,,,1,
ssl_lib.c_ssl_lib.c,SSL_CTX_new,SSL_CTX_new,0.666777764,0.829595506,0.87506914,0.683140116,,,,1,
passwd.c_passwd.c,passwd_main,passwd_main,0.683076786,0,0,0.683014516,,,,,
d1_pkt.c_d1_pkt.c,dtls1_get_record,dtls1_get_record,0.545194185,0.984922051,0.71497977,0.682052753,,,,,1
gost_ameth.c_gostr341001_ameth.c,pub_decode_gost01,pub_decode_gost01,0.40166401,0.473740637,0.8655907,0.681532291,,,,,1
d1_pkt.c_d1_pkt.c,do_dtls1_write,do_dtls1_write,0.198624064,0.603309095,0.7862367,0.680206841,,,,,1
tasn_dec.c_tasn_dec.c,asn1_d2i_ex_primitive,asn1_d2i_ex_primitive,0.983970384,0.940583408,0.9003312,0.675225656,,,,1,
s3_srvr.c_ssl_srvr.c,ssl3_send_certificate_request,ssl3_send_certificate_request,0.602110797,0.163190156,0.62845993,0.674974312,,,,,1
dhparam.c_dhparam.c,dhparam_main,dhparam_main,0.805465936,0,0,0.674750393,,,,,
d1_both.c_d1_both.c,dtls1_retransmit_message,dtls1_retransmit_message,0.715525987,0.786340952,0.82622343,0.67436955,,,,1,
n_pkey.c_n_pkey.c,d2i_RSA_NET,d2i_RSA_NET,0.979136492,0.537911355,0.61410826,0.673930321,,,1,,
ssl_lib.c_ssl_lib.c,SSL_free,SSL_free,0.566406104,0,0.87558806,0.673924448,,,,1,
t_crl.c_t_crl.c,X509_CRL_print,X509_CRL_print,0.853614456,0.716142833,0.7844675,0.671728698,,,,1,
req.c_req.c,req_main,req_main,0.755918049,0,0,0.671718877,,,,,
rsa_pss.c_rsa_pss.c,RSA_padding_add_PKCS1_PSS_mgf1,RSA_padding_add_PKCS1_PSS_mgf1,0.884544198,0.984831452,0.89447355,0.66839933,,1,,,
p_sign.c_p_sign.c,EVP_SignFinal,EVP_SignFinal,0.941354544,0.368597358,0.89220065,0.666957854,,,1,,
prime.c_prime.c,prime_main,prime_main,0.822708331,0,0,0.665167482,,,,,
dh.c_dh.c,dh_main,dh_main,0.6797309,0,0,0.66501599,,,,,
c_cfb64.c_c_ofb64.c,CAST_cfb64_encrypt,CAST_ofb64_encrypt,0.811731864,0.627491832,0.85607547,0.744626808,1,,,,
p_verify.c_p_verify.c,EVP_VerifyFinal,EVP_VerifyFinal,0.970939296,0.608746648,0.86908406,0.662370774,,,1,,
a_mbstr.c_a_mbstr.c,ASN1_mbstring_ncopy,ASN1_mbstring_ncopy,0.840532379,0.984698296,0.8960212,0.661252426,,,,1,
rsautl.c_rsautl.c,rsautl_main,rsautl_main,0.757027026,0,0,0.660469005,,,,,
des_enc.c_des_enc.c,DES_ncbc_encrypt,DES_ncbc_encrypt,0.801279446,0,0,0.773598585,1,,,,
crl2p7.c_crl2p7.c,crl2pkcs7_main,crl2pkcs7_main,0.903265934,0,0,0.655598961,,,,,
d1_pkt.c_d1_pkt.c,dtls1_buffer_record,dtls1_buffer_record,0.443236194,0.654408336,0.84073585,0.654448219,,,,1,
nseq.c_nseq.c,nseq_main,nseq_main,0.928346008,0,0,0.653846661,,,,,
e_aes_cbc_hmac_sha1.c_e_aes_cbc_hmac_sha1.c,aesni_cbc_hmac_sha1_cipher,aesni_cbc_hmac_sha1_cipher,0.901287968,0.956122458,0.93956333,0.652042863,,,,1,
ofb64enc.c_cfb64enc.c,DES_ofb64_encrypt,DES_cfb64_encrypt,0.680446046,0.043185085,0.8704234,0.650628373,,,,,1
ofb64ede.c_cfb64ede.c,DES_ede3_ofb64_encrypt,DES_ede3_cfb64_encrypt,0.6615826,0.535197675,0.88247967,0.650023312,,,,,1
ssl_sess.c_ssl_sess.c,ssl_get_new_session,ssl_get_new_session,0.936186832,0.974926114,0.8765718,0.649885193,,,1,,
s3_srvr.c_ssl_srvr.c,ssl3_get_client_hello,ssl3_get_client_hello,0.552840809,0,0.7430844,0.649223185,,,,,1
tasn_enc.c_tasn_enc.c,ASN1_item_ex_i2d,ASN1_item_ex_i2d,0.820832682,0.982952058,0.698014,0.648738639,,,,,1
gendsa.c_genrsa.c,gendsa_main,genrsa_main,0.256901232,0,0,0.647862788,,,,,
x509_vfy.c_x509_vfy.c,internal_verify,internal_verify,0.575993534,0.987144649,0.7825082,0.647273173,,,,,1
bio_asn1.c_bio_asn1.c,asn1_bio_write,asn1_bio_write,0.996817705,0.899364471,0.8450254,0.646995101,,,,,1
ssl_lib.c_ssl_ciphers.c,ssl_bytes_to_cipher_list,ssl_bytes_to_cipher_list,0.47460873,0.040883131,0.5734106,0.646798511,,,,,1
s23_srvr.c_ssl_srvr.c,ssl23_get_client_hello,ssl3_get_client_hello,0.191756306,0.996962667,0.5352314,0.646635966,,,,,1
v3_alt.c_x509_alt.c,i2v_GENERAL_NAME,i2v_GENERAL_NAME,0.863863678,0.552054882,0.8289719,0.643943763,,,,,1
ec_mult.c_ec_mult.c,ec_wNAF_precompute_mult,ec_wNAF_precompute_mult,0.929359006,0.996574402,0.76698065,0.641658892,,,,1,
s3_clnt.c_ssl_clnt.c,ssl3_get_certificate_request,ssl3_get_certificate_request,0.733088646,0.979881167,0.77185106,0.641563822,,,,,1
bn_mont.c_bn_mont.c,BN_from_montgomery_word,BN_from_montgomery_word,0.89243299,0.972466528,0.8016313,0.640755272,,,1,,
s23_clnt.c_ssl_clnt.c,ssl23_connect,ssl3_connect,0.588156993,0,0.80634725,0.640390853,,,,,1
bf_ofb64.c_bf_cfb64.c,BF_ofb64_encrypt,BF_cfb64_encrypt,0.877179547,0.613069534,0.86565864,0.63965769,,,,,1
c_ofb64.c_c_cfb64.c,CAST_ofb64_encrypt,CAST_cfb64_encrypt,0.87679171,0.342568427,0.86565864,0.63965769,,,,,1
xcbc_enc.c_xcbc_enc.c,DES_xcbc_encrypt,DES_xcbc_encrypt,0.789233457,0,0,0.787756852,1,,,,
v3_sxnet.c_x509_sxnet.c,SXNET_add_id_INTEGER,SXNET_add_id_INTEGER,0.999916009,0.899347723,0.8548908,0.63611357,,,1,,
ca.c_ca.c,unpack_revinfo,unpack_revinfo,0.992717216,0.990662515,0.86407846,0.635405558,,1,,,
s3_srvr.c_ssl_srvr.c,ssl3_send_newsession_ticket,ssl3_send_newsession_ticket,0.614557628,0.795301497,0.7752376,0.633035215,,,,,1
pkcs7.c_pkcs8.c,pkcs7_main,pkcs8_main,0.13310554,0,0,0.631900617,,,,,
sess_id.c_sess_id.c,sess_id_main,sess_id_main,0.812756943,0,0,0.631610837,,,,,
set_key.c_set_key.c,DES_set_key_unchecked,DES_set_key_unchecked,0.783077491,0.553409636,0.8807965,0.855485555,1,,,,
s_client.c_s_client.c,s_client_main,s_client_main,0.548661417,0,0,0.630346602,,,,,
pkcs7.c_pkcs7.c,pkcs7_main,pkcs7_main,0.851857849,0,0,0.629965374,,,,,
dgst.c_dgst.c,dgst_main,dgst_main,0.64289323,0,0,0.62969373,,,,,
ca.c_ca.c,make_revocation_str,make_revocation_str,0.708527266,0.818173468,0.839655,0.629180176,,,,1,
ecparam.c_ecparam.c,ecparam_main,ecparam_main,0.887398504,0,0,0.629124499,,,,,
e_aes.c_e_aes.c,aes_gcm_ctrl,aes_gcm_ctrl,0.782465885,0.972459376,0.74396324,0.628350181,,,,1,
ca.c_ca.c,do_revoke,do_revoke,0.866671391,0.971963584,0.6912477,0.627387652,,,,1,
ec.c_enc.c,ec_main,enc_main,0.126296041,0,0,0.624831967,,,,,
pkcs12.c_pkcs12.c,pkcs12_main,pkcs12_main,0.83625028,0,0,0.623303974,,,,,
asn1pars.c_asn1pars.c,asn1parse_main,asn1parse_main,0.888964921,0,0,0.622272324,,,,,
rsa.c_rsa.c,rsa_main,rsa_main,0.824978237,0,0,0.62148637,,,,,
d1_both.c_d1_both.c,dtls1_buffer_message,dtls1_buffer_message,0.945479699,0.243931711,0.84847265,0.618782016,,,,1,
gost_ameth.c_gostr341001_ameth.c,pub_encode_gost01,pub_encode_gost01,0.66676431,0,0.80886364,0.612529825,,,,,1
ocsp.c_ocsp.c,ocsp_main,ocsp_main,0.63083159,0,0,0.610441261,,,,,
pkcs8.c_pkcs7.c,pkcs8_main,pkcs7_main,0.101294396,0,0,0.608848965,,,,,
s3_both.c_ssl_both.c,ssl3_output_cert_chain,ssl3_output_cert_chain,0.126702814,0.722664475,0.5731879,0.606498158,,,,,1
tasn_fre.c_tasn_fre.c,asn1_item_combine_free,asn1_item_combine_free,0.674173166,0.980553329,0.8277265,0.603126506,,,,,1
p12_mutl.c_p12_mutl.c,PKCS12_gen_mac,PKCS12_gen_mac,0.995056193,0.705552995,0.7781432,0.601455624,,,,1,
rc2ofb64.c_rc2cfb64.c,RC2_ofb64_encrypt,RC2_cfb64_encrypt,0.849542128,0.658451259,0.80372244,0.600000677,,,,,1
i_ofb64.c_i_cfb64.c,idea_ofb64_encrypt,idea_cfb64_encrypt,0.737694133,0.218537241,0.811252,0.599153581,,,,,1
pkcs8.c_pkcs8.c,pkcs8_main,pkcs8_main,0.810819257,0,0,0.598982385,,,,,
asn_mime.c_asn_mime.c,SMIME_read_ASN1,SMIME_read_ASN1,0.993077885,0.912798762,0.7204473,0.594649807,,,1,,
gcm128.c_gcm128.c,CRYPTO_gcm128_setiv,CRYPTO_gcm128_setiv,0.97778376,0.781696677,0.6304581,0.591800702,,,,,1
rand.c_rand.c,rand_main,rand_main,0.652033567,0,0,0.589426075,,,,,
spkac.c_spkac.c,spkac_main,spkac_main,0.862750985,0,0,0.589103356,,,,,
ssl_cert.c_ssl_cert.c,ssl_cert_dup,ssl_cert_dup,0.730856228,0.970833898,0.9214517,0.584838994,,,,1,
s3_srvr.c_ssl_srvr.c,ssl3_send_server_hello,ssl3_send_server_hello,0.160155564,0.152409479,0.59039146,0.582829616,,,,,1
dsa.c_dsa.c,dsa_main,dsa_main,0.840855448,0,0,0.579578177,,,,,
cfb64ede.c_cfb64ede.c,DES_ede3_cfb64_encrypt,DES_ede3_cfb64_encrypt,0.781029724,0,0,0.793448253,1,,,,
ec_lib.c_ec_lib.c,EC_GROUP_copy,EC_GROUP_copy,0.990312584,0.891564786,0.8085702,0.57164657,,1,,,
cms_env.c_cms_env.c,cms_EnvelopedData_init_bio,cms_EnvelopedData_init_bio,0.883708365,0.004833431,0.6777045,0.566929065,,,,1,
ciphers.c_ciphers.c,ciphers_main,ciphers_main,0.27376181,0,0,0.56669843,,,,,
ec.c_ec.c,ec_main,ec_main,0.886857568,0,0,0.551023291,,,,,
ssl_asn1.c_ssl_asn1.c,d2i_SSL_SESSION,d2i_SSL_SESSION,0.512759085,0.995469868,0.7539116,0.550370085,,,,,1
hmac.c_hmac.c,HMAC_Init_ex,HMAC_Init_ex,0.926724595,0.099957161,0.8896775,0.547430382,,1,,,
s3_srvr.c_ssl_srvr.c,ssl3_get_cert_verify,ssl3_get_cert_verify,0.344111584,0.996069789,0.8167844,0.54516665,,,,,1
genpkey.c_genpkey.c,genpkey_main,genpkey_main,0.48111156,0,0,0.541897193,,,,,
rsa.c_dsa.c,rsa_main,dsa_main,0.242403936,0,0,0.534006418,,,,,
gendh.c_gendh.c,gendh_main,gendh_main,0.85336937,0,0,0.533547653,,,,,
txt_db.c_txt_db.c,TXT_DB_write,TXT_DB_write,0.780881589,0.803824127,0.90836823,0.836617768,1,,,,
pkeyutl.c_pkeyutl.c,pkeyutl_main,pkeyutl_main,0.665398401,0,0,0.527337303,,,,,
cfb64ede.c_ofb64ede.c,DES_ede3_cfb64_encrypt,DES_ede3_ofb64_encrypt,0.73377126,0.57610321,0.81053007,0.742589452,1,,,,
s3_lib.c_s3_lib.c,ssl3_choose_cipher,ssl3_choose_cipher,0.701549117,0.747644365,0.82991946,0.503115966,,,,,1
bio_cb.c_bio_cb.c,BIO_debug_callback,BIO_debug_callback,0.874188475,0.569516659,0.81523323,0.50301429,,,,,1
gendsa.c_gendsa.c,gendsa_main,gendsa_main,0.819009357,0,0,0.497816954,,,,,
s_server.c_s_server.c,s_server_main,s_server_main,0.566251872,0,0,0.49728085,,,,,
tasn_fre.c_tasn_fre.c,ASN1_primitive_free,ASN1_primitive_free,0.913937931,0.249089316,0.7986528,0.493119876,,,1,,
genrsa.c_genrsa.c,genrsa_main,genrsa_main,0.794199337,0,0,0.492735575,,,,,
b_sock.c_b_sock.c,BIO_get_accept_socket,BIO_get_accept_socket,0.267055881,0.92654711,0.78307724,0.474115304,,,,,1
ssl_lib.c_ssl_lib.c,SSL_CTX_free,SSL_CTX_free,0.693131586,0.155209646,0.9113981,0.474009101,,,,1,
e_aes_cbc_hmac_sha1.c_e_aes_cbc_hmac_sha1.c,aesni_cbc_hmac_sha1_ctrl,aesni_cbc_hmac_sha1_ctrl,0.989868875,0,0.862771,0.463043365,,1,,,
ssl_ciph.c_ssl_ciph.c,ssl_create_cipher_list,ssl_create_cipher_list,0.845285879,0.803147912,0.9043443,0.458777813,,,,,1
genrsa.c_gendsa.c,genrsa_main,gendsa_main,0.249544379,0,0,0.416792205,,,,,
cfb64ede.c_cfb64ede.c,DES_ede3_cfb_encrypt,DES_ede3_cfb_encrypt,0.715036575,0.97367841,0.8940715,0.662645638,1,,,,
enc.c_ec.c,enc_main,ec_main,0.120664909,0,0,0.412191768,,,,,
s3_lib.c_s3_lib.c,ssl3_clear,ssl3_clear,0.263306214,0.075922973,0.76722646,0.368945294,,,,,1
d1_both.c_d1_both.c,dtls1_get_message,dtls1_get_message,0.826321011,0.541497946,0.6226673,0.348192923,,,,1,
by_file.c_by_file.c,X509_load_cert_crl_file,X509_load_cert_crl_file,0.958363153,0.783294499,0.87377954,0.315643803,,,1,,
v3_purp.c_x509_purp.c,x509v3_cache_extensions,x509v3_cache_extensions,0.912615853,0.99600786,0.8149221,0.220026357,,,,1,